snapshot_id,query,published,publisher,headline,link,article_kind,institution_id,institution_title,matched_name,attribution_basis,town_corroborated,anonymised,status
2026-09-03-news-v1,不當對待,2026-04-14,UDN,拍打、利剪…新北私立幼兒園涉不當對待幼童 裁罰2人 - UDN,https://news.google.com/rss/articles/CBMiUEFVX3lxTE96MjNPNXFQXy1xa3lrcXlQcmN5cHptSHRxWkFLUUprV1MyTU5lSFZjVnF2U3NIUmQ2bmxlM0s0NlR0UjJJSEU2UUF6Q1JRTjJC0gFWQVVfeXFMT19SOUR1dFBld1Q3bXhObW1taUJLcVo4VDNfVFBESkl2RUZjekdCNUpvSlZRZy0zbFNxd0RzS0s4MWoyVDZKSlltNTB1eWQ5bnNlYjVHSkE?oc=5,incident,,,,標題未以機構名稱形式出現可辨識名稱,0,0,待人工研判
2026-09-03-news-v1,不當對待,2026-04-10,facebook.com,【新北幼兒園涉虐童「檢方聲押禁見」 法院裁定園長5萬元交保】 （#大表哥） - facebook.com,https://news.google.com/rss/articles/CBMirwNBVV95cUxPZ21VREFXeGVPMkFmUzkyd2ctUWUwTktVTE1PZXE5MC1ETTRfV2V4ZG9VbmxWQnJrMW5CN1pHdlo2bUlraG84Y3BMR0p4V1VWdUQ4enAwRnVtaG84WU5RUHUwRGY0bFVwTzVoSFhEWnBkQkVncnFuTWp3X3BvZUphMzR3NWloOHJLV3d3bWU1dk1ySVdaVFRncEZubzFLUFpKTmJOWHNJOXdXRldsNjBaS3RONEo1T1ZCLXFpNlM0cmpRQ1hlTHlEcEpOeEdObGxvU1Z6LXU2empWY0M5NTBFYUt1TmR6alZoOW44RGxROWhBd3B6d3huclRvXzA0RkZRWUNEY1FPUjloeVhMVzdIeGhzREVfUEFlNWlJZG9kNGJzWVBMSWZndnB3NlZFSmVmLVdUa3hTeXVob0lSRHM2dDd3NlpoREstdktueXNCbnNhOC1NTnNtWW1YSklNb0ZPUHk5TEJQNllib0wzM0pMUEVOM0dZdTI0ckdMaFJxdEIzVlY1RHlHclJGVEtxdjRnRF8yV1dhYnY1bUNhZk1rMTNqRHJQSzl1Z0Exdzh1RQ?oc=5,incident,,,,標題未以機構名稱形式出現可辨識名稱,0,0,待人工研判
2026-09-03-news-v1,不當對待,2026-04-14,mababy.com,新北幼兒園虐童，多為語言較弱兒！2歲男童遭拍打、利剪驚嚇，孩子拒學、 夜驚多注意 - mababy.com,https://news.google.com/rss/articles/CBMiXEFVX3lxTE02Q3c3bHBBVEdhTXFmd0lvU1ptRmxEZ3c5QmREeG90OTFBTlVlckpmZTdoUmxoTGx0MnBHQkVJWGJUczhGSlVnZHdtRXdyUG0xYkpWSkJ3V3FtZUY2?oc=5,incident,,,,標題未以機構名稱形式出現可辨識名稱,0,0,待人工研判
2026-09-03-news-v1,不當對待,2026-04-19,台視全球資訊網,爆虐童遭開罰！ 新莊吉尼爾幼兒園最重恐停辦 - 台視全球資訊網,https://news.google.com/rss/articles/CBMifEFVX3lxTE9aYzJiTTlVZ2g5MWlwUmRDUmU0eXd5b1NtaEFSQWhzMHVlVmtNdnRzblJBNy1EODh1YjB3M01WTGhuTkJZQkNydXhTYTNUbEM1eXJRY0F0R3p0Q29lLTRvS3J4eUZreFJ3a0xrcVhBRkNBek5OMFJGV1hqdS0?oc=5,incident,4273705a-5297-4025-a88b-f133cf5f6bca,新北市私立吉尼爾幼兒園,吉尼爾,標題以機構名稱形式出現可辨識名稱,1,0,待人工研判
2026-09-03-news-v1,不當對待,2026-01-21,news.pts.org.tw,新北鶯歌私幼逼童脫衣擦地 教育局：2涉案人員已離職 - news.pts.org.tw,https://news.google.com/rss/articles/CBMiT0FVX3lxTE8tZDM1ZGhGUFpfN0hKU3BUOHJPdlFxdVo0bWhYcDIwcjBVWXVvR1plMS1BdTAyQVJTUVRvdm55cXF4OXJsY1ZSVVhfZ1FfYk0?oc=5,unclear,,,,標題未以機構名稱形式出現可辨識名稱,0,0,待人工研判
2026-09-03-news-v1,不當對待,2026-04-24,勁報,新北市私立吉尼爾幼兒園不當對待案件說明 教育局：6人遭處分、最重終身列管 - 勁報,https://news.google.com/rss/articles/CBMiYEFVX3lxTE1PVVZ5Mi0tTzNuRzJ2bUlrVlN1ZXdJYTBQTVBlUmFtazJSYUdrMUtlZnNJdEFPRDRzdzk2RHBLaUVIMnJiZFNScnhCdTlIMEdsSlBSTjZ6Qm5qQ1VrZFFfbw?oc=5,incident,,,,標題提及其他縣市（北市），不予歸屬,0,0,待人工研判
2026-09-03-news-v1,不當對待,2026-01-22,自由時報,新北幼兒園被爆4天虐童50次 林月琴：放任無照教保員進班「20年」 - 自由時報,https://news.google.com/rss/articles/CBMiZEFVX3lxTE1yQzNldU1OTVhTODc4eUhvR05XeHJ6NWFwVC1iSmRUSEcxRFNwVXVCUEdTTEZZTy04R1VjenRjbWo4WDNTTGhnYjF4ZG8wTzJ2aDVZT29kV3ZUUjRMY0hzckN0QnU?oc=5,incident,,,,標題未以機構名稱形式出現可辨識名稱,0,0,待人工研判
2026-09-03-news-v1,不當對待,2026-04-13,mombaby.com.tw,新莊幼兒園爆不當對待！群組要老師「動作輕點、檢查書包是否有錄音筆」教育局重罰並擬勒令停辦 - mombaby.com.tw,https://news.google.com/rss/articles/CBMiVkFVX3lxTE1RT3ZJV0xNT21HMkdlOVBlYnhOOE53VUFVU0VKY2VPZE9jNDdlV29kblFOc1U3MXFPQ2Z2VVNBV1Q5cDVuQVZobmtOM0lxeUtlWExKRGhB?oc=5,incident,,,,標題未以機構名稱形式出現可辨識名稱,0,0,待人工研判
2026-09-03-news-v1,不當對待,2026-04-24,tw.news.yahoo.com,新莊幼兒園爆虐童！6師施暴拍打、剪刀嚇童遭處分 園方罰30萬停招1年 - tw.news.yahoo.com,https://news.google.com/rss/articles/CBMioANBVV95cUxPU3NxRHJQd2xJajZqMjBXNWZsSjhYaDliZ0x2MlgzWkhWS1hsOWN5dVlrZUdnVE1pS2tmb0d0TXpVaGNjTTMxLTdBcnA5aDZuNlNBdllCMm1ha0JmdWl4MG9XNTJ4RkhZZjBkaU0yVkx1UXJ6amZHM3Q0RFF3S1BHZW9YOEZhWEFpaDZveW1ITThGWG5HSVdnTGk4bUpTbnI1MlllYWhvcm9fR0pNbnMwQmR4MXd1N1B5cGFKal9hZHhZcVdCN3JTekRoRkEzQld1cFpkb1BzTEF1OG5sYldLTjZZekEweXNnUG0yQ2x5Nk0yVU40dUs2SkNSMDlIcDdJQVl6RzRuenphY3RHMmxYcjJqODNLRlU5MlNDb3UxYXVVemoyQzd2TXEybzJlZmkxWmJWTV9nVS1ZeWpCMlA4VVZsR3RGZmVteldlbS1KMXRiYUFxZFhHWk8tTGoxV3pUOEdDUjFFU1d1anp6S1dYZmZOZkEta0MwOTd0YVdhTkNKMTJqMDFjSHdxWHA5U2JhV3BUM2RYWlNJZDhONm5Hdg?oc=5,incident,,,,標題未以機構名稱形式出現可辨識名稱,0,0,待人工研判
2026-09-03-news-v1,不當對待,2026-01-22,ETtoday新聞雲,當沙包？新北幼兒園狠師4天踢踹幼童50次　家長痛批教育局避重就輕 - ETtoday新聞雲,https://news.google.com/rss/articles/CBMiXkFVX3lxTE1GMDdOdVdZZjI5OVc0bE1hbXRpYnpfTVRsLVdzTno1b2lFcFRQajFLczQzU0dYQmJmREpubTNYQmZCcS1keTA4TzE5V2dXNi1vRzRTdDRPRW5yR0c5UnfSAUtBVV95cUxPYTQ3TVVWdzdLRGM4NkQwUWNuQjdBdnR0NWlBREhydHVyUll2U004SWlXRlQxTXotNTBqV2w3WG1nTm9ORmFfTnRyLWc?oc=5,unclear,,,,標題未以機構名稱形式出現可辨識名稱,0,0,待人工研判
2026-09-03-news-v1,不當對待,2026-04-11,TVBS新聞網,影音／板橋某幼兒園驚爆虐童！園長「強扯女童衣褲」 5萬交保 - TVBS新聞網,https://news.google.com/rss/articles/CBMiT0FVX3lxTE00b3VzeTBGTkpJUXEzLXNSWmJ1Y0dqTmpWYXVmVDNXRzFIbHVwM0xnUFA5b25BdEFhTGhFazJWWjNRdXdWZXZnRXZLRFhDN1k?oc=5,incident,,,,報導刻意匿名，不予歸屬,0,1,待人工研判
2026-09-03-news-v1,不當對待,2026-01-22,造咖,新北土城幼兒園爆虐童！把孩童當沙包踢踹，裁罰多次仍營業 - 造咖,https://news.google.com/rss/articles/CBMiVEFVX3lxTE1EM2VGVERMeWU4LTRhMlRZd3k2VzQwZjdUUVY4ejROYkdKdGdTZW1kTUVYUzA1QXBad250N0x3TWEtMEx2RHBKN1BFLUtjOGx3NnZZbw?oc=5,incident,,,,標題未以機構名稱形式出現可辨識名稱,0,0,待人工研判
2026-09-03-news-v1,不當對待,2026-01-22,中天新聞網,新北幼兒園劣師4天虐童50次 家屬痛批「把幼童當沙包」 - 中天新聞網,https://news.google.com/rss/articles/CBMiU0FVX3lxTE1wQ24tRWVxa0IxZV9tZng1VGJaNk9jRUNzZHBqUWNsR1NodS13UHptSENiZ3haZ1BWT1NaRW9aVW9ndk9zemtIdWx0enA3emF2QVpB?oc=5,incident,,,,標題未以機構名稱形式出現可辨識名稱,0,0,待人工研判
2026-09-03-news-v1,不當對待,2026-01-22,知新聞,連續虐童！土城連鎖幼兒園師4天踢踹50次 家長控把幼童當沙包 - 知新聞,https://news.google.com/rss/articles/CBMib0FVX3lxTE8tcWNhUjNHb2ZyMEV0OW1XbEVVNTUtUWpYYTBJcE9MX1RsOXp2QmNUQjQ5amxHT0pCUFk3dmNtOGNQYmlKOTFTZzUyZHZ2SlpoaTVFNzZlc2dJWjdER2hBd24weXlyVUhYVmFnak9Ydw?oc=5,incident,,,,標題未以機構名稱形式出現可辨識名稱,0,0,待人工研判
2026-09-03-news-v1,不當對待,2026-04-14,蕃新聞,拍打、拖行！新北私立幼兒園涉不當對待幼童 裁罰2人 - 蕃新聞,https://news.google.com/rss/articles/CBMiUkFVX3lxTE5ESFBpNFkwRGwybF9MRU82NzFpc2RVZWFXQnBZTnVKSEZCM1RaUkxqYndwVE9lUlhOVGRWTTQxNVRBdGhfSXNncWpPNWhzV1VadkE?oc=5,incident,,,,標題未以機構名稱形式出現可辨識名稱,0,0,待人工研判
2026-09-03-news-v1,不當對待,2026-01-22,news.pts.org.tw,土城某幼兒園師涉虐童 4天內踢踹、拉扯50多次 - news.pts.org.tw,https://news.google.com/rss/articles/CBMiT0FVX3lxTE1Eam90OXBaVWUwZ2ZYWGdEZHVRNmRtTThBbGFaMERkS2lwS1hITjVVanp1MXB4anMwNTdvMFh6SFhCNnZsYXUwcURJRHBsTVk?oc=5,incident,,,,報導刻意匿名，不予歸屬,0,1,待人工研判
2026-09-03-news-v1,不當對待,2026-04-13,UDN,新莊幼兒園遭控不當對待 園方回應：監視器爭議未釐清 - UDN,https://news.google.com/rss/articles/CBMiUEFVX3lxTE5aRTNzVklHTmNNd3ZTMVhyQ2c1NFNRS0g1N2tWVmk0dE1oamttTnQtVmhqcV93ZVBQa0lqODl4UTRWM3NkRDR6a1dBTmlub3E30gFWQVVfeXFMUDV3dXRCeHJ5V3dWSUFaemlHV1h6U0JDbi1GeG5acGc5VV9qLUowX1JfUWRrbnl2cnVobldfc2dlU1NUdWxaclU4UlZfV2ZIUmRhd1JfLVE?oc=5,incident,,,,標題未以機構名稱形式出現可辨識名稱,0,0,待人工研判
2026-09-03-news-v1,不當對待,2026-01-22,tw.news.yahoo.com,「4天拉拽踹逾50次」土城幼兒園被爆虐童 家長怒轟「把幼童當沙包」 - tw.news.yahoo.com,https://news.google.com/rss/articles/CBMihwNBVV95cUxNa1BsOTJ4dWFXT2JQVkhsMlIybVF4b2k1cU5xWDhpMzM2dzJRQ0toTWVrOElLUWhiTnF1OWZQeDNQYVpvM0JDYnd5NnFFNGI0WTdRUU8yekNRNG5CSEd1UmFtcGR6M2xocEpsR2F6UWY4RC1qNkxsZHFndFVLVG5abnc5bW03cHJXMlBISzRZS0tjb2hELUQ0SF9HU2YtV0NOQVJWbC1RTVhXZTc5UGtweUpUYUc4YnNvODVmRVdqSUlvNVZuUi03LVh5cjAzTjl6Wl9jakNDaXptUy1tNHAxX3ZOaTYtbS02VTRQYk1HbTUzbVdpaWF0UFNLenRqa1I0b2hUWXVnN2NUUTRBc1dDa2ZjX0ZPRjJldlB5bC1hcFhYTGJ3cWFRdWdFS3hHVjVQdlVrb0hFLWc5YTQySS1xZnZxeGtvcnNMUGExeGp4MFJTekZHZVhLVmVZTjFpMkZNTGhiM2tjSW9fdXRLS2ctMGxVRG8xUGtlNVBsbFdUMmE1VVRqSTBJ?oc=5,incident,,,,標題未以機構名稱形式出現可辨識名稱,0,0,待人工研判
2026-09-03-news-v1,不當對待,2026-01-22,知新聞,新北連鎖幼兒園無照教保員虐5童！爆挨罰非首次 教育局全面清查10機構：最重廢止設立 - 知新聞,https://news.google.com/rss/articles/CBMib0FVX3lxTE1RWXc2TVZXM20xN1lwRVd5OVFsZVZfM2lwZmRCUDBNUHhhalNOdTBTMy1DT19FYUJhLWpaSlJlN0Y1UVRoMVZydTViNU0zdVRwQXB4T2lkeUtpREptb2lEQVctNXNLZUlNZmtha194RQ?oc=5,incident,,,,標題未以機構名稱形式出現可辨識名稱,0,0,待人工研判
2026-09-03-news-v1,不當對待,2026-04-13,UDN,2歲幼兒遭拍打拖行不當對待 家長配秘錄器蒐證、教育局開罰 - UDN,https://news.google.com/rss/articles/CBMiUEFVX3lxTE9QVHdnTF9iZVg3UjBJWTh4THVqVnBTLWwwYkNXYVVyV1FmRlBiWVlOYVpsdS1hUnhENlozZEd4RGNBSHZrZF8zVlRqUURuUVF20gFWQVVfeXFMTVBUcGJBczUtbzhfVzhjcUNUUWN4R0J5UVliNG5uTEtxQ0ZQMWVFMjhBaTBvcjMwLTFqZmJmdy1CeHliWThMV2d6clo1bWtLaDFweGJKSFE?oc=5,incident,,,,標題未以機構名稱形式出現可辨識名稱,0,0,待人工研判
2026-09-03-news-v1,不當對待,2025-10-30,中央社 CNA,新北幼兒園不當對待幼生2教保員勒令停職| 地方 - 中央社 CNA,https://news.google.com/rss/articles/CBMiX0FVX3lxTFBTMlJFQTNjeEpXUmpMTW1jQWd0TkxHRHYyVWhJZWhCSTRpYWJ2SUxzcHVKNVJ0bFBjM0N2WW5zeEszNWNnQi0zd3VXeXprVTVrV3B1TUtBNVVmRENlSVRZ?oc=5,incident,,,,標題未以機構名稱形式出現可辨識名稱,0,0,待人工研判
2026-09-03-news-v1,不當對待,2026-01-22,梅花新聞網,當沙包踢？新北爆幼兒園施暴 4天踢踹幼童逾50次、家長控教育局避重就輕 - 梅花新聞網,https://news.google.com/rss/articles/CBMiWEFVX3lxTE9oNkVySzVIQUtiaUNETUxveFpqQnFGX3l5OTJkQjVxS3J1V3FwcTVHd2pyTzNZVktHRWxIRDdBYWNjcldXVEdibThtblMxVlhUZGdQRDM5OVM?oc=5,unclear,,,,標題未以機構名稱形式出現可辨識名稱,0,0,待人工研判
2026-09-03-news-v1,不當對待,2026-04-10,LINE TODAY,影音／板橋某幼兒園驚爆虐童！園長「強扯女童衣褲」 5萬交保| TVBS - LINE TODAY,https://news.google.com/rss/articles/CBMiVkFVX3lxTFBkTHM5OWx0bmJpLXVhMWxTN0YyYmdJMU5sQTJxM2lEMEl3WW1HRml1aTB0LUxXNUhHaklQNnNQZDlHN1BaRTJ3LUpKUDFFSnVHMUJDOFR3?oc=5,incident,,,,報導刻意匿名，不予歸屬,0,1,待人工研判
2026-09-03-news-v1,不當對待,2026-04-10,tw.news.yahoo.com,新北「欣勵德幼兒園」涉當眾逼脫衣虐童 女園長5萬元交保怕曝光躲廁所 - tw.news.yahoo.com,https://news.google.com/rss/articles/CBMiqANBVV95cUxNZl9JWFRnanFHUmVvNjNmVHAxOXhuT3lyUkN2Y2xqeGVXWW1tWDgwTEw1MW1WMW94aXRxUWtSQ3pCU1hubDl0TzUycVA3OWRTUE5nQzNFaEFMQ3U3Mzhsb2s4dTFfUWZxTENiY2xPWDgyLWJWeEF5T01Ea0hUazZtYnhFV1NqeEFYV1pOWklNMnZndE5SbHVGM2RRTGt6OEhHT3RlOFAzY0IyUWlsTlBUMHVmNG5jVUNnSE5OeWVZYTA1YnhoUUFjbFh6ZFVuZkxLak0wdHJieFNFVlVVZUhLV0tfUldBUng2YTVSRkxCNl9xWURDaHZkYzA4NE5zZkM5akkwcG9QWEJEcE5FRjdCTTVnYXBrU0lWQXpiNDZqT2tjR1FUcWRwbjVpSUIwTDZGUzlBU2tUM3Bud212QjlpeEZqVWdPXzJvU1Jaa1p3R2c4OFRMR0FGX3hqWUFTc0tLN0N5WEplUVY2T3BzSl95M0hrUzVFWDU1YXl0M21LTlp0SDMteG5OeEttQ2lEbjlxby12cDZaM2ZranZwclRORVdYczcyZk5H?oc=5,incident,08917a82-ed8e-42ec-b59f-c2e756852234,新北市私立欣勵德幼兒園,欣勵德,標題以機構名稱形式出現可辨識名稱,0,0,待人工研判
2026-09-03-news-v1,不當對待,2025-10-17,中央社 CNA,新北私幼被控不當管教教育局：暫未達停職標準| 生活 - 中央社 CNA,https://news.google.com/rss/articles/CBMiX0FVX3lxTE5DaXYyX0VsMmo3UnNBNWhnelpUUzFYNXpZeGZmRFVSdDhzY2kweVZ5WWgtWERQdzhRc3pzOWZiNUJMcDRrbDIySEo3V0VQc3plRERNVnVEUzQ4S1A4c2FR?oc=5,unclear,,,,標題未以機構名稱形式出現可辨識名稱,0,0,待人工研判
2026-09-03-news-v1,不當對待,2026-04-10,自由時報,新北板橋欣勵德幼兒園涉不當對待家長控女兒遭當眾扯衣- 新北市 - 自由時報,https://news.google.com/rss/articles/CBMia0FVX3lxTE95N2I3RWp1bWVfUjlCY2Fxdk5pWGE1b1RhY1dhMUUyZDlvUkJuZ3VoVWVSVmRVN3NPYS14UlZLc3kxbkdtVEJMVGhTQ19raDRDTVBsV2RKenE1WXY5RDBqSW9jTllBN2NPNDdB?oc=5,incident,,,,標題提及其他縣市（北市），不予歸屬,0,0,待人工研判
2026-09-03-news-v1,不當對待,2026-06-19,中時新聞網,基隆幼兒園爆虐童！男童手臂大片瘀青 監視器揭至少3童受害 - 中時新聞網,https://news.google.com/rss/articles/CBMibkFVX3lxTE9CaFlNYURkY2xsajBRMUdlSGVfRWM2R1E5dy14WHNfWWNKR3k3NzdRZWd2WWxZYjBmR2h1ZVhlWFRyVFhCNlgtQnQ4S2YtM2F5TzZ0YmtzeW05OGw4VGZ1a2F3bHlVR3RnZW4zdnNn?oc=5,incident,,,,標題提及其他縣市（基隆），不予歸屬,0,0,待人工研判
2026-09-03-news-v1,不當對待,2026-07-24,TVBS新聞網,板橋幼兒園涉不當管教「強脫褲子、書本拍頭」 2教保員起訴 - TVBS新聞網,https://news.google.com/rss/articles/CBMiT0FVX3lxTE10VDh0eGJRT3RtZUdlZFdCeFBPc21IZGdJR2diV1I2R3ZjUlNYeXIybF81VV9FaHZ0WFptNnlhVUpEU3hXMDU4SHNDUXdLeFU?oc=5,unclear,,,,標題未以機構名稱形式出現可辨識名稱,0,0,待人工研判
2026-09-03-news-v1,不當對待,2026-01-22,知新聞,新北再增2公托！ 侯友宜聞幼兒園虐童連爆：絕不容忍 - 知新聞,https://news.google.com/rss/articles/CBMib0FVX3lxTE5YU1VXbXFHaG1TeWxyUGtSeHp5RGpDVDBJUE1HN3NZdXVNaUJwXzNYcl9hZ1dRcFpuZTB5LW1Zb1JCYWVsaUpRNzhkY01MREJNbkdnMkxqNWVJYnl5NmU3UWU4LUFyQmhxcFYybDctVQ?oc=5,incident,,,,標題未以機構名稱形式出現可辨識名稱,0,0,待人工研判
2026-09-03-news-v1,不當對待,2026-04-24,自由時報,教職員持剪刀嚇幼生 新莊私立吉尼爾幼兒園罰30萬、停招1年 - 自由時報,https://news.google.com/rss/articles/CBMiZEFVX3lxTFBVTlUxX2ZydGwwN1EtaUsxeFRKT3kwSDd6dDdTWkk0TzNmbzdxMnRId3UyUGFfX1AyN1dSVDFKQWRfLXBWeVhWWXhWQTJNNDF3VVVjTDFpNVRUQWdiYU5DSC1lOHrSAWpBVV95cUxONkJwNkZCMDU0U293OFVtQjFwZG9oTlpjLU1XUHp5eGItVmlSQ1dGWTN3RE0zbUh0SHlMLWJ2UE53TmVDbHotVUtiWWljdjhXMmhMMm1JN2d3a285LXZKMUo4WWM0UlNoWUt3?oc=5,unclear,4273705a-5297-4025-a88b-f133cf5f6bca,新北市私立吉尼爾幼兒園,吉尼爾,標題以機構名稱形式出現可辨識名稱,1,0,待人工研判
2026-09-03-news-v1,不當對待,2026-04-13,鏡週刊Mirror Media,幼兒園遭爆不當對待！教育局處分曝光 - 鏡週刊Mirror Media,https://news.google.com/rss/articles/CBMiXEFVX3lxTE9YeFhjaWdvd21HUWRVZzI3cDMzNUR6MGhMTE1haGZROHZzMUcyYUdRdEZuRmhibVcybGZOWU9QaG43Vmc5QUJiVWZMc3JmM3F0QXVMbWVUTndmWVJO0gFiQVVfeXFMTzJwOF9QN1pMMG9CTm5OMkk4VERzX2tnZXFxQUN3N0l0bkk1bXJKSTNYb3ZOV1RVelhUZllER013eTRMSnhBNHNqOUxVVFFpZlJBNkJhV01qNFVwaTFVYmRQWXc?oc=5,incident,,,,標題未以機構名稱形式出現可辨識名稱,0,0,待人工研判
2026-09-03-news-v1,不當對待,2026-04-24,中時新聞網,新北私幼爆虐童6人涉案 院方停招1年、教保員終身列管 - 中時新聞網,https://news.google.com/rss/articles/CBMibkFVX3lxTE9UQ0hUVWU1a3pQMTZqeENqaXoya3lwUFE3NFNOM1lPX1NFbEQxMzBSRGZGQmR4NW1STFFqSDdESlZ0Ql96dzEwRlI5Q2o4eWQ1NlZPQWhlYlFmdko2YUpTbkxOaE9laHdJenpRZEFB?oc=5,incident,,,,標題未以機構名稱形式出現可辨識名稱,0,0,待人工研判
2026-09-03-news-v1,不當對待,2026-01-29,TVBS新聞網,新莊幼兒園爆虐童！3師「全停職」 園方違規重罰12萬公布校名 - TVBS新聞網,https://news.google.com/rss/articles/CBMiT0FVX3lxTE52SWxOakZUWU1vajFzQWY2T3FzOURtTzRaSXE4ZDA3UkZjVXR0enh6Yk9INFM4LThrOWVrZlh6MTBtNzZReW9CNVgzVk00YjA?oc=5,incident,,,,標題未以機構名稱形式出現可辨識名稱,0,0,待人工研判
2026-09-03-news-v1,不當對待,2026-01-22,TVBS新聞網,新北連鎖幼兒園爆不當對待！ 侯友宜：絕不容忍 - TVBS新聞網,https://news.google.com/rss/articles/CBMiU0FVX3lxTE9tdTduLTZ3VzdkQjRIU0JqMENZbjZjWWw5LW43ZzU3ak9xd1hYN01rNG1mV3ltektXamQ4anM5Ml9LU0NmZGhlY29TQlVvekF5R3Zj?oc=5,incident,,,,標題未以機構名稱形式出現可辨識名稱,0,0,待人工研判
2026-09-03-news-v1,不當對待,2026-04-10,東森新聞,痛心畫面曝！幼兒園園長脫女童衣物 校名公布了 - 東森新聞,https://news.google.com/rss/articles/CBMiVkFVX3lxTFBGR1RhWUFiMFFSSmZKQ2NiX3FMTElkV092MFV3TTJBUERjSGd6RmlCYmpuSUVhRDYyMl9jRUtJZS1QMG4yMU9FR1p1T0xNMVY4aFVTeTJB?oc=5,unclear,,,,標題未以機構名稱形式出現可辨識名稱,0,0,待人工研判
2026-09-03-news-v1,不當對待,2026-04-11,獨家報導,板橋欣勵德幼兒園虐童案持續延燒：園長當眾脫衣羞辱 檢方裁定5萬元交保 - 獨家報導,https://news.google.com/rss/articles/CBMi3gJBVV95cUxNNmkxenFxTDE0ZmMxRjZiR3RmMzIya1V3UTE1Ul9zOEhvWXdkXy13bThWR2pPV3AxU1Fqa0VvLUtKOTdYUlZ1ZHNLNHZpaXo2Ym9NMENrZ2ZIVmc5U1FncUtYWmZLS2ZlUlk3ajZZcE1mNUlFWk5LdnhRdHdDNVpUbHNOakpVMFQwVjQ0aTlid1Z0Y3ZINDRfNzFWck1LdExpS3hNR3FQaGQ2ZHh2MXVONXZ1TVZNQjFwTlVtVURvMFVqQ3Z0cFZlM2F1S0VVWnZkU3hzTVZReTdCdVpKSEZ3S2xqb2FXZWN0emo1WGJOckVRY3VKc0dHdEhrY2ZzSDhmai03dGtycGRPaW9mc2hjMDZGQWQ4UmFyZVhpUG1xdUxwcHMxUTZpdGNIaHJZYWN1Z3BCZmo0WGtuMVV0MklrZ0RXeDY4dVA4emFNVEJZcVg0NlhBdkY3RGE0SkRxdw?oc=5,incident,08917a82-ed8e-42ec-b59f-c2e756852234,新北市私立欣勵德幼兒園,欣勵德,標題以機構名稱形式出現可辨識名稱,1,0,待人工研判
2026-09-03-news-v1,不當對待,2026-01-21,東森新聞,獨家／女童遭摀頭！教育局認定「虐童」竟只罰幼園6千 - 東森新聞,https://news.google.com/rss/articles/CBMiVkFVX3lxTE95UGZTbHItbHdsOTNIeGJXLTNqZjFtMUV5OXJDeWVleDNackZFT3lvZlBPQWR5dmNhXy14cldNYVhWTmRuMk1LeUZTRk10VDFWbG03ZUR3?oc=5,incident,,,,標題未以機構名稱形式出現可辨識名稱,0,0,待人工研判
2026-09-03-news-v1,不當對待,2026-04-10,東森新聞,板橋幼兒園傳虐童！園長強脫6歲女童衣 5萬元交保 - 東森新聞,https://news.google.com/rss/articles/CBMiVkFVX3lxTE1LNDRSZnBQUThPMWNxM3A4bnR4aFlVT09ldzNtR3F0bUctNno2Ml9VQ25yTGlQLUdRODVwV3VBU1VySVZNa2dpeGhuajl0NFI3WlNPRmtB?oc=5,incident,,,,標題未以機構名稱形式出現可辨識名稱,0,0,待人工研判
2026-09-03-news-v1,不當對待,2025-10-09,setn.com,YTR爆新北幼兒園虐童！律師示警5情況：別以為學費貴老師就把孩子當寶 - setn.com,https://news.google.com/rss/articles/CBMiSEFVX3lxTE1kTmNBWFpMVmg2Q1RzdG95eWFEXzJrTF9ubFptelpoSjhUUDcyM2VzYUJqTW42Wm5aRnJrdG55WnljRmJMZzVBSNIBTEFVX3lxTE0xRHEtMFZJVUJka04yTWNYeXJLbFE1TlNVUjBOYjdPU2d2Z3l2ZHE4WXd4V1F6blhPUnBJREVhOTJMUlNZNVlRMTBrSkU?oc=5,incident,,,,標題未以機構名稱形式出現可辨識名稱,0,0,待人工研判
2026-09-03-news-v1,不當對待,2026-04-13,中時新聞網,新莊幼兒園疑虐童！監視器畫面不完整惹議 園方致歉認疏失 - 中時新聞網,https://news.google.com/rss/articles/CBMibkFVX3lxTE1aQkVINS1DSDRfWlE3WGdwVVFpRS1tTFBxMTYyNWc4aDhmdTQ2Yy10YUVJV2NrQVRFQjBGUTJrTlpGYnl4N3BvRkx6UXFZYV9UNmVzWlRLVDJwRjJRbTMzNXBZZUk3dzNlcGNUejdR?oc=5,incident,,,,標題未以機構名稱形式出現可辨識名稱,0,0,待人工研判
2026-09-03-news-v1,不當對待,2026-04-10,蕃新聞,兒虐零容忍 劉美芳揭板橋幼園虐童黑幕 - 蕃新聞,https://news.google.com/rss/articles/CBMiUkFVX3lxTFAzWHF5eEQxT1YwR3pfSVdjRU9GY2poN0dETURyWXNDZVNhMDBiSmsyQkViME42bWQ5ZVloTzlVSVlKRUJFTkY0WFBPbkRSeWI1RWc?oc=5,incident,,,,標題未以機構名稱形式出現可辨識名稱,0,0,待人工研判
2026-09-03-news-v1,不當對待,2025-10-08,setn.com,新北雙語幼兒園爆膠帶封嘴、關黑屋虐童　教育局揭違法經營：即刻停業 - setn.com,https://news.google.com/rss/articles/CBMiSEFVX3lxTE5aMVI3TmgyLVRaeFhseFlrQ0hYalphbkRHVWwxTVJOSzY0TWdMeE9xMkozRkJvV09NMXEweWJ0RENjY29zRlhQSNIBTEFVX3lxTE1QN3lXUHNXdGhuWjFnV1pIT2tUaEdtc01IclllVGJ3b25TazROX3lJTG1BTHBNT2k5RmtzYmJYQm9tZzVXV3FSN2hfWHk?oc=5,incident,,,,標題未以機構名稱形式出現可辨識名稱,0,0,待人工研判
2026-09-03-news-v1,不當對待,2026-04-14,壹電視,新莊吉尼爾幼兒園不當管教！ 教育局出手「開罰39萬」 - 壹電視,https://news.google.com/rss/articles/CBMif0FVX3lxTE5STjc0cFBWTGNtb0lnTWlSTXhZSjB0ZG5wYU1uQVRTWGZ4U19PV0FmRkxTMXlRY1hwN1BvMHFDaGtOOFlGZXNwWVU2NmNHblRhamdLMU5QdkNMeGthb0pZbW9VbjRISmdISjlKelRCS3ZES3lSZU1PSDlqbmZfTms?oc=5,incident,4273705a-5297-4025-a88b-f133cf5f6bca,新北市私立吉尼爾幼兒園,吉尼爾,標題以機構名稱形式出現可辨識名稱,1,0,待人工研判
2026-09-03-news-v1,不當對待,2025-11-21,setn.com,新北公托爆勒脖、拍臉虐童　家長不滿司法輕縱暴力師僅判拘役30日 - setn.com,https://news.google.com/rss/articles/CBMiSEFVX3lxTE5QaTVwaTlWR19UWTY0MjdMSWtBa2xvakYzdU9nRVRKNTA0eEozNlIwWlZ4T0Fpazg1NXVISFFjQmxQWnkycVlKctIBTEFVX3lxTE45NEpFd0Q3QVdiTHY5RVhlQTRoVmxhNHJCVDRjbDlpZV9aZ184UkUtTFVBelM3MjFhWjEzc212ZkU4aVlDcVBoNUZzT0E?oc=5,incident,,,,標題未以機構名稱形式出現可辨識名稱,0,0,待人工研判
2026-09-03-news-v1,不當對待,2026-04-10,LINE TODAY,女童玩水弄濕同學褲子竟遭「當眾脫衣褲」懲罰板橋某私幼園長遭送辦| 上報 - LINE TODAY,https://news.google.com/rss/articles/CBMiVkFVX3lxTFBnaXF3QUFUQWpiRnd3Mi1ESVBDeWNLZTZPdDZuYzVjWXRXVVZYd0xYRTh0bTdBWWdwbElEaURzVkRFUlFwRzAwZ09kemxBNW4tQXZpclJ3?oc=5,unclear,,,,標題未以機構名稱形式出現可辨識名稱,0,0,待人工研判
2026-09-03-news-v1,不當對待,2025-10-17,中時新聞網,錄音檔曝體罰聲！新北私幼再傳不當管教 市府調查中 - 中時新聞網,https://news.google.com/rss/articles/CBMibkFVX3lxTE1mdkN6U1dodlVhck5oa2MyQ1pERUhEX0NWclJJeExSaGgtanpHWk10STFPR1AzbDF4RGdZajRwRjV3YjVTZ2xVTUtTZ1B1bXlwbXMzaWxpRDQtYjJXcXNtd1htQ2pTSENJQ0xqcHd3?oc=5,incident,,,,標題未以機構名稱形式出現可辨識名稱,0,0,待人工研判
2026-09-03-news-v1,不當對待,2025-10-17,TVBS新聞網,家長哽咽控幼兒園疑虐童！錄音曝「20秒打6次」 新北調查中 - TVBS新聞網,https://news.google.com/rss/articles/CBMiU0FVX3lxTE5EVGNWQ2ZUUk42aE1iMjFPX0kyeEVTc2tObmZ3M01tRmtwbmZfajFQV0VPc2l4TTlDRzJKSGZQNXlPRnhTaUIzWFVBMHBZRnVJTXpV?oc=5,incident,,,,標題未以機構名稱形式出現可辨識名稱,0,0,待人工研判
2026-09-03-news-v1,不當對待,2025-10-09,setn.com,林口雙語幼兒園「膠帶封嘴」虐童！老師全盤否認　將移送新北檢 - setn.com,https://news.google.com/rss/articles/CBMiSEFVX3lxTFBSbWJhclM5R194aVNNTWdRcGUzdm9sdDNaczFDcGY3RjQ1Y0tqOWoyU3M3UWE3UTNNa3hvQ2drQ1RFQ3c5WS0wdNIBTEFVX3lxTE5pMXJFMG1GYlhZX3g3bW5QNTFEc1FmaG95THRiSm9QblluenZFUkMtRDI1ZU9Sam5SanlXVmJpQ2M1b3F3TzF6dGE5c20?oc=5,incident,,,,標題未以機構名稱形式出現可辨識名稱,0,0,待人工研判
2026-09-03-news-v1,不當對待,2025-10-09,UDN,新北傳家長控幼兒園虐童 園方否認 - UDN,https://news.google.com/rss/articles/CBMiUEFVX3lxTE8tVFlIeGp1bllydW5qZjhNMnJycXR1cWpIdXNqbmZoVEdoVml0TnA5dFR2LVdKWG1CMDh1SE1OdTZ6WFZFQXl3c2JfUlY2MEVa0gFWQVVfeXFMTmNtUEcteDlONnlDX1paYlk3azRmWWdWNXMzOV92bW14S2kwQlAyVEluaS1lTHJuMUJRTHpURVYxaUw5akZieEY4NFNWWjZWeVlxMERwQWc?oc=5,incident,,,,標題未以機構名稱形式出現可辨識名稱,0,0,待人工研判
2026-09-03-news-v1,不當對待,2025-10-08,知新聞,林口雙語幼兒園爆虐童！遭控膠帶封嘴、關黑屋 教育局揭違法經營：即刻停辦 - 知新聞,https://news.google.com/rss/articles/CBMib0FVX3lxTE9LSkthc2lGazFVU0JrM3U1c2dyN0xVYjlnZXM3emFRdkdraXdEUFJGQWh2THZsMkp5OUt0TElrNzVCOXNtMWpKTXkyelJlRWloTUJqd0gzY01mbXAwOE5EQmFrY3ZNVWxVM2RHR1lhcw?oc=5,incident,,,,標題未以機構名稱形式出現可辨識名稱,0,0,待人工研判
2026-09-03-news-v1,不當對待,2026-01-21,TVBS新聞網,鶯歌幼兒園爆不當管教！逼當眾脫褲擦地板 教育局重罰16萬公告校名 - TVBS新聞網,https://news.google.com/rss/articles/CBMiT0FVX3lxTFBValRBT1hla19CdUNiM0pKSGhpeDV0SURCdjBRckw4UXdweDNHbmJZMTFINzd5dFIxZThMYWNlbG5TYVQxQ2ZIRU5FcFlWbk0?oc=5,unclear,,,,標題未以機構名稱形式出現可辨識名稱,0,0,待人工研判
2026-09-03-news-v1,不當對待,2026-04-13,TVBS新聞網,新莊吉尼爾幼兒園爆虐童！3教職員拍打+拖行 教育局重罰24萬 - TVBS新聞網,https://news.google.com/rss/articles/CBMiT0FVX3lxTFBTM2RFMW5mZmdOUlJIc3MzTmIxVmRvSjNPNzNCM1dIVG5fNGxEYjdKemQ3RmZfTEtkRDh2VmxkZkMwOXBpT1Voak9POGNBelE?oc=5,incident,4273705a-5297-4025-a88b-f133cf5f6bca,新北市私立吉尼爾幼兒園,吉尼爾,標題以機構名稱形式出現可辨識名稱,1,0,待人工研判
2026-09-03-news-v1,不當對待,2026-01-29,TVBS新聞網,新莊幼兒園爆虐童！2歲兒遭師「怒吼暴打10下」 家長見過程心碎 - TVBS新聞網,https://news.google.com/rss/articles/CBMiT0FVX3lxTE9HWWUwU3dwRVdtTWxrUUpRcmRza3VBa2pRMXFEcGswMzZabzUzMVFuUDFldGZxYlZJRkZaQnhDRkpPYldPYjd5T083b1R4WFU?oc=5,incident,,,,標題未以機構名稱形式出現可辨識名稱,0,0,待人工研判
2026-09-03-news-v1,不當對待,2025-10-09,tw.news.yahoo.com,林口傳幼教師虐童！新北議員爆出幼兒園名稱 - tw.news.yahoo.com,https://news.google.com/rss/articles/CBMiuAJBVV95cUxQVV9vV3BvVFFwdnJTY09QaHZBQXlWM2s4ZnJhOUNOTGlVLTdfc0p1eHp2ZnNGOGpSOV9VMWQ1b2ZUcUpyYVdkM21uQ1hwcHEybFhpLXBpMlJ0NW94VFpvalB3a044akVoTndrVVcybzhTZjNrQnAxX2VQMmtvZ1FjYWplVDlWNTZXWHN4cFB1T2FQYTBpa1NpemtUT3lGM0w4dWpoNER4XzhEYWlHVDZsX0FuQzMwUmZzd1owMHh1WXozdHlCN2FfVTJxdy04enU5SDY5bnJhOFJSMFdEejQzQjBmZHBlbjJ1OTQ2aEZGczZyQ2Y3TFlMUnJQR0o3S3dvckZJSHdFQl9IZC0xeHI2U2tWZWUwZ3JnOGJacTZHUDVqMF91bURyRlZqQnpCZmE4RWRyMzMzN2o?oc=5,incident,,,,標題未以機構名稱形式出現可辨識名稱,0,0,待人工研判
2026-09-03-news-v1,不當對待,2025-10-17,壹電視,新北幼兒園又爆虐童？ 疑施暴錄音檔曝光 園長駁：不怕你們來查 - 壹電視,https://news.google.com/rss/articles/CBMif0FVX3lxTE5URHUxbW56YzlEUEhMdXhEQV9WbmJGNTVsT3hLRmVRVHc2RXlvd3BmYzc0SW1LYnJqYlluYmRuY0tVX0hSX0hhWGo4ZjhTUHJaZkdjVmFmRjY1NGNZT2tzQ2RMcHY1dTBYOE95WDFZVjM4alVnd2J4aUYzWDZLZ28?oc=5,incident,,,,標題未以機構名稱形式出現可辨識名稱,0,0,待人工研判
2026-09-03-news-v1,不當對待,2025-10-08,自由時報,新北查林口雙語幼兒園疑虐童負責人嗆：可能是我們被勒索- 社會 - 自由時報,https://news.google.com/rss/articles/CBMiaEFVX3lxTE9XYUhpaUo5OHhUVGlQYk1iNllIbC1BR000bnNCQWMxNjNkVFJSVnl1WC1fVkFIWDkyemRVOFJxejljd19Ga09XSTRJcUNDeG91a284UFVrN0NxNjZLQkJqZjExLTYybFNl?oc=5,incident,,,,標題未以機構名稱形式出現可辨識名稱,0,0,待人工研判
2026-09-03-news-v1,不當對待,2025-10-08,UDN,林口某幼兒園傳虐童案 方仰寧：已報請地檢署指揮偵辦 - UDN,https://news.google.com/rss/articles/CBMiUEFVX3lxTE83c294UXZiU3JvNDR4QVR0VW5zeTVrVDA4NE5vdGw2T25RcFVVdGk0Znp5QkhfMWNzT0NvUmRYNEFXbnFYYkdUTkE2MFF0eklw0gFWQVVfeXFMTWRCYVZVVVUtM1B1dWVuajRRZkRPSjVTSWdVVzRTdUtaXzQ5d0pNZWdGeVdDUzg4QkVSNmw3WlEtd0VfQy1hbllIQU02Unp2UHJVWG05ZHc?oc=5,incident,,,,報導刻意匿名，不予歸屬,0,1,待人工研判
2026-09-03-news-v1,不當對待,2025-10-09,知新聞,有片｜林口雙語幼兒園爆「膠帶封嘴」虐童！檢警約談 主任、老師到案了 - 知新聞,https://news.google.com/rss/articles/CBMib0FVX3lxTFBjd0tydGU4RkxJY1VTTlZCTkpVTi04RmtFUlZvOVdQd0xZb0E5RU03NHExaWdfeDV1dk5fWUFBSUJHRG1wYVd0QThIN3JCRWFoOHZBLXk5bzR5TU5PaWppM0RHblAtTmltc3RhcnpzRQ?oc=5,incident,,,,標題未以機構名稱形式出現可辨識名稱,0,0,待人工研判
2026-09-03-news-v1,不當對待,2025-10-17,自由時報,新莊私幼爆不當管教家長哽咽控：錄音筆蒐證錄到疑似教師打人- 社會 - 自由時報,https://news.google.com/rss/articles/CBMiaEFVX3lxTE9QNElmRkVUUGFSak5kQVlpeHR6d0ZLSmU4VThQblRxazhuNHB2VGItaVdfdlRhQ1M2SzdFYUt4V0U1TDFVWmpBLVFXMnFBOWVsZjdEemJaa19mV1RmQlF4UDVYVmtOLTZO?oc=5,unclear,,,,標題未以機構名稱形式出現可辨識名稱,0,0,待人工研判
2026-09-03-news-v1,不當對待,2025-10-23,ftvnews.com.tw,新北新莊某幼兒園虐童? 園方:學童受傷非老師造成 - ftvnews.com.tw,https://news.google.com/rss/articles/CBMiYEFVX3lxTE5GYnBJRWFBR0VzLVMyUDZubkRjTFBzeU50QjFmMlNJZEhnZUJZTGFNdEowRGVObHVkTXNaTHl0QWQwYzRRXy1OXzlJNXQ4cGt6MF8xYzFTNENRX3c3VzV3Mg?oc=5,incident,,,,報導刻意匿名，不予歸屬,0,1,待人工研判
2026-09-03-news-v1,不當對待,2025-11-11,自由時報,幼兒園監視器畫面 新北研議延長至30天 - 自由時報,https://news.google.com/rss/articles/CBMiW0FVX3lxTE1Gb28xRWw2eTV4WkdfWEdWM3NLU1RSem9mTjBmWXlVbFVTM3lueUx1WXlvcWxNYVo1YjVfVmpWdlZmeG40Z1ZYWm9LRU1KZWlTdC1hN2lseWlyLWPSAWBBVV95cUxNSzVhd3RUc3MxQUtNblFwNzZ5YXJFSGh6c09fcHRTeXR3d1NzMTNhbXdXWGVXWDByUFVrRm9sUFY1QU1pYnZFbl95U3RuNHZkbUcxN1JpWHVSUHhVRDItVkE?oc=5,unclear,,,,標題未以機構名稱形式出現可辨識名稱,0,0,待人工研判
2026-09-03-news-v1,不當對待,2025-10-08,tw.news.yahoo.com,林口雙語幼兒園爆膠帶封嘴虐童 網紅YouTuber與5家長赴警局提告了 - tw.news.yahoo.com,https://news.google.com/rss/articles/CBMijANBVV95cUxOeFQ4cVRvZ2xXZU5KLVljNEdJRDl3ZmhHazE5TmpLYV9qQ18yV2dITEFoQXM2UUJlVWtjRnNlallVbWw3eGpvc2NjVFRnOE1TQlpOUWtTNEZDQW9Ub2JNcHNfLTFUY1pVZDA1bHVVMVJlVTlOcDR1eE4tbkU2ZkxTZGNhUDRIMnlGMHFESWVFR0VmbWVOLVZZcWVDbHFDNnRTM1lGbnluZU5LSm1EeW9rTXR2eFFQdHpvbGFrRWlDbjRqbml6RS10Rk44ejE3YnNJNTBrUkdLWF9fd05BR3J5UFJWYlhPNUJEYUI5U3lvTzh2X2dCR1huZGZCYzUxQkpGN2ZzQ0lsckRHeTVuTVdiQ0hqMjBwZ0RMTkJCVGowMTRJbUdNZjdqbWJPaHQ3Sy1USzZlQnVId0kwLXcxMS1GNlRwY0VlTWwyS25yeFgtM095YkJWYlR0ZnVpLXdJdFdMRlhuc29neHRXUDBqLVJkTXJaVG8tNWlwOEJqekE1R2RKUHIwQTUwTWJ6blc?oc=5,incident,,,,標題未以機構名稱形式出現可辨識名稱,0,0,待人工研判
2026-09-03-news-v1,不當對待,2025-10-08,自由時報,膠帶貼嘴、關小黑屋?林口某雙語幼兒園爆虐童 16支監視器畫面曝 - 自由時報,https://news.google.com/rss/articles/CBMiaEFVX3lxTE9makp3bkdRQ09QVV9TdFN0RDFfbDBBelRERTVOMlpPNFRBbC1zeVdBQTVVRWxrYTE3d1FDY0wxbzBpOVg0cDI2SkZuajNRWjFZOUpsTW9CU2IxREJuMEpXQWkwLXU3WTJv0gFuQVVfeXFMTlhsc2xMdllJRzJmVkRmMTV4QTlkamVYLXRLaDhGVUNMRFhlY2tpbkFNUWdjXy0tY3U4cFpLbzFDNlVtcFZodVNlNDFkLXNFajNtVnVjODdRY09yQjVFTEhCLUl6MVJMNDV1N1VwQnc?oc=5,incident,,,,標題未以機構名稱形式出現可辨識名稱,0,0,待人工研判
2026-09-03-news-v1,不當對待,2025-10-08,中天新聞網,網紅爆雙語幼兒園虐童「膠帶封嘴打臉」 創辦人留言反擊 - 中天新聞網,https://news.google.com/rss/articles/CBMiU0FVX3lxTE9HbXljcVZJa2lCY2wwNjYyR2xkVFhYd2ZEbWNBYWNpUlBNcjZDNDdyV01YaVlZWHF4YVNid0t3Z1VNZGVLZjdHdXNMdHctUWt6Z1dn?oc=5,incident,,,,標題未以機構名稱形式出現可辨識名稱,0,0,待人工研判
2026-09-03-news-v1,不當對待,2025-10-08,PChome Online新聞,網紅爆雙語幼兒園虐童「膠帶封嘴打臉」 創辦人留言反擊 - 社會新聞 - PChome Online 新聞 - PChome Online新聞,https://news.google.com/rss/articles/CBMiiwFBVV95cUxQY1F6dW9fVkg5WktyMGx0MHN5VWJzQnM2YWdFOVNiTERiWWNGVWdOdEZhRjktMnZybllXREFHNVdXTFpKQmVzc19DUk1vMkVHMFZXMHE4c0xZdFlsNk95QlhwT2pvXzJNRU53V3NSMklqTmVQQXF6LTFSRDZPMlJMMkd3ZjFnYjlRaUgw?oc=5,incident,,,,標題未以機構名稱形式出現可辨識名稱,0,0,待人工研判
2026-09-03-news-v1,不當對待,2025-10-08,上報Up Media,林口雙語幼兒園遭控「2歲童膠帶封嘴、關小黑屋」 新北教育局勒令停辦 - 上報Up Media,https://news.google.com/rss/articles/CBMiWkFVX3lxTE42bUlNYndZM0JqWDdZNzBmZkJNWTN3ejluNmg5LUR1WGdqY3JUaTFaT2RNek9WNmVWQ2M4S1lTMW5ubWZhYlJsUUpXMkY3OTNiNERpSllZdW1yUQ?oc=5,incident,,,,標題未以機構名稱形式出現可辨識名稱,0,0,待人工研判
2026-09-03-news-v1,不當對待,2025-10-09,news.pts.org.tw,拿膠帶貼嘴、將童關進「小黑屋」 林口補習班遭控涉不當對待 - news.pts.org.tw,https://news.google.com/rss/articles/CBMiT0FVX3lxTE13ZTVyYkhZNjk2SnJxV2g0c00wRWFrOVJRRTJVV1RlcEhzNnV6ZTgwWFR2ZlZuNTZIX2RxU0pfa2pYRTg4dkxlT3cyblFtUG8?oc=5,incident,,,,標題未以機構名稱形式出現可辨識名稱,0,0,待人工研判
2026-09-03-news-v1,不當對待,2025-10-08,TVBS新聞網,衰被誤認虐童！林口幼兒園急澄清：我們學費連7萬都沒有 - TVBS新聞網,https://news.google.com/rss/articles/CBMiT0FVX3lxTE9SLTc2QjdxeXUwQzBIUi1sb3kxWkpKZXhILWJGVTF4SWpoTm5la2Q1c1JEQmdrX1RLYm51Mjd5ZHA5dTB3ZmZIdUZtbFU3WHc?oc=5,incident,,,,標題未以機構名稱形式出現可辨識名稱,0,0,待人工研判
2026-09-03-news-v1,不當對待,2025-10-08,自由時報,林口某雙語補習班被網紅Ted控涉虐童新北教育局查獲違法教保先罰- 社會 - 自由時報,https://news.google.com/rss/articles/CBMiaEFVX3lxTFBoNzcxVHNFMDU5SUdCUFVUWDV3SmQzZVh0TWY2LUlWVHJtemcwb3dzdk9qSEJVQU81WmxzM29NVEpnUGZrNkZjQlVpanBQcmNBYmhuS3NyUWJKTmstSFVWay13SzAxVmJJ?oc=5,incident,,,,標題未以機構名稱形式出現可辨識名稱,0,0,待人工研判
2026-09-03-news-v1,不當對待,2025-10-08,ETtoday新聞雲,控幼兒園膠帶封嘴、打臉虐童！網紅爸氣到哭...教育局勒令停辦 - ETtoday新聞雲,https://news.google.com/rss/articles/CBMiXkFVX3lxTE1iaUVVcHVOeDBidGRLSjdfX1ZFXzE3elY5QUg5Q1JUOEhuOFl4enVSUEhNVEk0c1NGOXdmSWZQR0M5Qkppdmd5QWdhWWxIaHgta3pWeHlGQmc0UWhxX2fSAUtBVV95cUxOc28wNUE2R1ZBaUtqclF4TXQtOE9zMG85bmp3X3YweHFBc2lvOFotNXdRUVMwLTZkMFY4QkRfMFpPb2pHQVpmODNsQjA?oc=5,incident,,,,標題未以機構名稱形式出現可辨識名稱,0,0,待人工研判
2026-09-03-news-v1,不當對待,2025-10-08,NOWnews今日新聞,被關小黑屋、膠帶黏嘴！林口幼兒園爆虐童⋯16支監視器畫面全公開 - NOWnews今日新聞,https://news.google.com/rss/articles/CBMiTEFVX3lxTE1CUGF3Uy12ejJNVGpGUzZOOVRMWmtWR2ZGWlFnUlBjNl9XMi1LdTZXUEdTb05DYWVmZEpkSnAwXzNlejNZM2JnV0k2OUHSAVJBVV95cUxOX1NsMVVvcjc1WDdJcjJYbFA5eVl2YWF4aEhrWVA0YUNLT05YdGNkak9rZm1jUGNFWkEwblJLS00zU0ZrN2ZudG1qb0hLWHZ1OXBB?oc=5,incident,,,,標題未以機構名稱形式出現可辨識名稱,0,0,待人工研判
2026-09-03-news-v1,不當對待,2025-10-09,PChome Online新聞,李宇翔揭林口某幼兒園虐童 教育局：體罰零容忍全面啟動稽查 - 政治新聞 - PChome Online 新聞 - PChome Online新聞,https://news.google.com/rss/articles/CBMiigFBVV95cUxPUG1FNm1fZFl3NGZDeWFHdjAzTVp1RkxQS1AyN2VZU1I5ZTQ0WFAtWDUtY2tFYWIySVVQNmJCU05IWE9xQUtKbDMySkxYLXN1SGZISkdrdGNXSjhDVXhWbXYxWnI0a3FqcFR3RGpxYXp0NUtXTzNic21pa1ZyRVFtcW9vUzhibGQyX1E?oc=5,incident,,,,報導刻意匿名，不予歸屬,0,1,待人工研判
2026-09-03-news-v1,不當對待,2025-10-09,TVBS新聞網,林口某雙語幼兒園爆虐童！「已蒐證」要告 聲明突刪除 - TVBS新聞網,https://news.google.com/rss/articles/CBMiTkFVX3lxTE10UkYtSWFwYVdreUpXSUgtaURFUjBFeW5sN0Q5M0w4d3I5VGZFUy1aZGUwS0hXRlNtTmwzX091WDhaWkZsSl9uU3ZxTlpCdw?oc=5,incident,,,,標題未以機構名稱形式出現可辨識名稱,0,0,待人工研判
2026-09-03-news-v1,不當對待,2025-10-08,ftvnews.com.tw,林口某幼兒園疑涉虐童「監視器畫面」曝光！創辦人開戰：確定看到的是事實？ - ftvnews.com.tw,https://news.google.com/rss/articles/CBMiYEFVX3lxTE5zalNNN292eVF6cGpYdVlFaENiTjdhcUJfckoxT1NpeEd4MEM0eDhBbHhORlpGNGlIVFlGMllUd1kzMW1SZTY2RVI1bVc1VDRsWVJZM0dIRjF6VDlrR2VCYw?oc=5,incident,,,,報導刻意匿名，不予歸屬,0,1,待人工研判
2026-09-03-news-v1,不當對待,2025-05-19,mombaby.com.tw,新北幼兒園驚爆體罰案！4歲童剛轉學10天就受害，遭老師扭頭推撞牆！監視器揭多起疑似施暴行為 - mombaby.com.tw,https://news.google.com/rss/articles/CBMiVkFVX3lxTE5Ma1hUVjNVb1lzSUtELTF4MGdqbjlNWHFjRTRuWnhzSjZzY2xpck45eVVxbGFUYjIyY05sUGhkZEJEbHE3MHVkdVJzd3h3Q2ZBTUZSMjNB?oc=5,incident,,,,標題未以機構名稱形式出現可辨識名稱,0,0,待人工研判
2026-09-03-news-v1,不當對待,2025-10-08,壹電視,年學費40萬！ 新北雙語幼園涉虐童 創辦人反擊「遭勒索」 - 壹電視,https://news.google.com/rss/articles/CBMif0FVX3lxTE8xVEliN0ZHUEpmWGpxcGo0TXhqb3hocy1HeUdsMnFDU3NOd2FrZ1Bubm1ZUEVzRVlyM2VPQ2ZHWWZnS3BpUkhXNXFyVm9CS3FUV1BpUml5QnVaalhYckp2aFJpeTIxZXc5R1BfQ2xwSFI4RzNJWkhZbFJXZGRlTVE?oc=5,incident,,,,標題未以機構名稱形式出現可辨識名稱,0,0,待人工研判
2026-09-03-news-v1,不當對待,2024-08-08,中央社 CNA,新北三重學仕幼兒園體罰5幼生重罰教保員60萬勒令停招| 地方 - 中央社 CNA,https://news.google.com/rss/articles/CBMiX0FVX3lxTFBwSkpTYmlxTURraHlsQ0ZwaGZabXZLX25pdkU2MmJYUWlzdExHRUtaLXFXQ0tjWnlyLVdKR0VidVB4alRqZE1Gdk5pZm1RYjNNRXRMZmVNU0Vra0VFMVJV?oc=5,incident,60ff647e-9f81-40a8-8f7e-9aa54cac7dc8,新北市私立學仕幼兒園,學仕,標題以機構名稱形式出現可辨識名稱,1,0,待人工研判
2026-09-03-news-v1,不當對待,2025-01-20,工商時報,新北幼兒園不當管教曝光教育局強調：體罰零容忍- 生活 - 工商時報,https://news.google.com/rss/articles/CBMiX0FVX3lxTE8wSjFmSFlJdWw4bGVYbS1MaU9POWdIZlpfWXBlYXNSMGlKY0w5SmNtME5aVFloc0wwS3NUaDdlS1NFcHowRmlZcVFSOFg0NHlqNFR2Z3lUVGlZN1hiUTBz?oc=5,incident,,,,標題未以機構名稱形式出現可辨識名稱,0,0,待人工研判
2026-09-03-news-v1,不當對待,2025-05-07,UDN,新北某幼兒園遭爆疑不當體罰 教育局：已受理調查 - UDN,https://news.google.com/rss/articles/CBMiUEFVX3lxTFBLdkx4aWkyZk1xcThBclhkU2lmbzY0UUZhNWw1bmFZVGw2bmdXZGNfM1dvdHNld0VOeXRqNlhvaERqSVVYd0hUSzI4VHdXQTM20gFWQVVfeXFMTTlOWEJScnhJSVhna29kR2hTM3VyeFV6Z2o5QkR4TUtOYmZEMllUMkN6RERwTkhyLWpYaXJSeUxVc2RLMHVfSjhnT0Y4R09aQnJ1VXlQNmc?oc=5,incident,,,,報導刻意匿名，不予歸屬,0,1,待人工研判
2026-09-03-news-v1,不當對待,2024-08-27,setn.com,新北虐童幼兒園被爆「假說明會」交差　議員怒拍桌要市府「別護航」 - setn.com,https://news.google.com/rss/articles/CBMiSEFVX3lxTE1oR3NJQ3dMb2xreTJaLTN6UEdSN3ZxOEJyT1hkbEVDV2lFNHdLeC1wR24xZGRxelVXNGxZRXJVZVRUTXpMdjN2TNIBTEFVX3lxTFAwaS04SFVHeU5uN3V1WjBKSGstU0hURVZyN0NzemVmRDlJT1FQbm5RLU9RQ05KYVFsS19PMHFoeVVJQzN1UVJRR0prNHQ?oc=5,incident,,,,標題未以機構名稱形式出現可辨識名稱,0,0,待人工研判
2026-09-03-news-v1,不當對待,2024-07-22,勁報,私立幼兒園不當對待零容忍 新北教育局嚴懲公告、勒令停招 - 勁報,https://news.google.com/rss/articles/CBMib0FVX3lxTE1iTHBxc0VYQ1gyaG84UmQ5Q2Nwc3FJN3JBMXQ5bHZsNHBad0E4RngtdUhJMVBZd2hfQ2tlYTBIY1ZheFd5Ml9CZEJHN01iMldBSmJ2czFqQXE2eFlKaW9qN2VZZWVoREI1RjFKMTdESQ?oc=5,incident,,,,標題未以機構名稱形式出現可辨識名稱,0,0,待人工研判
2026-09-03-news-v1,不當對待,2024-07-22,tw.news.yahoo.com,新北福音幼兒園爆虐童！施暴教保員還曾獲獎 林月琴爆：教育局不給調查報告 - tw.news.yahoo.com,https://news.google.com/rss/articles/CBMi1wNBVV95cUxNYmhUaFY0MFppYVJLVnF2cXNRYXZ5Z2ZUTHVKOThBcDdNM2x0d2x4STBGTHFod25yUFlvSURhRUMzc0ZvVVBNUTN6OHpGQUt1V01OWFY0VGFZZGFibnFneHNXbE9xekwxMU5RWVU1ZWtlS1dhVjFILVNmSVBxY0lPZlgyMVpHM3ZydWxHa1FyWUg3ZlMxaFRJeWFseXVQeC1GU2FnTE9KVnZwT04wdmgxV0ROdkxjT2lMRURueDd4UWNlUDhoVjk1ZC12Y2YxQUx2bTFKSzFlZVMxamFnQ1JpR3hEVjFxNHpsblFfLXFvbXJZaU1DdnRvMTVNajJxMDFvZ0JFb2ZJX0lRT1BmQTJHWDRzV1ppeWRXclFzT0JfVElBYUJzZEJweGlpZDMyR0pFazdwMVdMZ2VSa1RLRUN0TWQtdW1Rc1o0ZUhrY3RyeTlnNldpVUlqeV9jQkFMeHE0MEZHZENHZy1SZXVVUTVJVHBZcG1MX0RfbWFSWW14alRnSllScFllU1Bhclp4bHdQUk80anVIZHdLTzUxTDhjQmdXeTA3OEh3LXdUX3drTDRQalVPa2hGU3MwWHRwUUhxbEpDSDZCLS14TUo4cVlTZklvdDFSNlk?oc=5,incident,7196f653-1692-4cdc-9408-0ec0514cd563,新北市私立福音幼兒園,福音,標題以機構名稱形式出現可辨識名稱,0,0,待人工研判
2026-09-03-news-v1,不當對待,2024-10-07,自由時報,新北幼兒園傳虐童並涉及湮滅證據教育局開罰30萬元- 社會 - 自由時報,https://news.google.com/rss/articles/CBMiaEFVX3lxTE5aaHJyVkFpS3k4aHd4S3Bjb0tMTS1uOUdQNVFrQnBCMDlTUkZkVTRHTFpqNUNSM0I1S19hLUhRVkxVU2JQY0RucU5wRllNVFhLNnBPZUtSU1NLM05BNkN1ODdsUTBkNjdo?oc=5,incident,,,,標題未以機構名稱形式出現可辨識名稱,0,0,待人工研判
2026-09-03-news-v1,不當對待,2025-01-20,hkcna.hk,遲到罰“撐牆倒立10分鐘”？台灣幼兒園虐童事件頻發令人憂心 - hkcna.hk,https://news.google.com/rss/articles/CBMiZkFVX3lxTFBXZF9fbklPNnMtRUpWck1GRUN3VXF6TVE0V1RpaWhqQ1JBT3lEQlBZYTROVHlHNTNqOTdYeVp6Nmc3OHdCTTBlUGUzRWZpSVRDOHN1VVEyWENNalZ2SmZxTlJSRHF4QQ?oc=5,incident,,,,標題未以機構名稱形式出現可辨識名稱,0,0,待人工研判
2026-09-03-news-v1,不當對待,2025-05-18,CTWANT,永和私立幼兒園爆虐童…女老師「巴頭推撞牆」下跪道歉　最慘終身不得任教 | 社會 | CTWANT - CTWANT,https://news.google.com/rss/articles/CBMiT0FVX3lxTE5TdWs3Qjd5bER3bDI2ZTcwZFhmN2xqWjdvaGpoT2dnUmhFSF9JUTJESFJzU0l0clJZVnBkaHVtQXlfbXRpdVh4WlZaRVpiZWfSAVRBVV95cUxNNXpzRGdscHZZUFl5c1RuTF83dXFOb1NtbnJZNXpmWnZjVlNPTXl3cVNVcm5aNTI1SmYwc2FvSkhScV8wLXRDNERXQ1VPZ190RFR5eTc?oc=5,incident,,,,標題未以機構名稱形式出現可辨識名稱,0,0,待人工研判
2026-09-03-news-v1,不當對待,2024-08-14,mombaby.com.tw,新北三重私立學仕幼兒園體罰幼生，調查屬實，重罰公告、勒令停招 - mombaby.com.tw,https://news.google.com/rss/articles/CBMiVkFVX3lxTFBTUHVqb2FKZ3dGS0w1OGI0ZGMxZmFGVE9FYnNrY2tOVjdWTjlOeC1HS0diODFIdDQ4TmJ4dC1UNmNnSHFWRnpXYk1DeGVRYXJEcUZsTGFB?oc=5,incident,60ff647e-9f81-40a8-8f7e-9aa54cac7dc8,新北市私立學仕幼兒園,學仕,標題以機構名稱形式出現可辨識名稱,1,0,待人工研判
2026-09-03-news-v1,不當對待,2024-07-23,ctv.com.tw,"新北幼兒園""毆打虐8童"" 公布3教保員姓名""下跪道歉""!│中視新聞 20240722 - ctv.com.tw",https://news.google.com/rss/articles/CBMi-gJBVV95cUxORkZjNHBWMGxyRTl2NDNjNEFld0RtbDBMbjc0dUl0U0VfOTkwX1psQ3M5dHRNbkpWbWJabVRFNmg0RGMtNDZ5NFVVX0NiczhxSWRhUDdobnQzNlAwUExia284bGh0N2JkdDNXMkI4UVQwcVRIeTZZQmtIcm9MY0sxaWtYRHVMNm1iN3hmX2hJSTdXWWlNSmlnanQzd3VmbUQ3QjJlZktSTGhaVkswSGdBdUFnZnRUUHNIVTdSM2N1WlRQUVNPdzVOTFZOSU13N3ZuODBRM0lhWm9LUG45VjIwcFVwV2dmSmVNQ1FLcm42MmdqbkZVZFMxWmtRSFBtVE1qZkZyN3Q1WGxvR21qcFViUmNHMFpqM211TTVfYW1admxKUGlMSThpdzVXbHZWaWYwdlhmdGttZGJnU01pdzFQQjdIamRzcUZlUGFGSnFaWmY0Y0k5OU91aTBhOWlIX0RyMWl0NTJpNmYyUnZvVU5xeXB6MGt2bjlMa0E?oc=5,unclear,,,,標題未以機構名稱形式出現可辨識名稱,0,0,待人工研判
2026-09-03-news-v1,不當對待,2024-10-07,mombaby.com.tw,新北私幼爆虐童！2歲童多處瘀傷，臉上還有大人咬痕，最離譜是園方竟然刪除畫面滅證 - mombaby.com.tw,https://news.google.com/rss/articles/CBMiVkFVX3lxTE13c2tmWmY0MUstenAzZEtPTjU1M243Y1dlejRxYl9mLURHdVk3cjU3UW53U1dYYzQ5dkdZVHVZZnB6X2EwbTdGeWltM0lmWWZIVEJTQWZB?oc=5,incident,,,,標題未以機構名稱形式出現可辨識名稱,0,0,待人工研判
2026-09-03-news-v1,不當對待,2023-07-12,news.pts.org.tw,幼兒園餵藥案／傷害體罰證據不足 檢方偵結不起訴 - news.pts.org.tw,https://news.google.com/rss/articles/CBMiT0FVX3lxTE5QcDlxQjhMUmtCcW4weDNXVklUUDBYbl9Ba0lSUlZ0WUpIUk5LVFJXcXVyTm55NVMtUXNmeGZPajhfdkhWQ3hDci15WUQ2QUU?oc=5,incident,,,,標題未以機構名稱形式出現可辨識名稱,0,0,待人工研判
2026-09-03-news-v1,不當對待,2025-01-20,自由時報,新北某公幼爆疑用撐牆懲罰遲到園方稱非體罰、教育局啟動調查- 生活 - 自由時報,https://news.google.com/rss/articles/CBMiZEFVX3lxTE1hMjlKZE1idjhSajdSMkd3NVh2TzI3Mm9NVWFuRVdYdU4zVmdFLUJsbWVhVEdVdVBhTElKRlFnYzVPOFBfYVRVR3ZTT1AyMzlUQTVzdW1nQUZMNm11a2FDcXVzcXU?oc=5,incident,,,,標題未以機構名稱形式出現可辨識名稱,0,0,待人工研判
2026-09-03-news-v1,不當對待,2024-08-09,好房網News,三重某幼兒園爆虐童　遭勒令停招 - 好房網News,https://news.google.com/rss/articles/CBMia0FVX3lxTE1yX0g2ZThoczBVMF8tRVd0ckRRWGlQN1liVjg4d3lWd29aMVMyR0RFNUpiWTVacUJZbnREMGVTMlFVTlBKZHBDS2lCS3E3TDFYZncySXFCbFJ6dDJORGRwOGY0djRkdk1hUldz0gFwQVVfeXFMUC13Tk1jX1h2UXdIT0ZQTllmd0ltdUsybkVSZE5zdHY5S3lQa24zY1BtNkhOWFB2aWVVaHhmcjktM2xNMks3RnhXTWdscG5rNzVxdk1jZnllelFkZWotd2lUZDVscUJ1YzJuYkZBQkpFMA?oc=5,incident,,,,報導刻意匿名，不予歸屬,0,1,待人工研判
2026-09-03-news-v1,不當對待,2025-05-18,ETtoday新聞雲,新北某私立幼兒園爆虐童！4歲男童遭撞牆巴頭　女老師下跪道歉 - ETtoday新聞雲,https://news.google.com/rss/articles/CBMiXkFVX3lxTE02MWQ0SXJPUl9HQXRwUzE3MkVZNFlreUZSM1J2WjVjaUEzZ3BTS3g2LWVKQVVyYnBBWTRIbTBaLVpkNlRpZjExeHFweHpLcEY5bU50c3FQS2Z5SWx3UVHSAUtBVV95cUxPUmdBYUhIcF9TTDVIZGsxUXNnRXJNR3NibXE2cDFzRWNoVnROTnBfZUdrSG5qZm9aY0h6TDJwUnZmeDZONlVGcmd2RGc?oc=5,incident,,,,報導刻意匿名，不予歸屬,0,1,待人工研判
2026-09-03-news-v1,不當對待,2023-06-21,中央社 CNA,新北林口某幼兒園教保員涉虐童大門遭潑漆撒冥紙| 社會 - 中央社 CNA,https://news.google.com/rss/articles/CBMiX0FVX3lxTE9SOHRDeW1tbVhCWTRiWFZYbTQ2TTFQdW0zQUk3cXY5NU9yYXc1Rk81R1pRSDlvS1hNRGJLR2ZOd1FOS1dCNlZJOWdPdDFtRGhiNThEN1FEeTA3dFRTY2w0?oc=5,incident,,,,報導刻意匿名，不予歸屬,0,1,待人工研判
2026-09-03-news-v1,不當對待,2024-07-23,梅花新聞網,幼兒園惡師虐童遭撤資深獎 園長護航：被惡意追殺 - 梅花新聞網,https://news.google.com/rss/articles/CBMiWEFVX3lxTE02cUpGY2RhS0xhVW1JcjlfWkZ1bU9sZ0QtdnJxUU1KTDhkVmhNYzlQY0pfdE53YzI5T09FUHJKeG5ZQVM2UXoxY1pyaHFrYWc5Tllia3U2czg?oc=5,incident,,,,標題未以機構名稱形式出現可辨識名稱,0,0,待人工研判
2026-09-03-news-v1,不當對待,2025-05-18,自由時報,新北永和私立幼園爆體罰！教保員下跪道歉教育局介入調查- 生活 - 自由時報,https://news.google.com/rss/articles/CBMiZEFVX3lxTE1CRGFiVTFpRTZrRXhhUzhlVzJ1SzgwaU9RYXVPX19EdncwcWRkSHhxYm81M0I4aW5rYjJIandJZmV0blBLUHNSbmlYNzhnaFZOVlU2ZXVGcVlpeTVNSnB6UmUwdDY?oc=5,incident,,,,標題未以機構名稱形式出現可辨識名稱,0,0,待人工研判
2026-09-03-news-v1,不當對待,2025-01-06,自由時報,新北瑞芳傳幼兒園虐童！女童身上有棍棒型瘀青 家長怒告 - 自由時報,https://news.google.com/rss/articles/CBMiaEFVX3lxTE1hT3pKN3Q4c0M5allJNEt5dElZNkdQaUJSVTlrdERXeDFQNm1HN3dsQm1BXzZ4UmQwQ29FZ2FTdlIxdTJreEcwVG9Hd0hEVEJNU3F3NVpjRm9XbTg4MWRCaXl4LV9fWE5I0gFuQVVfeXFMTnNPN281Y2FMcG55dFdFcUJBTUlQYVI4TjJHV0o3U0QzQnNRSkU5MG1FVFB3dndBM1owWk5KSmFzUFJlWTFJRGdKMkh4RGRyQjlMLUxTXzBGZlE3cl9veGJRTFQ1MFhkNTdEeHVUSHc?oc=5,incident,,,,標題未以機構名稱形式出現可辨識名稱,0,0,待人工研判
2026-09-03-news-v1,不當對待,2024-08-20,UDN,新北宣示建構幼生安全學習網 侯友宜：不當對待零容忍 - UDN,https://news.google.com/rss/articles/CBMiUEFVX3lxTFBKRWdPdGpyeXVtbWNmajQzTkxBLU14ejFhWWhjaGlobXlEN211Z011Z1BMd3l3dlo2MjJycmhHRmJiNXZfNHd0R0dnSmRzNWxG0gFWQVVfeXFMTjFqbUFKaVpWX1NhcWJTVHBDSjRaSlNQWjlGdzFkampra2F4WTZpQ0gybldLQ1J2NGlrUGtJWVZUX2FJWkg0X0ViSGlYQzl5Q3lRNHZGdWc?oc=5,incident,,,,標題未以機構名稱形式出現可辨識名稱,0,0,待人工研判
2026-09-03-news-v1,不當對待,2024-08-08,大纪元,新北三重教保員體罰5幼生重罰60萬元 園方勒令停招 - 大纪元,https://news.google.com/rss/articles/CBMiX0FVX3lxTFA3ZldDdlNFV0luZWVLZjZPT0pMMHU4bEZrZzNqZUphMVdYZklJRmNjam0zRXhQQ1ZQUHJZcVp6SExUUDBQdUxSaU5FQ1hZVFJzUDV3RlJHbDZ0NFVXRGFr0gFkQVVfeXFMTmR3M21vR0NBY05jbXBHMkxEQi1uY3NtV0tWM1hZUHlNSTJsaDBEMXRyS3U2RGhfTUcteDdVYUp4eEJLNUZjQ3hYQkdydG5pNjNTcThCb0E0NUFZOC1JZ2gxdTlEUA?oc=5,incident,,,,標題未以機構名稱形式出現可辨識名稱,0,0,待人工研判
2026-09-03-news-v1,不當對待,2023-06-21,news.pts.org.tw,林口某幼兒園遭潑漆 嫌犯稱因虐童案洩憤 - news.pts.org.tw,https://news.google.com/rss/articles/CBMiT0FVX3lxTE9SNTlZWGNib1Fod05KSGYyT0puejVNNlNrQTNpN3dBTG9HaGxYbTFnRm9jWHJoMHdyZGlma1gxd2ZmQTNoZ0pCTW9Ma3kwem8?oc=5,incident,,,,報導刻意匿名，不予歸屬,0,1,待人工研判
2026-09-03-news-v1,不當對待,2024-07-23,Newtalk新聞,新北福音幼兒園爆虐童！施暴教保員還曾獲獎林月琴爆：教育局不給調查報告| 政治 - Newtalk新聞,https://news.google.com/rss/articles/CBMiWkFVX3lxTFB2SFlGaTFON2RnMDdBYmdERTJkZWJUNHo4SW96aHdmVUYydUlhQkMzTG5Cc1lYZ0tYVlRoVUVhTF9rQV9vSnBhRmRhOWl5QU1DSUtSQXVnVUE3dw?oc=5,incident,7196f653-1692-4cdc-9408-0ec0514cd563,新北市私立福音幼兒園,福音,標題以機構名稱形式出現可辨識名稱,0,0,待人工研判
2026-09-03-news-v1,裁罰處分,2026-07-14,tw.news.yahoo.com,快訊／新北幼兒園用小黃超載幼童 「狂塞副駕座」！教育局開罰了 - tw.news.yahoo.com,https://news.google.com/rss/articles/CBMigwNBVV95cUxPUGQwMk9JQ2JCNk1UMjBZV3lKU08zWWd1OHRBTXA5TnZ6WmZCQzRqSWEwNnZKR3BMaEtaeWVGeXB4eTZnLThkbnFpZ0Nmd01Pb01NRkc1UUlXWFFxOVNYVnJ6NTN5OFJJNC0wbVViNTZoa0NsRnNZaTdNLUMzU2pTTmpUdTVnU3B3dDhYZjV4MEZTYVBONVlDQmxPZWxfM2E1NXhiblBOUHctbEVzSHFia2tBZ0RtejBPbUxtVlRrUWM5REEyZDBUc1BaRXZwVkdEQUZhMUZwbEZvQ0ZwUkhVS3ozOE9MNExsV2d3cHFvTU1CYlpHYXRqckdsWXhCaThWdmNGdTZMSV9obXNGTjM5RndlMWd5aFRkVTBzdTFoQlNUU21EWVZKNE0yWEhBZzVLaDlCZGIwZWY1ZTlHc1Z1RVd6Z2t1eGpBbmI0emRCNVRUTTU1bmVHWWlfWEFMenItVXRaQXNMX1Q5MWgtTWZVUHlqcnpqNHowMFJtVFVabUxxNmM?oc=5,incident,,,,標題未以機構名稱形式出現可辨識名稱,0,0,待人工研判
2026-09-03-news-v1,裁罰處分,2026-04-13,知新聞,2歲童夜半驚醒不敢上學！竟在幼兒園遭拖行、剪刀恐嚇 教育局開罰公布姓名 - 知新聞,https://news.google.com/rss/articles/CBMib0FVX3lxTFBDalQ2d1hpSzRZbG15RE95SHRuVS1pdDVnaUltTmQ3N0NhT1lRQmRQTTBkdHRQWG00b0dQTDdSSUdPY1JoSmRaZmFZVm5WNGd3d1lIVU12WEMwd1RNNVJMc1h5WUFURkNxM2RZanZQTQ?oc=5,incident,,,,標題未以機構名稱形式出現可辨識名稱,0,0,待人工研判
2026-09-03-news-v1,裁罰處分,2026-04-24,東森新聞,持剪嚇幼兒！新莊吉尼爾幼兒園6人遭處分 園所停招1年 - 東森新聞,https://news.google.com/rss/articles/CBMiVkFVX3lxTE9sMFJVbk9xYlAyVXMtVHYwdVlydndyUUVKSG5aUGhnTWk0SDRVOE9uLUI2dzBZQm9Ea0ptbENLVVVkR1kzd1BZSW5IZ3poTTl2V1FXVWJR?oc=5,incident,4273705a-5297-4025-a88b-f133cf5f6bca,新北市私立吉尼爾幼兒園,吉尼爾,標題以機構名稱形式出現可辨識名稱,1,0,待人工研判
2026-09-03-news-v1,裁罰處分,2026-03-20,自由時報,新北學幼童車擴大稽查 攔檢5車揪出1輛違規開罰 - 自由時報,https://news.google.com/rss/articles/CBMiZEFVX3lxTFBQRkJQcWJSdGFVVkd5U0I4YUdfdUkxS25DSDNmV2h3QzlkbHY4SnVhQ3hBZldlbGRCbWE4dEFHM3VjVW41Z1JvZWlZNWhWUWY2X0Y0bGVwSndMQnRTcEVRcWYxVznSAWpBVV95cUxNS25kSkdYSGpfWlNiUXR4QXItMHh6YVRMVlZFTmNtaTIxOEZmTlhrQjZvelJvdDFQUWlBM1VmdUhtU0pvZnU4dWpYb3h3WXZRTkF2SWx3NU1aZWxoVkh4Y09SdUFpd19jcFJ3?oc=5,incident,,,,標題未以機構名稱形式出現可辨識名稱,0,0,待人工研判
2026-09-03-news-v1,裁罰處分,2025-10-09,大纪元,林口幼兒園違法營業 新北市府開罰 - 大纪元,https://news.google.com/rss/articles/CBMiYEFVX3lxTE44VU9WY2ZNdjkwRGIxNmt1UnhQcEFsTm95Q0xKNXNIMjVuelpOLVFiZnJZb2F1QnBPdHZEQWc4bEtCd3h6dWlPeGYzdmd3cmZMbTV5RXdsR2V4U0xIeDB1aNIBZkFVX3lxTE93WXRnenpKLW92eldMaDZGbDQxbk4ycXdFcWtsaUxQUm1wd0Rpc2UtS043b1lJRXpTc19rVUlmSkNRQVJuY19XVzZrS3ZGSjVOeVdhOXJUNWFOM1Z3U0tqNThKeVZ1dw?oc=5,incident,,,,標題提及其他縣市（北市），不予歸屬,0,0,待人工研判
2026-09-03-news-v1,裁罰處分,2026-01-22,TVBS新聞網,新北幼兒園爆虐童！猛甩巴掌「孩當沙包打」 校名全起底 - TVBS新聞網,https://news.google.com/rss/articles/CBMiTkFVX3lxTFBIdFpNSVhOQmx2eTIzMVRGREg3b1hOcU0yZmpmSzVVRVdUdFozYlR0S3pPODNkb2RCS01xTFIyV3VJLXVyZndHd0I1eWR0dw?oc=5,incident,,,,標題未以機構名稱形式出現可辨識名稱,0,0,待人工研判
2026-09-03-news-v1,裁罰處分,2026-01-21,中央社 CNA,家長指幼兒園不當管教未懲處老師 新北：罰園方16萬 - 中央社 CNA,https://news.google.com/rss/articles/CBMiX0FVX3lxTE9EY0RLRmNpQXJRdHF3S3JVQllpMDVMQ2NYLVhwWW5RUlFiQkg5NVRrek55eTNOQ3djRGdGWVZaREN1aDZMMWk4NGdzYmtyZ0pGZVFVRDlHaWxxYVhuNGV3?oc=5,unclear,,,,標題未以機構名稱形式出現可辨識名稱,0,0,待人工研判
2026-09-03-news-v1,裁罰處分,2023-07-13,news.pts.org.tw,幼兒園餵藥案／撤銷廢止立案 新北市：可協助園方申請國賠 - news.pts.org.tw,https://news.google.com/rss/articles/CBMiT0FVX3lxTE9jWmh1M29QRWxxX3hvelhCeHp4SHc0VHQ2N29oQjJIR2pPLW03MGstVll1WTFqaWtXU2o3ZWJNSjh0aVQtdmZTbTRKamp2ZTg?oc=5,incident,,,,標題提及其他縣市（北市），不予歸屬,0,0,待人工研判
2026-09-03-news-v1,裁罰處分,2026-01-22,UDN,新北幼兒園「4天踹童踢50次」僅罰3萬！家長曝年年違法照樣開園 - UDN,https://news.google.com/rss/articles/CBMiUEFVX3lxTE1WeHdaeFV1eTFfcXBxU2FpeXNmckNoTnF0T2sxeDlHcDl0Q09yOUVjaXhWUTRIczJsSHpKX2hVa3dWUm5WX21kVnFDbmdWdTE00gFWQVVfeXFMTkhjd2IyXzVUcVM0NWU5enBZdE4tSGRuTkVlMzBxZGlwNW5GbnB5V1M5VGROSm1zSXU1X2JnLWVMR2dKWV9xOXM5MzVaSThNMDZUcU03SUE?oc=5,unclear,,,,標題未以機構名稱形式出現可辨識名稱,0,0,待人工研判
2026-09-03-news-v1,裁罰處分,2023-06-08,匯流新聞網,8幼童有微量藥物反應 新北教育局︰幼兒園裁罰15 萬並撤銷立案 - 匯流新聞網,https://news.google.com/rss/articles/CBMiSkFVX3lxTFA5cy1LRVZWeW5lRG9HRHZpSGtGNWdPYWw3cThUb3VscG92emx0S28wX0JoamRDeFJVVFpDZWlaMXhHN0R0Y19QcUpn?oc=5,incident,,,,標題未以機構名稱形式出現可辨識名稱,0,0,待人工研判
2026-09-03-news-v1,裁罰處分,2024-07-22,大纪元,教保員涉施暴 新北：停招並開罰 - 大纪元,https://news.google.com/rss/articles/CBMiYEFVX3lxTE4tTnVYYlgtTGZXdVFxWV9vUENxaG1UMldjZ0tFOVhuT0N4ZzRhVHV5c0h5dzJQbnRZRm5UNUlvZS1GVHBiaGtqOEpQQ0M3dXZKUDRLZVE0cW5iWnpWX2N2edIBZkFVX3lxTFBtR3FfNlVMSi12WEpCX2RwbzFaMUpSOVdNVEppNE54bzZjampYUWVCYVU5N3BjcHdPOHR6YWpQZFdHX1FtTGZyUlhvQWdhR01hZjlPS1F5NzBhSVVqN09aZmx4YUR6UQ?oc=5,incident,,,,標題未以機構名稱形式出現可辨識名稱,0,0,待人工研判
2026-09-03-news-v1,裁罰處分,2023-06-16,setn.com,新北稽查餵藥案連鎖幼兒園「11家違規」　最重將開罰66萬 - setn.com,https://news.google.com/rss/articles/CBMiSEFVX3lxTE8zMmVEQ0pSX19QR2RwQnNNSEQ5a1ZWbzlYeUpRclRwSzdkMTZTVnk0enhtbzJpbTR3ZldKYU90d0NSQ3J2eDdjdtIBTEFVX3lxTE9wMVJHaENzM3c3QUlIbXBiTjZQOEhCS3RaXzRyTkRkNENRSWdwamtYRENfeHdaUVdMSzlSeHhIaDFWOEIxblh0aVBOZzM?oc=5,incident,,,,標題未以機構名稱形式出現可辨識名稱,0,0,待人工研判
2026-09-03-news-v1,裁罰處分,2025-09-03,匯流新聞網,板橋幼兒園餵藥案 新北檢續查仍不起訴 - 匯流新聞網,https://news.google.com/rss/articles/CBMiSkFVX3lxTFBfX09nLVJmOHpSY0ZQSWVIX0YyR3dENVlQQmpQRTNyOVVHWE5HZDBzVnRJdktZMC1BbW9VYVZ6S29tRzdwakxMT1F3?oc=5,unclear,,,,標題未以機構名稱形式出現可辨識名稱,0,0,待人工研判
2026-09-03-news-v1,裁罰處分,2023-07-12,news.pts.org.tw,新北板橋幼兒園餵藥案偵結 9教保員證據不足不起訴 - news.pts.org.tw,https://news.google.com/rss/articles/CBMiT0FVX3lxTFBCa3FGb2Vsa29jajAyUFlLUzNwR0xMUUdORDV2RExWRmpxR1ZnNF8xaDN4Qm1JbW5BWFVxbFFkM3lSSm04a2VIcDNIU3ZlU1U?oc=5,unclear,,,,標題未以機構名稱形式出現可辨識名稱,0,0,待人工研判
2026-09-03-news-v1,裁罰處分,2026-01-22,tw.news.yahoo.com,土城育全幼兒園4天拉拽踹幼童50次 市府怒開罰13.2萬「一週內掀底旗下10機構」 - tw.news.yahoo.com,https://news.google.com/rss/articles/CBMisgNBVV95cUxNLTY1S3NlOHVoeDZRSExaRzVjRExyVWdMb0t5cEl2cGt1bXUxWHpHX1BvVjE2ckM4b3RnWUFYQjZfQ0c2cDEzeDhCRXFNQW1KVktSS0ZXY0hXWWpuMmswLWtTV1UzdGJXWXpIMnhIZmVQckdvNEtXZjlndXA0RW9OV01TdFl4Tl9BOWc0VXhMVU1FUVVFaFVvUnFianpwNHhKSXBGOG1iTTZqSjZxU2FUT2pGMFo0a2MtaHRsSi1ONko2eS1sS09VX3JQMzc1RVo0ZHREMUEwMGlTODZYUEZvbzd3bENTRlY4T1oyckptNGV5cF8tQnhhOWFhVGJJMjlCVGNNWDVmajExZWZFM0hfVkxYT2d2bF9uVHFrWXVfM2h2MTZQdVA3NlctY3Z6RDdwODlndXpNeVJ3OTdUeGkxUUlkbkNpSTVIaUY4OThLZ0hJenNwWjVzRE16cW45XzNUWGZkaEhZbURJeDVTRFZaazF0ekY0OHQxc09nLWVGN1dqdmVFZzN5dUhDSm1KNXNEYUVjdkI5cWFUeTZxeFBNUWtsX2huMkt4ZWZZRlVpNkJxQQ?oc=5,incident,,,土城育全、育全,名稱可對應 2 所機構，無法唯一歸屬,0,0,待人工研判
2026-09-03-news-v1,裁罰處分,2023-06-11,CTWANT,新北幼兒園遭廢止處分！「42學童去哪兒」　新北市曝最新進展 | 社會 | CTWANT - CTWANT,https://news.google.com/rss/articles/CBMiT0FVX3lxTE83X3NHVEpyTktBVXNDZVRSS1Z2d3duZHlPVHEwaVFSYTZpMWJFTmk4YlBsUHBvSW92NGREVGZmTklzVmFsSmg4ekgtTEFOWTTSAVRBVV95cUxOSVFfMlpvV2dmMUFmNVBzVkZhRXdMejZvUU4wUUp2cGNZbTZlMnhVcm5KOVNJeVVqdlJKS2MwaXpxajVFZkpsa3o0LWg0QWJoeS0xZlE?oc=5,incident,,,,標題提及其他縣市（北市），不予歸屬,0,0,待人工研判
2026-09-03-news-v1,裁罰處分,2026-01-21,台視新聞網,新北某幼園師遭控霸凌「要3歲童脫褲半裸擦水」 被罰16萬、2人離職 - 台視新聞網,https://news.google.com/rss/articles/CBMiZEFVX3lxTFBxUlpHWG1xRE9XckhmQVpLWkV5TF9UYmdudkdlZzZRbDdhcXQ4QWMtOXVaOEFudFNTczNka1ZfTlVEbzc4bUhVSUQ1a0xkR0NBbmZlQ3NkTnlvRExrbS1kandyVGs?oc=5,unclear,,,,標題未以機構名稱形式出現可辨識名稱,0,0,待人工研判
2026-09-03-news-v1,裁罰處分,2026-01-21,中時新聞網,師指揮3歲童「當眾脫內褲跪地擦水」 母淚訴幼兒園滅證 教育局輕信 - 中時新聞網,https://news.google.com/rss/articles/CBMibkFVX3lxTE9ZVW9pODVuOU9JaVlyUHQzY1UySjI2bjBHUHZTSWVLMk9ZQVZSczdDRkxKbTZmelE5YzJMRjk1Tk40eWZyM01qQ2RVZHNVcm5jeWI2cmo2WklnNjBBMW52T0N0V05PUnlfTF9VNnd3?oc=5,unclear,,,,標題未以機構名稱形式出現可辨識名稱,0,0,待人工研判
2026-09-03-news-v1,裁罰處分,2023-06-08,NOWnews今日新聞,幼兒園疑餵安眠藥！新北教育局：即日廢止設立許可、裁罰最高15萬 - NOWnews今日新聞,https://news.google.com/rss/articles/CBMiTEFVX3lxTE02bDNuRW9sSUNiT2tyVzluOE9aUjhQY3RvQVQxeVgtZ3JKcHpyRTFVaWVrWUJfSGFsd1otbmVjTWt6Wk9kR09vWFZVdUbSAVJBVV95cUxOT2ozT3EwRVNqNnNlUG5xNlZ2NDN5QVREZndrbmFtT1dNaDBoZk5SZmJFRkdKZWN6SnR2UHZkdEg4RXpuTV9EOFkzM2NvbU52UlR3?oc=5,incident,,,,標題未以機構名稱形式出現可辨識名稱,0,0,待人工研判
2026-09-03-news-v1,裁罰處分,2023-06-29,TVBS新聞網,餵藥案結果出爐未檢出 民進黨：新北市府為何對幼兒園裁罰？ - TVBS新聞網,https://news.google.com/rss/articles/CBMiU0FVX3lxTFBkc185YzFOd0NjNHV2LWUzYm5JRFB4YW5MWF9jVXVqWm4zcXcwa2xPbTItajhYLUluSl9FdndqYXBXUWNNZEJlMlRmV0tuelBIWldj?oc=5,incident,,,,標題提及其他縣市（北市），不予歸屬,0,0,待人工研判
2026-09-03-news-v1,裁罰處分,2024-07-22,FTNN 新聞,幼兒園施暴遭指處置慢 新北：6月公告就沒再收新生 - FTNN 新聞,https://news.google.com/rss/articles/CBMiS0FVX3lxTE0xcGdGRldEZWhhUHZfZHRHMFE3Z0lpd3lyQldIZkFxZzFBQVZweFVUanJyTUN0bllCUC1mSHA1WDJwbGswTE9vdDdraw?oc=5,unclear,,,,標題未以機構名稱形式出現可辨識名稱,0,0,待人工研判
2026-09-03-news-v1,裁罰處分,2023-07-12,放言Fount Media,新北餵藥案偵結，園長等9人不起訴黃帝穎強調「凸顯侯三大違法問題」、「打臉侯市府當時廢照處分」 - 放言Fount Media,https://news.google.com/rss/articles/CBMiUkFVX3lxTE9OSUtuQXpQMTV6MVVIYVB4UlA2VjYyWWM4anV3U2szVWc5WjdJZ182UEZiQkxZY0NTcUVYeHF0WERiQ3dYQW8zQVBmNzhYSC1aMUE?oc=5,incident,,,,標題未以機構名稱形式出現可辨識名稱,0,0,待人工研判
2026-09-03-news-v1,裁罰處分,2024-07-23,好房網News,拍臉、重踩、脫褲　幼兒園被勒令停招 - 好房網News,https://news.google.com/rss/articles/CBMia0FVX3lxTFAwSEVCM1hzR21WVnpxMmRwVEltU2RacXFqT2g4Yk8xck9ZQzNMbFd4a1poTVZFekpNYkZQSVZiV0M0Uko3aENPeGVBZlBVenZETERzbElJZEJfcHhaTlkzLXQ5WDJ0cW1mMF840gFwQVVfeXFMTmsxREQ5X0RpSXZDZmhibmt2b05FbF95UEFnQ29MaWZMbjRha1VSTmpuLVpHRU1BVUhQX2FLejI1a0doSnhYaC1ZX2xpWjlDc3JQdnZvN0VENnZKNE5maUVTM0RiTGg2TUhqZmU0aUtlMg?oc=5,incident,,,,標題未以機構名稱形式出現可辨識名稱,0,0,待人工研判
2026-09-03-news-v1,裁罰處分,2021-09-07,news.pts.org.tw,新北幼兒園再增2幼兒3家長確診 侯友宜：若為Delta內用取消 - news.pts.org.tw,https://news.google.com/rss/articles/CBMiT0FVX3lxTFAtN1k0RC1MQ2hDTUtYa0Nia0kxd21XRi00QzNtUjFZc3FmT1VKOG8zTUd6VktsdVY3dTgxWHVKd1E4YlRBeVdBVEtKUENvanM?oc=5,unclear,,,,標題未以機構名稱形式出現可辨識名稱,0,0,待人工研判
2026-09-03-news-v1,裁罰處分,2023-06-09,好房網News,板橋驚爆幼兒園餵藥事件！新北教育局：每天10點半開記者會 - 好房網News,https://news.google.com/rss/articles/CBMia0FVX3lxTE1CaEZFTmVMYzcxN1FFRHhEVXBQcl9qYjB2TzZGUF9CU0FyRGpoZFc0UVJTNGNuSXJGU0Rja0FYWC1JVTBmenpBVzI2eDRZLTlReVFvSzJoMEYzRlhYd01naUxhRmVLOUtsYUM00gFwQVVfeXFMTnFKRXVBd0NtTzdOMTFuLUV6NWl3OFQxZnFyOTBNa3FTemlodlVTNEpxMll4ekJIU0tQckQ3U2FNVHJOVFNJcnR0dlBiV0cydkw2aFo2MkItWVBFMUVjb01BRnhQT1p3SDYza3cteGd0VA?oc=5,unclear,,,,標題未以機構名稱形式出現可辨識名稱,0,0,待人工研判
2026-09-03-news-v1,裁罰處分,2024-08-27,PChome Online新聞,新北虐童幼兒園開「假說明會」交差家長控教育局未盡查證責任- 政治新聞- PChome Online 新聞 - PChome Online新聞,https://news.google.com/rss/articles/CBMijAFBVV95cUxQQXRVZWdOaEVCTURqVEt2ZTNXR3gwTXgtRlRxMzJUMUxfUVl4Ung0dWZ4dHJheEJPWUl2VGtqX3k4NGVXdFBfemFWRGFPTkRFWU5ZRFdSVldfdkxLZWtWak1EYl9oMm4xdUlhem92RDROQjdKVldPRmFSLWk4NXd3M0tzYVo5WGs4NWtpcA?oc=5,incident,,,,標題未以機構名稱形式出現可辨識名稱,0,0,待人工研判
2026-09-03-news-v1,裁罰處分,2026-04-10,壹電視,弄濕褲子？ 新北知名幼兒園涉虐 園長「當眾扒光女童衣物」施暴 - 壹電視,https://news.google.com/rss/articles/CBMif0FVX3lxTFBucG5EVmhZdzJqSGx2cnBGem5PN2w1OG9kSlhzajMyX0FsaVd5Sk0wamZ3cUYxemVBUUd4MWhMaG5PVjNpM3p5VEczV3VXMGlTUUVTWE1rc1ZIbFh0b2k0OWptYW1MelowSTJaaGlEZDBWSE1LdU1YRHFQY3IxNlE?oc=5,unclear,,,,標題未以機構名稱形式出現可辨識名稱,0,0,待人工研判
2026-09-03-news-v1,裁罰處分,2023-07-12,CTWANT,新北檢偵結板橋餵藥案 幼兒園長老師等人皆不起訴 | 社會 | CTWANT - CTWANT,https://news.google.com/rss/articles/CBMiT0FVX3lxTE5QOUVzZjFNVmFjeGJ0OUZReGU0TXRma0xzNXp0MVlUV3JMZ3F5U0ItSE81N1ZiR0FWbFlKci1pQkpKR29Ha2ZtemRyTmNTQmvSAVRBVV95cUxQQ3BKLS1BdW1SWVRIU21yYmxXU18zNFIxeEtVZ2V6SFBpSDB4aV9uZ2ZRWktMVlFzQl8tTnY0VWtybWJsRmd1TEwzY21CQ1pYdVFZcFI?oc=5,unclear,,,,標題未以機構名稱形式出現可辨識名稱,0,0,待人工研判
2026-09-03-news-v1,裁罰處分,2025-09-03,中時新聞網,新北幼兒園餵藥案查無教師施暴、下藥證據！檢方續查仍不起訴 - 中時新聞網,https://news.google.com/rss/articles/CBMibkFVX3lxTE55U3ZrcjJ2aG1ESGg0VFFhSnl6VzRUcDJIWmQ3Wkk4X2dGeDVXNlk1QmVrZ2d0aHAyNjBMM3JVSmdNMGhWT2ZGZjQwTEVsVTlhQjRraWtMY1liX0pMT2JJWEZNOU0tTTRsTHlsd2Nn?oc=5,unclear,,,,標題未以機構名稱形式出現可辨識名稱,0,0,待人工研判
2026-09-03-news-v1,裁罰處分,2023-07-12,網路溫度計 DailyView,快訊／板橋幼兒園餵藥案全獲不起訴 侯辦：賴清德24小時內道歉｜熱門話題 - 網路溫度計 DailyView,https://news.google.com/rss/articles/CBMiU0FVX3lxTE1rY2laRkpBWkk3bVJkamw2NUJMQXdLQ3VCNFplZUlaTWRTbThFMjJsVEM2WlRfTXAtbVNnX3pHYnRTUDJXWEJwT0x1bDJadjNsdDkw?oc=5,unclear,,,,標題未以機構名稱形式出現可辨識名稱,0,0,待人工研判
2026-09-03-news-v1,裁罰處分,2024-07-22,自由時報,脫褲、頭撞地！新北教保員涉施暴8童教育局開罰勒令停招- 社會 - 自由時報,https://news.google.com/rss/articles/CBMiaEFVX3lxTE5ZeEZibzdReGZSdmstQmMwRU9SYy1PVWU1ckl4SmU1T190bFJlS1JySUo4aE1WalMxNnE4d3JCXzBLMjZGb01kX3hmU3VDSnRPRGRLZnZSWVcwSGYxREo3S3NuNHVVaFJm?oc=5,incident,,,,標題未以機構名稱形式出現可辨識名稱,0,0,待人工研判
2026-09-03-news-v1,裁罰處分,2021-09-07,LINE TODAY,板橋幼兒園晚間變安親班 新北開罰20萬還要「勒令停業」 - LINE TODAY,https://news.google.com/rss/articles/CBMiVEFVX3lxTE9vdEZYTmVmUUZ3VkZraUIwSDRudzJ6bTlvSHFDSnk3blZ2SnVnOUluM0tYa3pFQWZmLVBRMTgwRTJUbW5HT2pNdEFjbE10c2RJVkpaOA?oc=5,incident,,,,標題未以機構名稱形式出現可辨識名稱,0,0,待人工研判
2026-09-03-news-v1,裁罰處分,2025-01-19,自由時報,新北某公幼遭控處罰遲到童撐牆 教育局：1/20將到園稽查 - 自由時報,https://news.google.com/rss/articles/CBMia0FVX3lxTE90YV9Qd1B0NWJxZXFraUdaZzBuNzc5V3pfRXc4TXlkWHg3enRHaWhhdXRwanVxTXk1ekZVaVhsWENIUl9TdXhTZzl6NzE5dlpKaXI3U3Z5RFZsUzNUa0ZvVkpwa1JMbWtuRVF30gFwQVVfeXFMUGxDX0VRbXlQa1QtWTlGZnJwdTFmWUNwM1N3aGJiUGJtTFR2Zm9VNlVlNWlLWEJreUU1ci05S053WkJVVkR3VktYdDBRS3RGNkxIZGRjR0F4OFNSWlQzc0hKTFFUNXk4eElOd1FvUDZ3aw?oc=5,unclear,,,,標題未以機構名稱形式出現可辨識名稱,0,0,待人工研判
2026-09-03-news-v1,裁罰處分,2019-11-06,自由時報,新北中冠幼兒園爆超收逾50名孩童開罰17萬元勒令停業- 生活 - 自由時報,https://news.google.com/rss/articles/CBMiZEFVX3lxTE9ESXdfRFR6WEdtNl9MdHR0aVg2aGY3WmhxZVZic1BJQjFUeGhJMVBjaC05NTBiQWl0c1U4aU9udkFTSGVyLW9rTmlTRGtiYXBVSEVsTE1sR2l2aHBXeHN1OVdqUzc?oc=5,incident,afc5cb83-ded9-4a88-a026-a77b70c2d74d,新北市私立中冠幼兒園,中冠,標題以機構名稱形式出現可辨識名稱,0,0,待人工研判
2026-09-03-news-v1,裁罰處分,2023-06-21,CTWANT,林口幼兒園涉虐12童　教育局裁罰教保員60萬元 | 社會 | CTWANT - CTWANT,https://news.google.com/rss/articles/CBMiT0FVX3lxTE9GN1ZjY2RNU1hraS1fN2d5Z0tpekdqRzZuVHB4WW15dUpzNmxoVWV5YjFfN1BZU3BoMGFHVHY2Q3R0TlhpbU0wcktLelhjOWfSAVRBVV95cUxQMEpNWHA2cllXMmt0UVpFcEExZlVTMGhCbVZpLV9pRlhFMkVyZkdpUk90VDFSQTJXZGpNYVlwZm1FcG5CN0JIVTNEN0lNeVZ4QUdDX04?oc=5,incident,,,,標題未以機構名稱形式出現可辨識名稱,0,0,待人工研判
2026-09-03-news-v1,裁罰處分,2019-11-06,蕃新聞,蘆洲中冠幼兒園違規超收 新北重罰勒令停業1年 - 蕃新聞,https://news.google.com/rss/articles/CBMiUkFVX3lxTE1kQkstU0xyVDB6ODZuSmEwZDF0WmlsenpSTWJmRnFNb2pTeWFEa0MzZnVDTDFLTTc0WkFoVzZ0TkVDQ3VxRDM2Vjc0emNjcHl6dVE?oc=5,incident,afc5cb83-ded9-4a88-a026-a77b70c2d74d,新北市私立中冠幼兒園,中冠,標題以機構名稱形式出現可辨識名稱,1,0,待人工研判
2026-09-03-news-v1,裁罰處分,2019-09-23,TVBS新聞網,未立案幼兒園收51名學生 家長怒：怎沒公告 - TVBS新聞網,https://news.google.com/rss/articles/CBMiTkFVX3lxTE5xNmVNaFdpb2Fqc0Z3Q1hoU3k2ZGlfaGNmOW1SR3RxV3RYMkxUVmpzdHVQM01oWHk3YzlTbm1rZUZiSi1SVURsWDlJbmw2UQ?oc=5,unclear,,,,標題未以機構名稱形式出現可辨識名稱,0,0,待人工研判
2026-09-03-news-v1,裁罰處分,2020-06-05,ETtoday新聞雲,年費30萬！新北奇異鳥美語違法收幼童　教育局開罰6萬列重點稽查 - ETtoday新聞雲,https://news.google.com/rss/articles/CBMiXkFVX3lxTE1FR3RWc2lHYUYxOHZDREhxalQzUVNvakxvUi0wZkJvV2RPaTRYeTg0aTI0SlcyMXFrX0ZUeWZROHRtY3NaWVdCVzB6XzZyT0tVdE1RamJSVGloUkVfQ1HSAUtBVV95cUxNUjJMM3NIVDdxTjMxVUlQUHhWMVF4Rko5NUo0N1I1UzM4Q1ktOHFyaWU5cEZmanBMZXdEMjFlZTEtc2pWamxIREZQcWM?oc=5,incident,,,,標題未以機構名稱形式出現可辨識名稱,0,0,待人工研判
2026-09-03-news-v1,停辦廢止,2026-07-08,setn.com,板橋私幼餵藥事件時間序出爐！幼兒園遭廢止設立許可　重罰15萬元 - setn.com,https://news.google.com/rss/articles/CBMiSEFVX3lxTE1Pak8zT3pfdEtnNUlfSnRaLU96SllOVFdxTmx1RUxnenNrYVoyZkszMXR3NExzdXhkMVBad1JGUG5JM292YlA0bNIBTEFVX3lxTFBsaGhlU3hLMmFBbzVSaEJ5Y3JhbDRyZEJSakZXSFJzaVVhM1NxWVMtX2xDWDAtdURFbDJwNnRUYmFHVnZQc3J3Z0t4bGM?oc=5,incident,,,,標題未以機構名稱形式出現可辨識名稱,0,0,待人工研判
2026-09-03-news-v1,停辦廢止,2025-05-30,Storm.mg,私立幼兒園不當對待零容忍 新北教育局嚴懲公告、勒令停招! | 李梅瑛 | 地方新聞 - Storm.mg,https://news.google.com/rss/articles/CBMiTEFVX3lxTE5DS2dNWVpSeENnbVNsQU1aQ3JiQlQ5eTNmTUVSUW14WVdVZHBZdUswM2ZRUDhVRkFPOHprOGR5QTNaekVxc09TMElqUmI?oc=5,incident,,,,標題未以機構名稱形式出現可辨識名稱,0,0,待人工研判
2026-09-03-news-v1,停辦廢止,2023-06-20,tw.news.yahoo.com,新北虐12童幼兒園被勒令停招 劣！竟打算遷址另起爐灶 - tw.news.yahoo.com,https://news.google.com/rss/articles/CBMi4AJBVV95cUxPNi1maDNubGVoWnh1cWxfdktLSHVfS0FyVGxZaGJ2LUprc1JNM1ZUdTBNNHBXZFNJMHZHSDNaYzdEWjhVaE12VkJGdXo5YXpaTklSUmc0V3k1OHNCaGJrd1VaMURwb3QxQ0EwZTNuNG93MEVrbWNGT2FJWWw0bmdydzRLbkhRQkJJWm11YXFobWgwTVdreE8xNnhBREFqa1RqOVlBYkV6VjVraV94TkUySkRzNXhfYk1UazF0Qklld2ItR2ljcjROREJ2YlhFcU1pNWRlMm53SnVoSXU3OXlZcE9JTU1Pb3JBUzhjX0hicW9OTC1ocmVJNXVlWEpwS1RDWUlCb0dINjNEai1yMTZuUHVRM3FtaEZHbFFPNnNNTU45VzlZRjFUVkVneHBPaWw3ZzZmU0ZhSlBhNkdaMS14M2pwNVR2ekdTNnl2RmxnOEp3RGdRLUlReUp6a1NIa1Bz?oc=5,incident,,,,標題未以機構名稱形式出現可辨識名稱,0,0,待人工研判
2026-09-03-news-v1,停辦廢止,2025-10-08,中央社 CNA,林口某補習班違法收幼兒遭控虐童新北啟動退費安置輔導| 生活 - 中央社 CNA,https://news.google.com/rss/articles/CBMiX0FVX3lxTE9XVlRoTFV0OEVPX2ZhRnVxaS1DN0pyU0pzVGQ3aGRrSlg2SUlYNERsSGpOTDM2V1NJVzNPemtwZG93OFVPT1BheTlZM0hOMmZodXNtalZSN1JNVVh1Smpv?oc=5,incident,,,,標題未以機構名稱形式出現可辨識名稱,0,0,待人工研判
2026-09-03-news-v1,停辦廢止,2023-07-13,news.pts.org.tw,幼兒園餵藥案／遭幼師控未審先判 王婉諭指未洩露個資 - news.pts.org.tw,https://news.google.com/rss/articles/CBMiT0FVX3lxTE0ySjdoWlNzY2NISXhneE05QkwtbW1FSnVVb1JQd29BaFpzNHJJOExhTFN1bUJhT2lNcy05V2hPTm5Xc3ZsMXNzVi1MVU5BeUk?oc=5,unclear,,,,標題未以機構名稱形式出現可辨識名稱,0,0,待人工研判
2026-09-03-news-v1,停辦廢止,2023-06-08,網路溫度計 DailyView,新北幼兒園餵藥案！8學童驗出微量反應 遭廢止設立許可傳7月底將歇業｜熱門話題 - 網路溫度計 DailyView,https://news.google.com/rss/articles/CBMiU0FVX3lxTE81R2RpSElQOVRHSG1wZEhEcVgyNTFNQ21qY254SDZzaTNGbDhLUk83b1U1akk5d2ZlTFVORVFnZTFGWHJiZXRLS0hxTDhxTHo0MTVV?oc=5,incident,,,,標題未以機構名稱形式出現可辨識名稱,0,0,待人工研判
2026-09-03-news-v1,停辦廢止,2026-04-10,news.ltn.com.tw,拉扯女童上衣、企圖脫褲 板橋欣勵德私幼女園長被勒令停職、調查 - news.ltn.com.tw,https://news.google.com/rss/articles/CBMiaEFVX3lxTE1nVnp2S3BhVFBKVGpEN1JMdXh4RUNGYUIzNERLZ21fTEhyVzE4LTMyWVQwMDFMUmg4aU9ENkoxNFNjbWs4UFZCSkxaNHdPcHVsQlhLWE10MDlyMk82VGtTREVBdFpwTXoy?oc=5,incident,,,,標題未以機構名稱形式出現可辨識名稱,0,0,待人工研判
2026-09-03-news-v1,停辦廢止,2024-07-22,梅花新聞網,新北幼兒園爆施虐幼童 教育局重罰並令停招 - 梅花新聞網,https://news.google.com/rss/articles/CBMiWEFVX3lxTFBqNVh4QTJUc19YQkdBTUlwdXZLQ25NNnpFUmhGRFpyelRkU3lUdEtLSkRyVGk4YzdaSk5hcExMWm1lZlZZSkdDOXFXYnBNcHNRWHRybUQxMnk?oc=5,unclear,,,,標題未以機構名稱形式出現可辨識名稱,0,0,待人工研判
2026-09-03-news-v1,停辦廢止,2025-10-30,setn.com,新北虐童案民代公布新證據　教育局：2教保員已勒令停職 - setn.com,https://news.google.com/rss/articles/CBMiSEFVX3lxTE12NmJaNS1JZENmdlZvc194Qm82R2tudHhnX3NJUFRyYUk1ZWNtakhaWmZlZ2RxZWpEeW9HVC1GaThCdUU1eDlJWdIBTEFVX3lxTE1hZXpSSGNubW94WWswS01uWlZnYkVqTXU5aEVOSXZ6MFFaaTdyUHB2MFlJWE5QQV9kdzVVZFBtQVI2MFdJRGJQeXhUQWM?oc=5,incident,,,,標題未以機構名稱形式出現可辨識名稱,0,0,待人工研判
2026-09-03-news-v1,停辦廢止,2023-06-09,信傳媒,新北幼兒園餵毒案》市府滅火將天天開記者會 綠議員踢館：國民黨議員說4月就接到陳情 - 信傳媒,https://news.google.com/rss/articles/CBMiWkFVX3lxTE91bWdEN3oxQTdoYURDNHFxMWtZT2pfYkhkVl9ucGh1M2xLUG90TC1hb0g0dEd3ZFh4cW5RaXpjSHJMYURZZmZXRHo5SkY5MDJiaWFubmUzbU83QQ?oc=5,unclear,,,,標題未以機構名稱形式出現可辨識名稱,0,0,待人工研判
2026-09-03-news-v1,停辦廢止,2023-06-20,setn.com,呼巴掌、罰站吃午餐！連鎖幼兒園爆不當管教　新北教育局勒令停招 - setn.com,https://news.google.com/rss/articles/CBMiSEFVX3lxTE44ZWtLMExTc2xpVmhRYnJnQ3dQWERLYTFaVEJDc1RNN09mN0VsaVhnRGpfR0UtdGFRTWFadU9iclQ2SnFUT3RqMNIBTEFVX3lxTE1JcUJMQ0M2NElIdW10UUhoa0hmaEZYOWNXejBqVGZTeG5MMmp3bGdobklQT0Y5alN0WHUtWHB2V1JlLU5oeWlfZUlKckM?oc=5,incident,,,,標題未以機構名稱形式出現可辨識名稱,0,0,待人工研判
2026-09-03-news-v1,停辦廢止,2026-04-13,news.ltn.com.tw,2歲幼兒被拍打拖行、持剪刀恐嚇 新莊私幼最重可勒令停辦 - news.ltn.com.tw,https://news.google.com/rss/articles/CBMiZEFVX3lxTE9DLW12SVN5MHU0QWlSb0o1TFFsTXVfanMxaDBsQzE2T1oxUjAxU0JYLV90N3o0b3lVVHk2TjZHVjkzOFI2RjR3c2NWUDMyTTRVMlVQdHU5eHRoRm8xS1BsMDhRRVbSAWpBVV95cUxNZWFDekRXdlMzMGIyd21sQUVzczBkV3pFVWFPeGFFVFNRdWk1MW1NeHFNRnhUN2U2dGp4aHJacV9BZ0xVcXFkTjIxd0pTMUozdEQxbDZUWjhOOHVYSkd3MjNqdEptb0ZyYkdn?oc=5,incident,,,,標題未以機構名稱形式出現可辨識名稱,0,0,待人工研判
2026-09-03-news-v1,停辦廢止,2024-07-23,mombaby.com.tw,孩子尿褲子，教保員抓腳致頭部重擊地板，脫褲羞辱，新北市福音幼兒園勒令停招 - mombaby.com.tw,https://news.google.com/rss/articles/CBMiVkFVX3lxTE9QNURJM2Q2VEEtTEJnQnU4LVo1M0VMcmJNV3NiSXFVTngtTS1nZUZ5MWJaTzN3VkJPbkVRYktFYmktU1lyMVdMSldYZXhpcUVRd3FLSVJB?oc=5,incident,,,,標題提及其他縣市（北市），不予歸屬,0,0,待人工研判
2026-09-03-news-v1,停辦廢止,2023-06-30,news.pts.org.tw,板橋幼園疑餵藥未檢出 侯友宜曾罵師「居心叵測」今致歉 - news.pts.org.tw,https://news.google.com/rss/articles/CBMiT0FVX3lxTE10Q3VfaVRQeGtJVFZnTFhjalEzcU44aDVTbHZXWGUtVkRZaTcxWXJna3Z0aXRoVjItTXBEaXJOdWNhZHNITE9GV0FDSm5UODg?oc=5,unclear,,,,標題未以機構名稱形式出現可辨識名稱,0,0,待人工研判
2026-09-03-news-v1,停辦廢止,2023-07-01,台灣事實查核中心,【議題觀察室】 質譜儀驗證未檢出 為何板橋幼兒園8幼童血檢有「微量反應」？ - 台灣事實查核中心,https://news.google.com/rss/articles/CBMiZ0FVX3lxTE5qU0lIYkJaSG1uUHRZa21OZkNuTElQN05ZemNnTjFaTkYteFZRWlhHWjdHa0wtQWpWRTBPeEJRMnUyaTIyMEdhU3I1RTVmUmtOSTNHaEVMSGR5elUzdXZod0VWc0F4RUU?oc=5,unclear,,,,標題未以機構名稱形式出現可辨識名稱,0,0,待人工研判
2026-09-03-news-v1,停辦廢止,2024-08-08,鏡週刊Mirror Media,三重私立幼兒園體罰幼生　教育局重罰60萬並勒令停招 - 鏡週刊Mirror Media,https://news.google.com/rss/articles/CBMiW0FVX3lxTE1WcE9jS2QxR2prLVJiN09mSGJzUzhZeTJfQVE3T0VlQ2MwZFhvemhaUXNOdUI3TTdyX1dPd0pZLThiM2VZemU3NWtIS1Jkc2NzM2hoV0tVSmxzc0XSAWBBVV95cUxPZEFTSEMzQmcyUkFnRUcwY0tvbnJqTVJyaGRBUjdrT3QydUMxU0Z6d2RkaHZOT3BNWG5PR29kVEpKUDl3MUhiZjI4dWZNQzhJcVBUejF2d3hIUmxfcld0QXE?oc=5,incident,,,,標題未以機構名稱形式出現可辨識名稱,0,0,待人工研判
2026-09-03-news-v1,停辦廢止,2023-06-28,台灣事實查核中心,【議題觀察室】新北板橋某幼兒園疑似餵藥案是「烏龍」？ 4大QA釐清爭議點 - 台灣事實查核中心,https://news.google.com/rss/articles/CBMiZ0FVX3lxTE9KMFBKb0xoeFltSHhvMlBCOFFJM2VWRTdZTDJMSDd1dkFMRXZpcFoxYmRFSi1FQXNhOGVpSURXdjM2Rk1EcFNnSjQtUnRWT1FZZTBWTkVfOVQ5eUpYaUg3eWl4WC1zUHM?oc=5,unclear,,,,報導刻意匿名，不予歸屬,0,1,待人工研判
2026-09-03-news-v1,停辦廢止,2021-07-13,news.ltn.com.tw,歷年來首次！新北國中小暨幼兒園教甄今年決議停辦 - news.ltn.com.tw,https://news.google.com/rss/articles/CBMiZEFVX3lxTE1uamJHeTFncU14RFFyQ24yVHk5bUdrelp2Vk1oaUY2VGxzbkZ0RkczTHpCOEVUU3hTeUgta2R0SGEzbFh4SEdwSlNyLUpHNWR2b05KNzJjQzNGVEloOXhjSERRbDfSAWpBVV95cUxOYkxHYXlJZTMtV2ZWcHNrSFlnVEV3TzVCLXFxV0xyV3RMSGxRNjRzQXh0QmI2aWZrRTE0bE5XZVU0NmtWY3FBUnp0MlE5LUJ4T3BlY29pREt0aC0wZlpoSGdmZ2NDVV9YTFlR?oc=5,incident,,,,標題未以機構名稱形式出現可辨識名稱,0,0,待人工研判
2026-09-03-news-v1,停辦廢止,2024-08-08,CTWANT,新北私幼教保員「體罰5童」行徑曝　教育局重罰60萬！勒令園方停招 | 社會 | CTWANT - CTWANT,https://news.google.com/rss/articles/CBMiT0FVX3lxTE9GaldPa1FLeVlrTXZTLWN3TnhRV3pZMHl4MFlETGFIQXRwUHlFRkxCUmxEUkoyNXgtV0xWemhON2kzYmthSi1ubDhsdW5xVzTSAVRBVV95cUxPNDhBaHV4SEhnOHdpMm5nUENCRUpRa1Q2Tm5sdnJabW52NTRPNFJzdjFEUEROYXhUUF9LaVA4MDNlZld6eUpnVnZ6TXlYdTRpUnBoaFM?oc=5,incident,,,,標題未以機構名稱形式出現可辨識名稱,0,0,待人工研判
2026-09-03-news-v1,停辦廢止,2025-10-08,TVBS新聞網,林口幼兒園遭控膠帶封嘴、關黑屋 教育局揭穿違法經營勒令停辦 - TVBS新聞網,https://news.google.com/rss/articles/CBMiT0FVX3lxTE15WFkzLWFEcXluandxVzNpSnpya2JKaER3X2tlNnpudXM5N3pEVlVUSFZpbnlja1NDWl9FTVVIU3dDb25fck1SRGxteGkzMlU?oc=5,incident,,,,標題未以機構名稱形式出現可辨識名稱,0,0,待人工研判
2026-09-03-news-v1,停辦廢止,2024-07-23,news.ltn.com.tw,對8童施暴、脫褲羞辱板橋私幼3教保員送辦／分別裁罰3萬~60萬福音幼兒園罰6萬、勒令停招- 生活 - news.ltn.com.tw,https://news.google.com/rss/articles/CBMiW0FVX3lxTE56ZnZ2ZDZTNHdVekdDNHhlVHlZU1lUbVd0czNLTVZkMGdQaWhfN0Nwd0otVzh0OTFJZHM3d1E3MzNiakcxVzA5eVlIejBMcXBpanFUMHJTQmI0b28?oc=5,incident,7196f653-1692-4cdc-9408-0ec0514cd563,新北市私立福音幼兒園,福音,標題以機構名稱形式出現可辨識名稱,1,0,待人工研判
2026-09-03-news-v1,停辦廢止,2019-11-06,台灣好新聞,蘆洲中冠幼兒園違規超收 新北重罰勒令停業1年 - 台灣好新聞,https://news.google.com/rss/articles/CBMiS0FVX3lxTE5YeVRCVkZkaVpEZUdhX2JSNmQ1U3VlZ2N4ak9iNWpTYzJhVm4yY3ViVGVKZUFLVzEyTjMxWXBrTmw4R2lTNllkQ1NSNA?oc=5,incident,afc5cb83-ded9-4a88-a026-a77b70c2d74d,新北市私立中冠幼兒園,中冠,標題以機構名稱形式出現可辨識名稱,1,0,待人工研判
2026-09-03-news-v1,停辦廢止,2023-06-08,TVBS新聞網,新北幼兒園安眠藥集體餵毒！教育局否認慢半拍 通報時間序曝光 - TVBS新聞網,https://news.google.com/rss/articles/CBMiU0FVX3lxTE45dkxoQWlBb2xjUTM4cC16c01scHJuWkdmdV9RN1lJQl9UOWFGTTFnZEV1RjlfcUxZNXAxTFk5YlVRR3ZwUU5hYkRyU1gyTkk4TnRN?oc=5,unclear,,,,標題未以機構名稱形式出現可辨識名稱,0,0,待人工研判
2026-09-03-news-v1,停辦廢止,2025-10-08,東森新聞,林口某幼兒園「膠帶封幼童嘴」！教育局勒令停辦 YTR出手提告了 - 東森新聞,https://news.google.com/rss/articles/CBMiVkFVX3lxTE5wZ2xndkpxQkp5dklIY1lUd08xYTdod0tVSkF1SlBObS1DQmwwTkVNNUZhWkNaSkc3SWZGeTFqcnl4akpMTUFNV3FYdXBOeTh0eDlGZGZB?oc=5,incident,,,,報導刻意匿名，不予歸屬,0,1,待人工研判
2026-09-03-news-v1,停辦廢止,2024-07-22,news.ltn.com.tw,新北教保員涉施暴被挨罰勒令停招侯友宜：不適當者絕不寬貸- 社會 - news.ltn.com.tw,https://news.google.com/rss/articles/CBMiaEFVX3lxTFBtVjc0WnRCVmFVUkpNdTVGWnNMb2NwQlZrV2NpeUVRTHg2NUcxMV9rU3NBVk1rX2xqc3FSZHI2dFNnQm15UTQ2b2R4WkpPU1JVdUg0TUR5NUpPSFVKUHhzSXE3a3duMXNE?oc=5,incident,,,,標題未以機構名稱形式出現可辨識名稱,0,0,待人工研判
2026-09-03-news-v1,停辦廢止,2019-11-06,chinatimes.com,蘆洲中冠幼兒園6度超收 遭勒令停業1年 - chinatimes.com,https://news.google.com/rss/articles/CBMibkFVX3lxTE1aT3RSRzBpNUZ0MUFGeWY2TzB2elhpUjBkQm13akVvV0ZfWUNWcjRfbEMwbHFtUjhocW1kSGFoX1BuQldyR3d1a2x5UG9BMHM3d2FLa3RMUTdZN3dXZ1lxaHdKalRJTWxxT0ltOVFR?oc=5,incident,afc5cb83-ded9-4a88-a026-a77b70c2d74d,新北市私立中冠幼兒園,中冠,標題以機構名稱形式出現可辨識名稱,1,0,待人工研判
2026-09-03-news-v1,停辦廢止,2020-08-05,CTWANT,去年共44件幼兒園違規超收　教育局：狀況嚴重勒令停業 | 社會 | CTWANT - CTWANT,https://news.google.com/rss/articles/CBMiTkFVX3lxTE0xSk42aUE5bmtOei1LN19SUFZLX09oU1BCemwzYy1INDFiR0dnT0RsNE56c2RHa3JvV1pISWdORV9haVVfY3M4Wlh1UmY1Z9IBU0FVX3lxTE5aRGxfVHBJY1lGVVdYZzdsb2x5WWhlZDhyYS1YRWlEb0ZIOGtHcFl6YXpsVjVORU1JS2FlbkEtdTV3RzlhbTFHQTF3OVlmc3puRFFV?oc=5,incident,,,,標題未以機構名稱形式出現可辨識名稱,0,0,待人工研判
2026-09-03-news-v1,停辦廢止,2023-06-21,ETtoday新聞雲,林口幼兒園黑記錄不斷！勒令停辦1年　教保員重罰60萬丟飯碗 - ETtoday新聞雲,https://news.google.com/rss/articles/CBMiXkFVX3lxTE1TcWVNbjFOMUZweEJXM2FPcloxNUZRVW9FZGhGWmJsVi16LU1MYWRqd2JLcFg3bmtjUFdxNFROR0NId2kzRUlHdzRBUGVzUUJOUUE0T0NZSEs1QjhZeWfSAUtBVV95cUxNWWpqUUwxTEVWbWJJVjNnWTByVUxpMnFQOUwwaVFKbXFaSUpDUkY2a2ttU254TnlnSjYtX25IT3VDZTdQX1J5T2Qtb1k?oc=5,incident,,,,標題未以機構名稱形式出現可辨識名稱,0,0,待人工研判
2026-09-03-news-v1,停辦廢止,2023-06-19,Storm.mg,高雄4醫爆不當用藥…至少20名孩子受影響！衛生局勒令停業、 開罰 - Storm.mg,https://news.google.com/rss/articles/CBMiT0FVX3lxTE5Gdy02ZU5lMVdUWFNsMFFsdEtiZVhsT09qdlJSakZjVHBBUHd4dmtVdWVVOVFYdGJOM3VubDk1dy1mMzYwbnVMSUxDN2E0NjA?oc=5,incident,,,,標題提及其他縣市（高雄），不予歸屬,0,0,待人工研判
2026-09-03-news-v1,停辦廢止,2019-01-10,好房網News,托嬰中心疑集體虐童　新北重罰勒令停辦 - 好房網News,https://news.google.com/rss/articles/CBMia0FVX3lxTE1PNTdndEpoQUpYQW1tTXJVLWFhcnRoWkplSlA0Uk1Wb21DLVNZVDFvREpzMDE0Ul8tSUtKMV9ucEFNX29CZE54ODRrNFRiRDhaMFhaOGhQOHZZRTJKTW0yczdmMGw0T013VHRN0gFwQVVfeXFMUDdHU2RGM2JVYlZ5R2dNSWhYRW1BaGJhbWxUTE0weTA3UWF2d0trSUF3RDB3anE0Q1kxUk1lU1pBTXk3UEo4OVdYRHdJaUV3WHJWX1hoOWlyaVJLcDZGN2RBWjlzbE5TUlJqRWZIeUF3bg?oc=5,incident,,,,標題未以機構名稱形式出現可辨識名稱,0,0,待人工研判
2026-09-03-news-v1,停辦廢止,2020-08-05,chinatimes.com,去年共44件幼兒園違規超收 教育局:狀況嚴重勒令停業 - 社會 - chinatimes.com,https://news.google.com/rss/articles/CBMibkFVX3lxTFBQelJRQ0htMjFYd1RKUUFpTUNBbEVuRGozYmxFRTJBb0xaeEhDbURlUF90Y2dCWEU0M3IydlhXYWNmRHVpd01nSmMxaGYtQjRsejVhV21MeEowcU1mOGNpMGRQWTlKdkxHbGFDLVdR?oc=5,incident,,,,標題未以機構名稱形式出現可辨識名稱,0,0,待人工研判
2026-09-03-news-v1,收費爭議,2026-04-10,壹電視,獨家／板橋幼兒園施虐非首次 惡園長「打完小孩再買糖」 - 壹電視,https://news.google.com/rss/articles/CBMif0FVX3lxTFBybWYyTDFfdzY0Vnk4ZW1INHpBX3lNOVRnM1JMdW9Eb19LY1BhUjdha0p5RGtSODA4OVFLemJKN1A5bE1ScGZoZGNnMk9tSVk1aUY1TXVfa2pRUGlrTUR5MmxuWWNDOXAzLW5VZUpSN2NDR0N0dEdDM0dWZFRvS2M?oc=5,unclear,,,,標題未以機構名稱形式出現可辨識名稱,0,0,待人工研判
2026-09-03-news-v1,收費爭議,2019-10-03,遠見雜誌,台灣幼教「寄生上流」翻版？皇佳幼兒園超收90生反鎖密室避稽查 - 遠見雜誌,https://news.google.com/rss/articles/CBMiTEFVX3lxTFBaaXQ3MFJDODhEODRaTEZhcnk1MjAwV182dDlJcUtSRFNwNXpsUWV1bXJhY2RhaEtUX3dsZDdhWHhua0I5QnlqbnU4aG0?oc=5,incident,df65b2a1-e05d-420e-aa85-8a752e351c9d,新北市私立皇佳幼兒園,皇佳,標題以機構名稱形式出現可辨識名稱,0,0,待人工研判
2026-09-03-news-v1,收費爭議,2019-10-07,setn.com,荒謬！新北幼兒園遭爆藤條砸童　違法超收竟設「密室」解決 - setn.com,https://news.google.com/rss/articles/CBMiR0FVX3lxTE5uSmdYRy1fbEgzU0RybXI2b1EtYWgxX3BRc0tNNnRvTlRaeW16WXJUUXQzNkFFRk9VVzZyU200NDNzWUljRmNj0gFLQVVfeXFMUE5BVnRVTS0waTRtak1jRTJDZzBEX3hzaG5sdHVnR2h1eXZBT3R6dDZJanRySXVucnNsX0tiSXUxalRmUzRNNDFXa21N?oc=5,incident,,,,標題未以機構名稱形式出現可辨識名稱,0,0,待人工研判
2026-09-03-news-v1,收費爭議,2019-10-07,chinatimes.com,私立幼兒園爆密室超收 新北市府停招重罰 - chinatimes.com,https://news.google.com/rss/articles/CBMibkFVX3lxTE5sZEdFMV91VUE0djJaTUFfdG5zSi1SZlp4Rk1vSjVlXzl1dm1HSnV2ejVkdFZWM1c2Mm5PTVhpNFpZOGRyNGQ5RGZYZGU4MGZNX0JxeFh4RmJkUmcxRFBzeWNDd3ljbklUY1ZSVl9B?oc=5,incident,,,,標題提及其他縣市（北市），不予歸屬,0,0,待人工研判
2026-09-03-news-v1,收費爭議,2019-10-03,好房網News,板橋私幼超收90生　突檢發現藏密室　重罰30萬令停招 - 好房網News,https://news.google.com/rss/articles/CBMia0FVX3lxTFBOajBqVExZSGdQWFRuYVVYbmRWaG9iUFduWE4wQlhnSGprM2dFc0pKZnc2TE9YQVViajRoU0dLSVk4bHdNLUYzbllVQ3BIVTZhVzYzYWVER1JyLXlrcm1iRy1DZTJKYjZWQ1Zv0gFwQVVfeXFMTjEwTE5BQWhmRWJTV3UyOWxSR0pPUHl5VmpHWW8yeWpDZldlVEhLYklDbC1QSXhIWFFVQVlqeUNabUpMTnJjdGpYQnZnRVNXQ1dtNmZzaVZtVmgyV09abGdmZTdTanI2b0RYZkZJU0ZOVg?oc=5,incident,,,,標題未以機構名稱形式出現可辨識名稱,0,0,待人工研判
2026-09-03-news-v1,收費爭議,2026-06-09,UDN,彰化師鐸獎幼兒園主任超收學費、虛報補助 檢起訴求重刑12年 - UDN,https://news.google.com/rss/articles/CBMiUEFVX3lxTE5mci1oZmh4enJBM1BSNDlibll0c0JzSGNRalE0WG1oMGQtVmxrdHR5WDBDcHVYZXllbVJqMW5mUUpvd2hSUktCVTV2YThLRVBQ0gFWQVVfeXFMTmZ3SEZKMUoxSWk3azdhUVJ4aVRhY2MwYWU0ajN6VWlKSXBLNUxEMUV4SHgwTzZBLXBaNEIxQ0JMUmIxUmNfZldDdHZPc0FBMGFZQXJBQXc?oc=5,incident,,,,標題提及其他縣市（彰化），不予歸屬,0,0,待人工研判
2026-09-03-news-v1,收費爭議,2020-12-17,news.ltn.com.tw,幼園超收、不當對待擬修法重罰新北教局籲設公告期限及下架機制- 生活 - news.ltn.com.tw,https://news.google.com/rss/articles/CBMiZEFVX3lxTFAzT19YNElfSXhjZTJIZi11cXAwbEtTeF8xejBEZDMwSkpLY2NESFl5S1RxMWJ5MjRmZllVNnNrejExeFJXb2M2Z3NQNWNNdGZPSUdjOTlqQThyT3FPQjZ5SmVaOGM?oc=5,incident,,,,標題未以機構名稱形式出現可辨識名稱,0,0,待人工研判
2026-09-03-news-v1,收費爭議,2018-05-18,news.pts.org.tw,消基會：7成私幼退費機制違規 - news.pts.org.tw,https://news.google.com/rss/articles/CBMiT0FVX3lxTE5vRlhiSVk2Uk1peF9mZ1lwOU5zYjl2ME14TURWaUtYUDRwUFI0M040bllEZWk4R1VzekYzeE5qbVF3RWhDNEl5NkhHVWFtdnc?oc=5,incident,,,,標題未以機構名稱形式出現可辨識名稱,0,0,待人工研判
2026-09-03-news-v1,收費爭議,2020-07-03,好房網News,華盛頓幼兒園上月才超收挨罰　再爆超收上百人 - 好房網News,https://news.google.com/rss/articles/CBMia0FVX3lxTE5jdFNLUmxjWGR4WFc4NW1JNWdNQVNndjhQbDJHalNVSS1NZHJQcUpQdU5RWWFlVXJydFduUjZmLXVLSG0wZG1FMmdUcFN4U2xLWFJ5dldOWVF3UGhGZ2Q0Qmg4Y0p0RW1feENv0gFwQVVfeXFMT1lNdWQwQUE5N3hUWVhaaUpsSEtUS2lXQ25KdUwzbW5xNUJ6WEVoMWMyeGFwc1NaaTEyR2toYjNfNkd6OGhrZXQ5TGExZU5sZUt6cGVXYjByNmlqOTRrVk1nZkg3a0pRQ0hUbVJZLU1VUw?oc=5,incident,ddd713e8-82fc-4044-af3b-f5081eccf198,新北市私立華盛頓幼兒園,華盛頓,標題以機構名稱形式出現可辨識名稱,0,0,待人工研判
2026-09-03-news-v1,收費爭議,2019-10-02,news.ltn.com.tw,板橋知名幼兒園爆超收 百名學童藏密室躲稽查 - news.ltn.com.tw,https://news.google.com/rss/articles/CBMiZEFVX3lxTE9HdHVZYWo5bGt1bnJhT2l0dXZlWFF5NjQ2b3IxTXNENTBGb3MyWkp5NGlvcEpHSWFiaWpnTGRhbDM5SDcxUDZIdkVyd1lmckU3UUtGSjY4LUhYNklkVmVJNjVsdmrSAWpBVV95cUxNR0xkeUJGdDYwelJvQW5SRkx4bVlOMGlIalBTN3lFQzZ4azJlNHRtMkQ0Q0c1elFndkFXaWN2Sm9kUmY3UzBsbDBSQkhsX0lPOXVCXzRnY2s0NlNLNU1BaWVoYzdYWmF5VGtn?oc=5,incident,,,,標題未以機構名稱形式出現可辨識名稱,0,0,待人工研判
2026-09-03-news-v1,收費爭議,2019-10-02,ETtoday新聞雲,新北知名幼兒園爆「超收學童塞密室」！無良餵食「200孩童搶60顆蛋」…見媽就哭餓 - ETtoday新聞雲,https://news.google.com/rss/articles/CBMiXkFVX3lxTE80Szd0Mm52ZktqcnJ2cnVfVF9jRG5KM0xGRGpHWmZPMkxuYWszcW5Zc1JpYkphR1hjMGVBclUzZ3VYek5xZEk3cEtrSy1EMUxiQXVCM2JuUVZIOFBFYmfSAUtBVV95cUxPdXRfSEdGUnN1MVBLSFZhM0NxUTFJRUstNnZEb3oxeFhRTE9HUl9tdlhTWkg4X1VoNjdwaU9sMFM1a1JxZUNDOER2LUU?oc=5,incident,,,,標題未以機構名稱形式出現可辨識名稱,0,0,待人工研判
2026-09-03-news-v1,收費爭議,2023-03-27,好房網News,幼兒入學難　家長盼新北補缺口 - 好房網News,https://news.google.com/rss/articles/CBMia0FVX3lxTE5raTZQZ3RCNjMyRU4zcXA4bUdFanp6Q1NHZFNSdVZycTd4TWtnVFVFQno4dzZJUGNiSmdkYTAzTWp6WnB1WHZXb0FZdFppVmZTcXdEcUZycTJscVlWU2hjYkttSnBHVGI0S3BF0gFwQVVfeXFMTTY2UU1WbDZQTlVORVVqWGNuVkUyd2dSYUpXNWZhSkp2cl9kVk9VRUdsVjV6LWNCRXhKNXRiVWxyMkFmYkI0RkM2b05LbDJDT1piSzBWXzQ3TmZYMG9OQlVlVk4tckh1QTkzNVNuUGs1OQ?oc=5,unclear,,,,標題未以機構名稱形式出現可辨識名稱,0,0,待人工研判
2026-09-03-news-v1,收費爭議,2019-10-02,news.ltn.com.tw,幼兒園無良？被爆私設密室藏超收學童200孩童分食60顆蛋- 生活 - news.ltn.com.tw,https://news.google.com/rss/articles/CBMiZEFVX3lxTE9ITF9IbFpFQks1a2VJdllzNlJzWC1pTVkta3o1SThuaUl4elhKMXdnM000WmVVSFhmZHRQbHpxOHVma2hmTENoa3VWQ2hrT0V5RU9GTm1iQTJvWDhCUGdoNFNpY0w?oc=5,incident,,,,標題未以機構名稱形式出現可辨識名稱,0,0,待人工研判
2026-09-03-news-v1,收費爭議,2026-02-11,news.ltn.com.tw,彰化縣國小附幼主任涉超收學費私吞 收押禁見 - news.ltn.com.tw,https://news.google.com/rss/articles/CBMiaEFVX3lxTE9ad3JkNDNZYmxSU1hqYTN2dzJ0NUZla25SQnZFcm83Z3QtbnRDd2FtOTBXcjM2UHpLNGVmTEpBb2R1dnpob2MzdWRLMkxWdzU3OFhIcjJkX2tEN0xJSzNfeHIzUHZfSS1L0gFuQVVfeXFMTjdvZEticlpVbEpZMTlZX1V6S3hLODl0cnRnTENWVnNoZU1BX1lPdS1LS2VlN2FfV01yWHhyQmtQazJUUHZiY2J6T1VQbzhpR0V0V0RlY09UVDFXa3N3MTRCUDNDVkhTbEM0OXNqU2c?oc=5,incident,,,,標題提及其他縣市（彰化），不予歸屬,0,0,待人工研判
2026-09-03-news-v1,收費爭議,2025-10-08,中央社 CNA,林口某幼兒學校遭控虐童新北勒令停辦教保並調查| 生活 - 中央社 CNA,https://news.google.com/rss/articles/CBMiX0FVX3lxTE9ncHkxdmp2V0xRWnNGeFV0YlNMRDNick9KSURGTGoweXd5b2xYVjZjbXJnYlBIV3RQNnhRZTN0aGJkTFNXNGJ3S016LV9XMUhQT2dFSkVTZlh5NUlkZVVJ?oc=5,incident,,,,標題未以機構名稱形式出現可辨識名稱,0,0,待人工研判
2026-09-03-news-v1,收費爭議,2021-01-06,好房網News,300萬罰不怕？　違建、超收、聘請非法老師「英格蘭幼兒園」遭停辦！ - 好房網News,https://news.google.com/rss/articles/CBMia0FVX3lxTE8weGFUcVVDbFBISXFEdG85cHB1SHhMU3EtZ1J4ZnJKQkdQajZNakwzcHgyLUZzemhDeVRKdzVLT1F4V1lScjd4YUIyZFN4Y2VsYWVzd0dURGxOV1AtU2hEcS0tSDhkMHN0QU0w0gFwQVVfeXFMT1puUTN0Mmt3X0NDRVBfX2Fjak9TbXJ3WUxsZlNvOFJnNldITnNSdkZhX0V4ZndSRVdneVgxVlRjUWdXS1JLTVpONDM3SkJXRV9fRk1RN3I1NkhSNjlkemhrMTVWdVVsYnRPMlBMdDhCVg?oc=5,incident,,,,標題未以機構名稱形式出現可辨識名稱,0,0,待人工研判
2026-09-03-news-v1,收費爭議,2019-10-02,ETtoday新聞雲,200童搶60顆蛋！無良「皇家佳幼兒園」超收　新北教育局：再犯就停招 - ETtoday新聞雲,https://news.google.com/rss/articles/CBMiXkFVX3lxTE9WOHRFMGVOME1YbmM5TWlHTUJXb1dMRnR0b2pWbGYzTExzY1RaMnhpYmtlZERGZ20yeElIeEdEYUlhMDB2NktvSUUxLWVqd0R6QnpTcVZrUUUtYktXekHSAUtBVV95cUxNeV9zdFNuRUtITFZ4TkV2MUdoWFdDekxJSzRVcElCRXVjX0l0UnB3MjBudTRRbjRGTHVackRFR0xxNF9NbjROUFV3VWc?oc=5,incident,,,,標題未以機構名稱形式出現可辨識名稱,0,0,待人工研判
2026-09-03-news-v1,收費爭議,2019-10-18,TVBS新聞網,再爆！家長控皇佳幼園 「挪移」學童規避超收 - TVBS新聞網,https://news.google.com/rss/articles/CBMiTkFVX3lxTE01eDFJVWdzeFByR1I3cDloUVBYQVZLU3RPODc5Y3BUcXA3ZXV5QUNRSVV0YWdTb2ZhcGZNbXoyUGdydExIRzl5Tlp2M1hnUQ?oc=5,incident,,,,標題未以機構名稱形式出現可辨識名稱,0,0,待人工研判
2026-09-03-news-v1,收費爭議,2018-05-18,news.ltn.com.tw,消基會抽查15家私幼退費標準逾7成不合規定- 生活 - news.ltn.com.tw,https://news.google.com/rss/articles/CBMiZEFVX3lxTE5DZlJZdkpaMW9ycjF1VDFDTi01UmgwV2RWb3BOV0FEOWVMTnRtOVpTUTF1N3BIdFBtX0tFdFd1anF5T0FUUXRucXRidmh1WnBMSWJEZ2ZHSHJ4bjJnT3RFN2pCSTA?oc=5,incident,,,,標題未以機構名稱形式出現可辨識名稱,0,0,待人工研判
2026-09-03-news-v1,收費爭議,2024-08-26,壹蘋新聞網,幼兒園違法超收、聘黑師！還戶外曬娃宛「訓練蛙人」 社會局撤消準公托 - 壹蘋新聞網,https://news.google.com/rss/articles/CBMif0FVX3lxTE9HYW04c0p5UDNvY3dCNG1fVUZKNmlUaWNtZE5lcTFsaHNqeXUtVFBGbGJSdERsa2kwSTNOejlkZVVhQkFzTE13U21PMFVKZnBIeFlfbkpKc3h5M2VscS1uVUcyaGZfa05oeko3T1JwY1BDdmlzd0dhVUFGU0FiZmM?oc=5,incident,,,,標題未以機構名稱形式出現可辨識名稱,0,0,待人工研判
2026-09-03-news-v1,收費爭議,2023-06-20,LINE TODAY,林口幼兒園涉虐12童教育局裁罰教保員60萬元| CTWANT - LINE TODAY,https://news.google.com/rss/articles/CBMiVkFVX3lxTFBrZVhROXo4MEc1cDZHM3U4T3BZTFRtVWNzUHdzSXdFTGQwSmZtUVRQVHN6VGVISlRqNVZXdGo3QmpVTFNvQlJlUE1NZHZxcEJEQnlINnNR?oc=5,incident,,,,標題未以機構名稱形式出現可辨識名稱,0,0,待人工研判
2026-09-03-news-v1,收費爭議,2019-10-01,CTWANT,CTWANT 社會傳真》無良幼兒園超收百人學童全塞密室不准吵| 影音 - CTWANT,https://news.google.com/rss/articles/CBMiR0FVX3lxTE92TnFLa1I0ZDVBcGxpN3B5SUFSZTlYOUNyWXg1eU5sZWpqdTBYbUcxVzFwSUZpRjhvUjl0SVpoRExuY2NRZlBR?oc=5,incident,,,,標題未以機構名稱形式出現可辨識名稱,0,0,待人工研判
2026-09-03-news-v1,收費爭議,2022-09-15,news.ltn.com.tw,打巴掌、扯臂膀...新北私幼教保員誇張虐童行徑曝光 - news.ltn.com.tw,https://news.google.com/rss/articles/CBMiZEFVX3lxTE5OZUo2TFcwUHVmOW5Ob0t0azFNT251M0FJQ1JVTG02OGwxMUVDMVNlYVZPNnh4VlhrU3BJSllZTmxZRU5qMkxnNHljUTdrOEFhc0hTVm9hU1FNZW5udkpLSjZFbznSAWpBVV95cUxNb3BzdVRHblA3WXRlZ3d2UERIR1VRUVBjVl9NbUtiUE44NUJYcF9KOGJMLUpTRWhTU1JpelVkS2RDTzZ6Z2pqcjUydjVMSHlpUG5BUkdsU1UxNkhfdEhUWmplYWE4SmdpeDZn?oc=5,incident,,,,標題未以機構名稱形式出現可辨識名稱,0,0,待人工研判
2026-09-03-news-v1,收費爭議,2024-08-08,LINE TODAY,新北私幼師「用書打頭＋體罰」5童受害教育局開罰終身禁教| 鏡新聞 - LINE TODAY,https://news.google.com/rss/articles/CBMiVkFVX3lxTFBUTGJIaktJay1VNDgwVmlPYW5aN3E1aTVqcGt1WWVkYnVYZDRVYTlfUGYtbjdENFMtcDhkdnB5M1pWeDZvSTV1Uzh6WmJfZVJpMkZMcmtR?oc=5,incident,,,,標題未以機構名稱形式出現可辨識名稱,0,0,待人工研判
2026-09-03-news-v1,收費爭議,2021-05-27,news.ltn.com.tw,幼兒園停課退不退費？家長吵翻天北市府：「這些錢」要退- 生活 - news.ltn.com.tw,https://news.google.com/rss/articles/CBMiZEFVX3lxTFBpaUg0dWZwaWV5SWd3bzU5VkpSMC1TUDlqdnFWMjYtSlczU0NudEZGMEh4MmduMEFvaHhQMVJIRTBJRV9rQ0pJOHJmTHlGTF9QUDFJQmVHVXVyMGhkRU1XaUpUZTU?oc=5,incident,,,,標題提及其他縣市（北市），不予歸屬,0,0,待人工研判
2026-09-03-news-v1,收費爭議,2019-10-08,chinatimes.com,皇佳幼兒園遭停招 負責人重罰 - chinatimes.com,https://news.google.com/rss/articles/CBMia0FVX3lxTE9vOERaUG9EQW1TZXFLdl9iMWM2U2xOYzlxc1lLT2pZM2UtYmFETHRYWXVDN1FaalhFYXlTRVAwdWtBWlRDTkdpN1hfdGpUbWFzZHlPdVhkdWk0ckxxUGMtMzFqWFpUZkZHZ0Zv?oc=5,unclear,df65b2a1-e05d-420e-aa85-8a752e351c9d,新北市私立皇佳幼兒園,皇佳,標題以機構名稱形式出現可辨識名稱,0,0,待人工研判
2026-09-03-news-v1,收費爭議,2024-06-28,好房網News,東山高中國中部超收139人　家長轟詐騙 - 好房網News,https://news.google.com/rss/articles/CBMia0FVX3lxTE9sZ1RkN0YxSUNtSXNlQ040MzgtOEs0TVhlcm96cXp3VE5nNHJQbWJ3SVZ5cWgtXzdJS3AwazhsTDZZS29aRG0wVnN0LVRuSkYySmZXX1dJMlRMZUM1TC1leU04cjVBRE9aOW9N0gFwQVVfeXFMTlo2bTE2QTF2eVptbDUwMWVNUTdVS2luTjVlVmd3YzVwcjRIcmJ1QUluNEx5dTNWZzN4V1JwWUFYQkNwVERNMlM4SUo2d0hWZVVfd0laNEhWU0hIM2dkajlzT0lkR0k2NVNfclFsOFpDQw?oc=5,incident,,,,標題未以機構名稱形式出現可辨識名稱,0,0,待人工研判
2026-09-03-news-v1,收費爭議,2024-10-07,TVBS新聞網,又傳私幼老師涉虐！女童臉留「牙齒咬痕」 幼園疑滅證罰30萬 - TVBS新聞網,https://news.google.com/rss/articles/CBMiT0FVX3lxTE11eGllT3BLMU1FY0IyR3JKZFdpOFVDMUlxU1FyZWRFbWNwYkVQVHpRaHY2YkJKRV80RUhNbkVYdUVtblFSVEN3NUJiQmRuZ00?oc=5,unclear,,,,標題未以機構名稱形式出現可辨識名稱,0,0,待人工研判
2026-09-03-news-v1,收費爭議,2021-05-01,news.ltn.com.tw,何嘉仁幼兒園又被抓！南港分校超收1倍多 北市府罰84萬 - news.ltn.com.tw,https://news.google.com/rss/articles/CBMiZ0FVX3lxTE50eWR4QmZRbjZLR0dDb3pNcGdJRlA3RWo0eG5kMEhvUEttUllfMXRyRnBaU1JkZXRDSk8wUEw0LXc0LVRGRzJCRnRteENVaXY5aExsNVNKLXJuWmhQd3FqM2dBYnVnSDA?oc=5,incident,,,,標題提及其他縣市（北市），不予歸屬,0,0,待人工研判
2026-09-03-news-v1,收費爭議,2019-10-02,ETtoday新聞雲,無良幼兒園「200孩童搶60顆蛋」！離職員工爆：魯肉飯只看到一層油 - ETtoday新聞雲,https://news.google.com/rss/articles/CBMiXkFVX3lxTE9hcFltN2ZXVE5pSGx0ZTJCVFYtdTVhVHlPOFQtc2NiSnEtVFBBOVZpUk9YanlDZnRVMHE4OHZLZ25jUENNVjZFcENsZ01SYU1xTGZuUkt0TXNqMHByakHSAUtBVV95cUxQclNKdVlsUWRZd180Tm51akFvRHAxR2YyZ1Z4ZkVnQTNVLW5vMGlYUXVncHJLZEFQZlhOWjZNNkFySUpYcXcxNUNuYjg?oc=5,unclear,,,,標題未以機構名稱形式出現可辨識名稱,0,0,待人工研判
2026-09-03-news-v1,收費爭議,2022-04-15,news.ltn.com.tw,教保員威嚇幼童「不吃，打嘴巴」 侯友宜：徹查嚴懲- 社會 - news.ltn.com.tw,https://news.google.com/rss/articles/CBMiaEFVX3lxTE0zU3hkSVNqSmMxa3dSd3JNUzZ1cG9BRXlIaHVBWWZEZ2FhSDBhUlRuODFfLXVvZ3NwSGpNaUdjWU45b0liNVRybTZlNExQSHZhYXlCcmVvaVFWaGpEc2I2dUlUSkFNeHli?oc=5,unclear,,,,標題未以機構名稱形式出現可辨識名稱,0,0,待人工研判
2026-09-03-news-v1,收費爭議,2022-12-08,chinatimes.com,思賢國小「都市綠精靈」計畫獲金質獎知識來自任何學習場域- 新消息- Campus - chinatimes.com,https://news.google.com/rss/articles/CBMiZkFVX3lxTFBsMjRTd2ZSYmp4Skx1V1lIcnR0blA3YkhoY21jbW9XcThnYnN4Mks5QV9ZeFpxNjFSOTdna29YT0t0S1l6dmpfbG1FN0ZvZjdCeVVDS0N3ODBGYWxSTG1RRmhmNktEUQ?oc=5,unclear,,,,標題未以機構名稱形式出現可辨識名稱,0,0,待人工研判
2026-09-03-news-v1,收費爭議,2021-11-29,好房網News,北捷「職場互助教保服務中心」揭牌！柯文哲：提高幼教師薪資為目標 - 好房網News,https://news.google.com/rss/articles/CBMia0FVX3lxTE5BaFBWMG1jcFhsalVzVUoyYzhPajdxblRTczJ3eE1MSG5mbWFkVGl1RFFOTFJRTlpzMzlIa1lGd1BpYW1LcjJIMmRYNmxIRHVkX2UwdXF3YS01S3AzeEgyZHFOeE4xb3F1b2lv0gFwQVVfeXFMTVFfTmpwQ3pOZUhxS0w1cnJyVmctbVE4dlZvdGo0eDQtUGNJWU1Bd2Vka3RDb2tUTzhReEN6S1E3UU1HZ09fOGgzcVVpek0xVmtmWW5TX08wcElyNnEtY2daY0t4R1pmSEtkZ2RUYlpEVQ?oc=5,routine,,,,標題未以機構名稱形式出現可辨識名稱,0,0,待人工研判
2026-09-03-news-v1,收費爭議,2019-01-10,TVBS新聞網,幼兒園長泣訴不知情...追查竟是「負責人妻子」 - TVBS新聞網,https://news.google.com/rss/articles/CBMiT0FVX3lxTE1iRnpZWWp0T0tkRHdUbmQtOE5kTFdJLXVpZlNuVDdTZ0N5MWFwNFhfOWxhYUoxZndNWnVHTGhpX3EzaktieDdpWDVyZ3RfNUU?oc=5,unclear,,,,標題未以機構名稱形式出現可辨識名稱,0,0,待人工研判
2026-09-03-news-v1,收費爭議,2022-12-10,chinatimes.com,康橋新竹校區校慶 運動會親師生同歡 - chinatimes.com,https://news.google.com/rss/articles/CBMia0FVX3lxTE9jWFlDSmJnMlFFbGl2NDN2T2VvTDJCU0YzYnlFZ1pIR3hfZHZHdVc0Y3pPUC10bFZxb2V0aTZmR1ViUi1JMUhQWjN2RF9QaEFNQW83RXA4YzN1dFlhWFpzMlcycWlGVHZJamY0?oc=5,unclear,,,,標題提及其他縣市（新竹），不予歸屬,0,0,待人工研判
2026-09-03-news-v1,收費爭議,2019-01-10,TVBS新聞網,引眾怒！托嬰中心爆虐嬰 新北檢分案調查 - TVBS新聞網,https://news.google.com/rss/articles/CBMiT0FVX3lxTE9tLUtlckoyQlRLODREUXJpcUtnZHNxOUtMZlZxa1dtNUNWQU01UUJod0hjQ2pwTFp1dkVGVUUyRE5EM0g4LXRudHR6QzRCM28?oc=5,incident,,,,標題未以機構名稱形式出現可辨識名稱,0,0,待人工研判
2026-09-03-news-v1,收費爭議,2020-06-17,ETtoday新聞雲,新北幼兒園老師「拿圖釘」亂刺！孩童「手背一堆小洞」哭著去廁所洗血… - ETtoday新聞雲,https://news.google.com/rss/articles/CBMiXkFVX3lxTE9wT1dBX0xJREItWDVBWFRPeWxRSXFqV2lHeVVZN0JYSk9RbTBQWDVxU3pYUEhIV2wzTTBZY3A3VnhtdVJwd1B1a3E2cTRBTElBeUpnTjlFU0xPM1E2bkHSAUtBVV95cUxQaXFZSmIyNjQ1WEN2U3c4a2VjREVuNVlTb0RJX0pzZEpvT0NBa194TWtURnd3MWZpeXRLWm4tYnZrZ2JydjBaN29NQU0?oc=5,unclear,,,,標題未以機構名稱形式出現可辨識名稱,0,0,待人工研判
2026-09-03-news-v1,收費爭議,2023-01-12,Life 生活網,黃淑君關切三重警打人案後續 陳乃瑜批新北超收資料僅1張A4 - Life 生活網,https://news.google.com/rss/articles/CBMiTEFVX3lxTFBZMmhON2xCWFBrNlM3U2FTQ05nendSdkdSejRVQ1AxazI4Z2YwUzhnUUc1VkZyYWtfRmE3c1pRMXlKSDRSRmdfQU5QUU0?oc=5,incident,,,,標題未以機構名稱形式出現可辨識名稱,0,0,待人工研判
2026-09-03-news-v1,安全事故,2026-07-09,放言Fount Media,新北清查致癌油增列2幼兒園 校園擴大停用中聯油品 - 放言Fount Media,https://news.google.com/rss/articles/CBMiUkFVX3lxTE1PTThIby1jc3RFaXNTbFlnQTliLWs2QmhfTXNxOTRxc19WTS1ua0xYNmdRMThaN3lObW9sZV81Sll4OTdQbGNoUW5UaXBlaU5fTUE?oc=5,unclear,,,,標題未以機構名稱形式出現可辨識名稱,0,0,待人工研判
2026-09-03-news-v1,安全事故,2026-07-14,壹電視,把小黃當娃娃車？ 「危險超載、未繫安全帶」幼園遭罰9萬元 - 壹電視,https://news.google.com/rss/articles/CBMif0FVX3lxTE9PUlpHWER5cmR6S21RVElzdmpIT1ZpNUxFMzY4REpPYjY5MjdFam1xLTdfNEJSVnVFaDJnbDRaWXRnVjZjcWc1WkJFVnlMRlVIb1dSQVB2UXBLcC1WZTZzenBOWkF1S3ZCR3RmRFJFZ2t3UERQMUtPNUlsTEducnc?oc=5,unclear,,,,標題未以機構名稱形式出現可辨識名稱,0,0,待人工研判
2026-09-03-news-v1,安全事故,2026-04-10,台視新聞網,新北幼兒園涉不當管教「強脫女童衣」 園長遭聲押5萬交保 - 台視新聞網,https://news.google.com/rss/articles/CBMiV0FVX3lxTE56RDZYRnNaeHFSTHlONko5ZTM0eF94ZDBwLTBEMkhOMXhtOTk3Y3o4dEJ3dXBKaXRtM0VCcUhxUlBEa0VHVmFNMFZWZ1JnYWJkYVE3YUJYbw?oc=5,unclear,,,,標題未以機構名稱形式出現可辨識名稱,0,0,待人工研判
2026-09-03-news-v1,安全事故,2025-10-10,UDN,剛一離火即傳雲端 新北學校餐食推動智慧監控...食物中毒下降89% - UDN,https://news.google.com/rss/articles/CBMiUEFVX3lxTE1tWE5KSm56UDZQekQ1ZUtEYXNrSGNUcGhaNEhJYnF3c3FveU4xanhYM2NzNFJMRWZXUDNuTGx3YlR0MmZtS2F2LVNValhUb29O0gFWQVVfeXFMTXRGcEFEbUZhcURCbFdySWRLZ3VpcjhQVVBnQnlJM09zWFlrRnpyVWU4Y0J3NzZQUHJiNy03S19vY1FjOXQyMmFaYVJZQUF6OFVCWHU2NkE?oc=5,unclear,,,,標題未以機構名稱形式出現可辨識名稱,0,0,待人工研判
2026-09-03-news-v1,安全事故,2023-09-12,好房網News,超出年限娃娃車仍上路？　新北教育局強調每月比對追蹤 - 好房網News,https://news.google.com/rss/articles/CBMia0FVX3lxTE5RMFotYy0xMEZMYmFwNXNVcGtyeWw4UFl4Nl9HTWZCcG94UjdUWjU0VUxmSG0xcXBpeUJ3OTR0c3pJc3RyTDBJdGVlb2lxajFWLTk4Q0ZHMjg5MWJUUmVad0d3MTJZcDdjTndV0gFwQVVfeXFMT0d4Wjd2VmtoVUI4QWZFby03QUZXOWZoM3pqNnd0bDJhV3hDR0FFMmRfX3hzZlpaZUprVnRuU3ZoOC1lU0pyZTZqMTlnZWQwNFI0RG40bnpCeC15TjJDWjNPWnVhV3ZzRkhhakp2WVQ1ZQ?oc=5,unclear,,,,標題未以機構名稱形式出現可辨識名稱,0,0,待人工研判
2026-09-03-news-v1,安全事故,2020-05-07,mombaby.com.tw,孩子坐的娃娃車安全嗎？新北幼兒園30位幼童被逼進入廂型車！必看安全檢核娃娃車6要點 - mombaby.com.tw,https://news.google.com/rss/articles/CBMiU0FVX3lxTE9GT19Lb05LeHB6dC1KUEUtR0QwWmRuQk54cFNySjVyWmlwR0prd1RXOF9UMlpvS3RJUG96WE1hclpCOExJT1FJWE8wUWRZTThxYXhZ?oc=5,unclear,,,,標題未以機構名稱形式出現可辨識名稱,0,0,待人工研判
2026-09-03-news-v1,安全事故,2026-04-10,中天新聞網,快訊/新北幼兒園驚傳火警！147名師生疏散逃生 - 中天新聞網,https://news.google.com/rss/articles/CBMiU0FVX3lxTE9LYW8yeXctNV9lNGlfM0VDcE02R0VEQzRFUXB6bjJHSlh0TEhESFlHMUF5Um5EamlnZjBSTE9pd21INFZWd1VSd2trMEJBRHJ2T0Vj?oc=5,unclear,,,,標題未以機構名稱形式出現可辨識名稱,0,0,待人工研判
2026-09-03-news-v1,安全事故,2026-07-14,LINE TODAY,計程車當娃娃車? 疑塞滿15名幼童幼兒園澄清「未超載」 | 民視新聞網 - LINE TODAY,https://news.google.com/rss/articles/CBMiVkFVX3lxTFB0bnFyaHd0Xzg2enNXV0RzUVJrcmxhR3BiTHJLMFZwdTEyX0w4cXdpVDNKeXJsWTZqSlQ2dzVaZ1NZTGJDU2tRZDZBelpGXzFKTE1VTHB3?oc=5,unclear,,,,標題未以機構名稱形式出現可辨識名稱,0,0,待人工研判
2026-09-03-news-v1,安全事故,2026-04-10,東森電視,「全班當動物看！」 私幼園長強脫衣褲 女童背部挫傷、噩夢不斷 - 東森電視,https://news.google.com/rss/articles/CBMiWkFVX3lxTE1tQ2d4Q2kySTFQMzR3bHBxUTNpTjJSYUxVYUpWQUtmT09JaXFzdFRSWnZoZHZyRlVxSU41OVpMZUljSXd4eFpXdVZKV2w5MVVLS1JTb2JZdllZZw?oc=5,unclear,,,,標題未以機構名稱形式出現可辨識名稱,0,0,待人工研判
2026-09-03-news-v1,安全事故,2024-08-14,tw.news.yahoo.com,被重案改變的台灣／幼兒園出遊娃娃車突起火 「23人成焦屍」侯友宜獨子也殞命 - tw.news.yahoo.com,https://news.google.com/rss/articles/CBMizgNBVV95cUxOc3lKanZHemw3em1tNnlKUTFsN0lCTWhsT1J5SktnLTh6aWJTNnpRMGpsYjJiRVk1M2hhMkJXSFVQZV8wMG02QzJWcXdjY2xTbHMweXBMV09iS1dnRmlfWUdRaHVnWlRhOUd4U0dwRk9iOXo2Ri16VzlqNG1NdVdnT0xucWx1RjQzSzJQLWh5U1M1TWh6cmlVMDNTUFlYU0oySkxyOHdzaTFDNHViTFZZXzVxamV2bUJpZUx2YVRsVi1yWkZ4eUZnV25PeTlLZEtXZjRGUUdDa0EzdFhjSHgxUHh0UHBEY2ZoRVNSRFI0MWJxX1g1VFJJeTcwSFFoei1jX1dnZUw2Qnd3T0lLUlFFY0lRTjVCTmM0aEZMdHlJX2swaWtWcTFZYnZ4M1VJLUJfUGZ2S2JPQXZ5QV8yRnpaZEFGRVFDNFdwLXVIQ3NuRmI5Z0c2Mm9CSmo3QTZiN19GeTRpY3U1WktFbVk0V1NDN3J2X3JMaDlZb1lXbTdhZk9BWE9XWWhvTEtTUTlrbEtIMkwwb1UyN3V4c2ZaZTJmUi1SemVLQ2txWk1SQnhKalcyZ19uV3IxM1NoeFFwdEhKUTJCd1dlbGRCMlh1U3c?oc=5,unclear,,,,標題未以機構名稱形式出現可辨識名稱,0,0,待人工研判
2026-09-03-news-v1,安全事故,2026-07-09,三立新聞網SETN.com,快訊/毒油影響擴大！名單首度出現「幼兒園」新北76校停用中聯4-6月油品 - 三立新聞網SETN.com,https://news.google.com/rss/articles/CBMiTEFVX3lxTE5KZ0FPVDNQa2ZZclNtRDNCSXd2RGNJVzduVExfbXY0aDBsWVo2NEN1Snl0Y1M4RkwwWGVQYV9LeFg3ZmtXN0Jfbk0wWFI?oc=5,unclear,,,,標題未以機構名稱形式出現可辨識名稱,0,0,待人工研判
2026-09-03-news-v1,安全事故,2023-04-21,中時新聞網,食安監控2.0 新北40家公幼午餐納管 - 中時新聞網,https://news.google.com/rss/articles/CBMia0FVX3lxTFBNN1V5ODdpV0JXbWhaRC1xM0ptcVVFd2RSX0lDYk5KTW5HbmUzVDFRRHdwTllXRUlURlZKeERJM1JVbDFhQi1EWjJhOU5BOVJodlpEbGlKWlJiTFJlZndZeFZKckJTQkNfbENN?oc=5,incident,,,,標題未以機構名稱形式出現可辨識名稱,0,0,待人工研判
2026-09-03-news-v1,安全事故,2020-03-23,自由時報,幼兒園防疫》新北訂SOP：娃娃車避免16人同車- 生活 - 自由時報,https://news.google.com/rss/articles/CBMiZEFVX3lxTE5PMHBtUERoejItT1I3X19CN1lLaVFxc19Qek5la2JIRHhnN0FUU0RDb1AwY3pqSE5jV2ZIRTFZRnVLYzM5cmJSWkM4VTUxUWV3NTZuanZ1LXpvdTZhdTFLY0ZKVVM?oc=5,unclear,,,,標題未以機構名稱形式出現可辨識名稱,0,0,待人工研判
2026-09-03-news-v1,安全事故,2020-03-22,LINE TODAY,幼兒園防疫》新北訂SOP：娃娃車避免16人同車| 自由電子報 - LINE TODAY,https://news.google.com/rss/articles/CBMiVEFVX3lxTFB0VlV4SWtnZE5FdDNuSGEteUpsdTlrd1pyV3c3VUI5OUR4cmlJMVExd0JFaXBqUEVRRFZFa24yQnZJR3J6VVduNGg5RXFGSTh3SWpxTw?oc=5,unclear,,,,標題未以機構名稱形式出現可辨識名稱,0,0,待人工研判
2026-09-03-news-v1,安全事故,2026-04-10,TVBS新聞網,快訊／蘆洲某幼兒園火警！消毒箱馬達起火 緊急疏散師生142人 - TVBS新聞網,https://news.google.com/rss/articles/CBMiT0FVX3lxTE5QSXRMNjV2MlZRT0Y3eU9PUnA2Vk5jSUZBRXRjbFh1RmswLVhsV0RRTTQ4Ykp1YXprTUlHMVNvZGR3TjJ2dU83QkFjWXRWOVk?oc=5,unclear,,,,報導刻意匿名，不予歸屬,0,1,待人工研判
2026-09-03-news-v1,安全事故,2025-05-07,自由時報,新北汐止某幼兒園再爆疑似不當體罰教育局：已受理調查- 生活 - 自由時報,https://news.google.com/rss/articles/CBMiZEFVX3lxTFBrbjIzdWktdXl6Z05HT0pqeUx2TFJHS2EzN0pEcEh1eU5PQXQwTWxEcEY0V3lyY1UydUpvdWk1b3AxZXAtRGZ1c0szbGV4LUFNU2xfM3hJeWxlYjh0bzZrRmlkQ1o?oc=5,incident,,,,報導刻意匿名，不予歸屬,0,1,待人工研判
2026-09-03-news-v1,安全事故,2026-07-02,PChome Online新聞,中聯油脂問題油品事件 新北啟動專案稽查監督下架回收 - 生活新聞 - PChome Online 新聞 - PChome Online新聞,https://news.google.com/rss/articles/CBMijAFBVV95cUxQZFA0X0dLZjA1QjRGMm1FMzV4bXdGNFpEU0FPWUoyNzBqaU84dHIzRnR6d0JpZXd3LW5SMnV2dGVvWTd2SnUwbk9YUzhvejhFblQ3UGtnR0kzdHNPM0ZEZGJiUlk0Wkl6d0JYREIxbEh5bzVFYlROWC1sdWQ3WXZ3MXVrZko3dXBCbFpicA?oc=5,unclear,,,,標題未以機構名稱形式出現可辨識名稱,0,0,待人工研判
2026-09-03-news-v1,安全事故,2026-04-10,蕃新聞,幼兒園內女童被剝光羞辱 劉美芳怒斥：絕對不能縱容要求撤照重罰 - 蕃新聞,https://news.google.com/rss/articles/CBMiUkFVX3lxTE1TS0NILUdfaXA4Nl9NdjV4dnlvdDhWeFJmWDJKOXRzanRPaWpFUjhBSmlrSnlLeXRNaDBFUUlNVTVjdjNkTndrTFVvZUVRa211blE?oc=5,unclear,,,,標題未以機構名稱形式出現可辨識名稱,0,0,待人工研判
2026-09-03-news-v1,安全事故,2024-10-07,知新聞,新北恐怖幼兒園！2歲女童遭狂師啃臉 園方竟刪監視畫面滅證 - 知新聞,https://news.google.com/rss/articles/CBMib0FVX3lxTE94UVJ5R3pFSXNPaURubnpJUFZiekZrd3NPR1kxZ29oREd2aHVNOWp6Q1RaNE1ONmxPM1hwOGtvempzQTQtUld4dmdCaDNhTkJodXZIZXN6dnN0dHZ0dGtaalY5N2dod0lINDc2Mm5IZw?oc=5,unclear,,,,標題未以機構名稱形式出現可辨識名稱,0,0,待人工研判
2026-09-03-news-v1,安全事故,2020-05-06,好房網News,三重30幼童擠廂型車　挨批罔顧性命 - 好房網News,https://news.google.com/rss/articles/CBMia0FVX3lxTFA0dUoxM1laOE10c05zMDJsNV96ZUdKaElvcmxzRzc5X19Ja1lUTjZFVlFXazAxbEtSNEFpY21MRS0tWE9vZlRmMklhT0lTQkhHaTNkdl90Rk9FRlE3TU5YamlVWkV3ZUFjWWhN0gFwQVVfeXFMTlhCYUloeVNiWndHUTJjNGZ2SzNVbXhhWUk4VlhsaC1VUGVlME5MMG95bHdkYUtORXo3STNOWnZqbzhVaVN2dUZpTTJJZWphSFI3cDJMMUVNZWhyR1pLMVEyR3E3TC1lZXNMZ2Jrb2JVcg?oc=5,unclear,,,,標題未以機構名稱形式出現可辨識名稱,0,0,待人工研判
2026-09-03-news-v1,安全事故,2022-10-19,TVBS新聞網,樹林娃娃車路口左轉不慎擦撞轎車 6歲童背部不適送醫 - TVBS新聞網,https://news.google.com/rss/articles/CBMiT0FVX3lxTE5MZFRYMF9GZm9kOTJBV3BUTi1yczRtVFppT1VmOHVnbXowZnBmbEJHOUxnRm1taEhaU0dvdTM0WXdPT0licGV1ejF2Wk5STmc?oc=5,unclear,,,,標題未以機構名稱形式出現可辨識名稱,0,0,待人工研判
2026-09-03-news-v1,安全事故,2022-03-30,中時新聞網,公幼廚工不同酬 議員批侵害幼兒食安 - 中時新聞網,https://news.google.com/rss/articles/CBMia0FVX3lxTE05VDVjSldlUlFZd1JDQzFiWmVpQ3VPdnA3ZU9kVEVPSjB1dTJlZURTd1BzR2J5UnI4Smd6Q1FULWJscWpqcW5Ic0c3OXVjRW5lazBJcmJ5RUh5aWF4S1UwVF9PNGx1bFlxQzhJ?oc=5,incident,,,,標題未以機構名稱形式出現可辨識名稱,0,0,待人工研判
2026-09-03-news-v1,安全事故,2022-10-31,TVBS新聞網,幼園門口擺路障栓鐵鍊占位！鄰居怒轟「路霸」 - TVBS新聞網,https://news.google.com/rss/articles/CBMiTkFVX3lxTE8ycjdrMnNrYWpNZlNzeTBLYzNraHBhbXJkZ1FqTGh4Y0xRQThESUxyQVNjMFhhNU15NVN1cGNldHJlV2szelRCeHA4YjEtUQ?oc=5,unclear,,,,標題未以機構名稱形式出現可辨識名稱,0,0,待人工研判
2026-09-03-news-v1,教保人力,2026-04-10,news.pts.org.tw,家長控扯學童衣作勢要脫掉 新北私幼園長遭送辦 - news.pts.org.tw,https://news.google.com/rss/articles/CBMiT0FVX3lxTE1wa2ZudlBJTG92NjJWMWtNREl2OG9lc2NVal9xbTBFRGdhNVpiTlJST0pJOW9lbFhyOG8tRVhqNlFoYmdPNTNZbnh4TDFhekU?oc=5,unclear,,,,標題未以機構名稱形式出現可辨識名稱,0,0,待人工研判
2026-09-03-news-v1,教保人力,2024-08-15,報導者The Reporter,血汗職場、無效監管、受虐孩童：托育公共化政策下，私幼轉「準公共」的亂象叢生 - 報導者The Reporter,https://news.google.com/rss/articles/CBMiggFBVV95cUxQaFBLMWVTUmpmQ0o2S3ZBOTRhc2s2dDQ2SEdnLWNwcElfdVVXSFZBVVY2d0xXSmh3NXVJYnZHV1MxTVZKTnFtN3ZxVzJ2Q0QtTVFwSVJ1TjV1bnZtRU9jYVRPbW1TdWZIWkFSMm5ha1RnRklBWndDLUJxcW1sS05nZ1F3?oc=5,unclear,,,,標題未以機構名稱形式出現可辨識名稱,0,0,待人工研判
2026-09-03-news-v1,教保人力,2025-04-15,好房網News,抽籤順序微調　新北公共化幼兒園5／16起線上報名 - 好房網News,https://news.google.com/rss/articles/CBMia0FVX3lxTE5JZ2diME94T1l2dlJBbFFIaEd3dVNMWDVyOGJLS3phMV9TN0t4dGhZVmpwaTl4SnY1aVRTRWNpNXc4T0p1Q2JZdDgzNnpwak5WUHktM2F3aXk4cXh0N1lWV2NieGtYM0ZTNnVV0gFwQVVfeXFMT19FZ2dYWV9IX3gzc2M1dmtzTGt0TF9tVjZLZjNIazcwS3VmcUJ5dGFIcUFsSnR4TE94TXMwODRRWWZ5YzRPdVpBUXJBTzVxa1MxY2FEZE1qMXBEM3JDUjFuYjdHRHlLYkM5TVhCa0hNOQ?oc=5,unclear,,,,標題未以機構名稱形式出現可辨識名稱,0,0,待人工研判
2026-09-03-news-v1,教保人力,2025-10-22,tw.news.yahoo.com,8成可就讀平價幼兒園 師生比降到1打12 - tw.news.yahoo.com,https://news.google.com/rss/articles/CBMijgJBVV95cUxQV0FvMG94Q2NNa3JlRGpoS1Y3TnZTYXNnTWZSLTIyVVJSbEpSQUNlbHAtOVhEejFFZ0Z5NnVpU3kwWmI0X0FuR2tPRHJWUlVKNUFZVFlqSXVpU2dtSE5FN2JSVXRSZ3FkVjU0b1VhcGI0ZFFZdHU1Nl9TT1ZSY2JhOHVwS2FvdXZ5WWlVNTQydXMzRTRXRFFjZllSQUZranYzaTF3Z2ZyNThvdENjRWl1Q0gyd0hGc1hFLUFrX0dacUd1TEtGUGE5NWhhMXdob19kWlR0bURTNDE3MGd4UDRnRU9jcWJJR3ZMV2Jjb1BIbGNBUGdjcGs4TUM4M3dmTzJWSks2LWFLUHUwNG92UkE?oc=5,unclear,,,,標題未以機構名稱形式出現可辨識名稱,0,0,待人工研判
2026-09-03-news-v1,教保人力,2023-03-30,news.ltn.com.tw,幼兒園師生比調降準公幼和私幼達標1年最高獲20萬元補助- 生活 - news.ltn.com.tw,https://news.google.com/rss/articles/CBMiZEFVX3lxTE4xWThxOWc3bVVWdW1vWnNQeVltdFF6bGlpSHNKTWpYVEJBS0V3d3BOWFpSNjF4VTlpM1p6ckhjS3dCcmZneElNWUNhWlhYb20ydFVidFcyd1IwMHljcmtYSFB2bnY?oc=5,unclear,,,,標題未以機構名稱形式出現可辨識名稱,0,0,待人工研判
2026-09-03-news-v1,教保人力,2023-02-21,公民行動影音紀錄資料庫,【新聞稿】金門、嘉義市落實幼教1比12 呼籲教育部應積極促成全國幼兒園師生比一致 - 公民行動影音紀錄資料庫,https://news.google.com/rss/articles/CBMiU0FVX3lxTFByN2ZRdEtsY000MG4yTmdHeHlyMFFlYTljalE4dWxwMVpfNmFhbXNiVzNmWHktbmU1SzBmMTc2SEFSaHNjcTlscHNnTWdWeUlFMzNJ?oc=5,unclear,,,,標題提及其他縣市（嘉義），不予歸屬,0,0,待人工研判
2026-09-03-news-v1,教保人力,2024-04-10,中央社 CNA,逐年調整師生比公共化幼兒園7成已達標| 生活 - 中央社 CNA,https://news.google.com/rss/articles/CBMiX0FVX3lxTE9XRG43aXZrT3M0OHp2VTRSMmFzRUJ6YW5zUGZhZjh4WXZwOGJmbmg5bmhYMk5IaWJwZGh1cTRwM2tBTC01UzJxR0xwTXhOc2NEd2F4QkpPeFBUX3E1OVM0?oc=5,unclear,,,,標題未以機構名稱形式出現可辨識名稱,0,0,待人工研判
2026-09-03-news-v1,教保人力,2023-03-30,taichung.gov.tw,中央擬調降幼園師生比 盧市長赴院會感謝中央 更盼學前就學津貼補助標準一致 - taichung.gov.tw,https://news.google.com/rss/articles/CBMiX0FVX3lxTE9QeWVsX2FUN2VGSC1pbG4wWEl2NVp5elJZMklobUNmUkVqZGFxWWxBNHNDTk5xaDVwMUxZbzg3aEM3MmlreDN5TEZwVGg5Z2VqdFM3QlZva2dKaDRkMnpV?oc=5,unclear,,,,標題未以機構名稱形式出現可辨識名稱,0,0,待人工研判
2026-09-03-news-v1,教保人力,2023-04-18,天下雜誌,曾有家長為抽公幼辦離婚，為何幼兒園還要減少招生？ - 天下雜誌,https://news.google.com/rss/articles/CBMiTkFVX3lxTE9USHdYUGxob3AwWmpuYnVCakhnQmdFQ1lVYlBseEZuYTBEUUxqRE93X09RbHQwa2c2VjE4dy0xeGVNTGFIbUF3QkFIZjk1dw?oc=5,routine,,,,標題未以機構名稱形式出現可辨識名稱,0,0,待人工研判
2026-09-03-news-v1,教保人力,2026-08-28,梅花新聞網,基隆幼兒園擬全面裝監視器 教師工會發起連署反對：別把教室變成「監控現場」 - 梅花新聞網,https://news.google.com/rss/articles/CBMiWEFVX3lxTE5oajN4el9zWjlLZzRLdzJOWUN3RGd0VUZYclJ2R3dTb2JxOWdjMGV1MUp3OGhDbHMyU05TR01EUHo4U0pqV0FZMUVVUFBNbWpqaDc2V01BclU?oc=5,unclear,,,,標題提及其他縣市（基隆），不予歸屬,0,0,待人工研判
2026-09-03-news-v1,教保人力,2019-05-21,news.pts.org.tw,幼兒園師生比1：15 已有38年未曾調降 - news.pts.org.tw,https://news.google.com/rss/articles/CBMiT0FVX3lxTE55bG9tZE95VXEyZ0Y4YkNERHZrN3B1dzBlUEVyVUs4eklBNWFEbE1hSjExd25VWnZvOFBDUWUxQ0k2b2E1TkhyNlJHR2RMWms?oc=5,unclear,,,,標題未以機構名稱形式出現可辨識名稱,0,0,待人工研判
2026-09-03-news-v1,教保人力,2025-02-03,好房網News,苗縣幼幼班師生比　調至1：4 - 好房網News,https://news.google.com/rss/articles/CBMia0FVX3lxTE5ZRU5OX2tZQk9QZ1ExVWs3XzVSdVd6cExsWlZnY1F6LW5TanpDamZMMC05cUszX2Uxd19JZXQxeDNpSmZHWl9DbEV4WUdmQ0dSd2hnT3M3TTJlMkhQOVUzOTBZeU9PSVdqbDBN0gFwQVVfeXFMUEE1a09ORFA0MHltTVRJOW96c2QtdjJUS3N6WmdRVXR1SDdpZXRBQzR2cjhFVXBFZktDTm9IQXotYXV3OFFLeG5yQUhxYWJnbEJkVm5keDdQTF80WVp6SmFlaTNOZkJTUG5IZ3Y3U3V1eA?oc=5,unclear,,,,標題未以機構名稱形式出現可辨識名稱,0,0,待人工研判
2026-09-03-news-v1,教保人力,2025-01-23,news.ltn.com.tw,新北推廣幼兒園開集中特教班課後照顧特教助理員人力1：3為上限- 生活 - news.ltn.com.tw,https://news.google.com/rss/articles/CBMiZEFVX3lxTE05ZjEtb2VZYUthTWlkVkE1S0tFWVlaZVcyMlBLMWtFZUdJbXo3cmNxTlV1M0VxeDdzeGlSVDBWMDhxdjNfblp1UUtZb1RtZWo4cUhYTjVuZmRkWHhHUHZoalROWnA?oc=5,unclear,,,,標題未以機構名稱形式出現可辨識名稱,0,0,待人工研判
2026-09-03-news-v1,教保人力,2025-07-16,中央社 CNA,亞大幼教系114學年度錄取公立幼兒園教師達18人 - 中央社 CNA,https://news.google.com/rss/articles/CBMiVkFVX3lxTE9LdHN1NlZKNFlKUmREV1VWc3huT1Q2ZVpXSV9OTkZzQWRQaENqS0FpeXhoZGNpRHRqMEowTFJOUG90ZllSdGVFbW9YRzJ0ZS1Fd1VIUDJ3?oc=5,unclear,,,,標題未以機構名稱形式出現可辨識名稱,0,0,待人工研判
2026-09-03-news-v1,教保人力,2025-04-17,news.pts.org.tw,學前特教人力及資源吃緊 幼教產工籲降低師生比 - news.pts.org.tw,https://news.google.com/rss/articles/CBMiT0FVX3lxTE9fbnN0OFJTQS1nVndfMTY0dTF5cE5VRm1GMUxCR2lDWXNJVWFhV3U4Q1pFTU9HQ0tRQ29nZ0h4SFEwczdyMFhQcW5jcU5TQXM?oc=5,unclear,,,,標題未以機構名稱形式出現可辨識名稱,0,0,待人工研判
2026-09-03-news-v1,教保人力,2025-11-07,news.ltn.com.tw,新北校園人力告急 侯友宜：庶務委外補助明年調高到每員額50.2萬 - news.ltn.com.tw,https://news.google.com/rss/articles/CBMiZEFVX3lxTE51WXBpWkRGTHgwRG9CTHJjUG1FakxkcjgyRDRNeklsUTNVQUxreFVmeG1uTEhUWXp1alZRX1dPM2JyUjRRMVBGOXhuczNidUtOWXNLMGR4S3Y3STlWcGd6NHFyVFY?oc=5,unclear,,,,標題未以機構名稱形式出現可辨識名稱,0,0,待人工研判
2026-09-03-news-v1,教保人力,2022-08-09,中時新聞網,北市3至5歲幼兒園 師生比降為1：12 - 中時新聞網,https://news.google.com/rss/articles/CBMia0FVX3lxTE41MGlPSDNwWnJKei16dENtejRsUEFPbTNWeVJHdkQtQTdrMEg3a2Nzb0NZYXduaVNvV1VvQ2VzanZralNrWWFTSzJrSXE4dXprRmhjZGJfUzUza1NBV0NCZnBFU3BYVHBxbDVZ?oc=5,unclear,,,,標題提及其他縣市（北市），不予歸屬,0,0,待人工研判
2026-09-03-news-v1,教保人力,2025-08-08,TVBS新聞網,公幼暑假加托壓垮第一線！祭高時薪教師卻步 - TVBS新聞網,https://news.google.com/rss/articles/CBMiTkFVX3lxTE9EdzRGZV94Ynk5OG9kc3BYTWtaZXVsT1JHS09wWXhHYmhqSTg0OER1dkxoRVFPWWVuZUdLSnhJcmc5THhVTU1oaXhGMUFyQQ?oc=5,unclear,,,,標題未以機構名稱形式出現可辨識名稱,0,0,待人工研判
2026-09-03-news-v1,教保人力,2023-04-24,好房網News,爸媽注意！台南112學年度公幼招生開跑　幼幼班增至240名額 - 好房網News,https://news.google.com/rss/articles/CBMia0FVX3lxTE16LVlyTVQyV25MdlNDYWlqVnN0Z0VLV3hYaTBwczd0QnJUcFZwVHVKLUFoZGlnUE5HVnB0ZXB5dGthaGpaeWRHb0VQdGktZ1dEd3h0c25pcHgtdl9oLU9ROEhjQlA4S3AxaUZR0gFwQVVfeXFMUGRRdnJRelpWbkJZZTV3VVhweEZJWVd4VU4wbnk0NXp3azNyYnIzQThza1hOQmlOd3BPUTRUaGl3Z29DMVRzc2h5czlSU3Q3dHlQZUZodnFUMDFhYzNTTXV0M2s4TG1tWFhLMDhtVVVsMQ?oc=5,routine,,,,標題提及其他縣市（台南），不予歸屬,0,0,待人工研判
2026-09-03-news-v1,教保人力,2024-05-09,news.ltn.com.tw,提升幼教品質嘉縣水上鄉立幼兒園將調降師生比- 生活 - news.ltn.com.tw,https://news.google.com/rss/articles/CBMiZEFVX3lxTE9fN0t5X0c1a213eXJ3M21ydlAza3pDSXBQUzZlLURNdWVudVRUeVBfLXFBZ0ZDZ3VoSWs3TVhVRE9FY0dzMVBMa21yUW9aSDZNMTZGb0VMY3lRWlZWNG54ZjM3a1U?oc=5,unclear,,,,標題未以機構名稱形式出現可辨識名稱,0,0,待人工研判
2026-09-03-news-v1,教保人力,2026-08-17,天晴報媒體,北市力拚優質學前教育 增設2歲專班、師生比降至1：12減輕家長負擔 - 天晴報媒體,https://news.google.com/rss/articles/CBMiREFVX3lxTE5kMHVmckY5QlNyQ3BSZ1FlYjVaNFU0MmtVMm5ObE8wMzZjNExhSXVGQmFaTEVMMExNWHE0V0lBR1BsWVhB?oc=5,unclear,,,,標題提及其他縣市（北市），不予歸屬,0,0,待人工研判
2026-09-03-news-v1,教保人力,2023-03-27,蕃新聞,幼幼班需更多照顧 師生比建議調降為1:6 - 蕃新聞,https://news.google.com/rss/articles/CBMiUkFVX3lxTE42YkxKYzgwcUREa3VzcjBQeEN4ejRTR3A2clVaTHhuLWZIX1NaSmNCSUV2TENtdFl4RXcxZy1GX0pyQ2x6ckxSaWpYdURybl9lUUE?oc=5,unclear,,,,標題未以機構名稱形式出現可辨識名稱,0,0,待人工研判
2026-09-03-news-v1,教保人力,2023-03-30,LINE TODAY,幼兒園師生比將調降／準公幼、私幼達標可獲補助| 自由電子報 - LINE TODAY,https://news.google.com/rss/articles/CBMiVkFVX3lxTE9hV3RNM3pmY1NWT3Bsby1MX3Y1ZzVxdG9hRVJUSHZta2NHNzY4YUwyU2dUSXhtS2pqVlFXYWZseHZxakRvV3lpX0NqQWVUU1hGcXpOaXd3?oc=5,unclear,,,,標題未以機構名稱形式出現可辨識名稱,0,0,待人工研判
2026-09-03-news-v1,教保人力,2025-02-02,好房網News,暑期延托找嘸人　國教署加碼補助 - 好房網News,https://news.google.com/rss/articles/CBMia0FVX3lxTE9wZlNZVDBjWk1MMHNSMDhLU3JBeDNhRUFaTHFsWHVZU09saWhVQzdWcVRYazlNZjZhRll0ZTVFbnI2NUw5OTVSSUM1NnhXMnZHMXozR0xYQkJEZzlvbGVoRmQ2d3BZaS10RXpB0gFwQVVfeXFMT0VYMU5mRktjc2YwZUxjRVBlb2VNelY2Vk1Ud2J6MmxqOUliSDB5OERSYllibHEwS1dlUWstRjRiSEFQaHZwWUYzaVJDQmtPSEpidFhJTkl4R0c0V1BVQmxpY0h4d3Fac0hIWEhJbDNaNw?oc=5,unclear,,,,標題未以機構名稱形式出現可辨識名稱,0,0,待人工研判
2026-09-03-news-v1,教保人力,2023-05-03,好房網News,仁德人喊還我幼兒園　教育局：緩建 - 好房網News,https://news.google.com/rss/articles/CBMia0FVX3lxTE9HZHBGaVhxeEpCTERQeVYxbXR5UFRCdVlHYWtacENzTjZOSVFBY3VraFA1R1c0TE1OS3pVeFU3YmVqeGVlaEx3Rmwyc3NkYk9OSWRkZDVJdThzUVlqcGRQSEV6ZkFieHBONlBV0gFwQVVfeXFMT3VSRnRnTEdwck5rdTJVbi0wYThEZkM0RzNRNlVFYXdwZ29uUHByeDB3NXlSdjJaS2ozZnNIS1BKazRzZkpBV2l6M29ydW1oVmtmVGE2WUwyUnpwRkM1SlNRbDI3VnNnMUtxYVNFQ01ZQQ?oc=5,unclear,,,,標題未以機構名稱形式出現可辨識名稱,0,0,待人工研判
2026-09-03-news-v1,教保人力,2023-06-11,news.ltn.com.tw,新北幼兒園疑餵藥案離園申請書挨批對家長沒保障- 生活 - news.ltn.com.tw,https://news.google.com/rss/articles/CBMiZEFVX3lxTE5XekVMSHpBMWdQU25YUmVTY2Jnb0pTcV9HdWpNSy12UUhBRWdjZjM0U3g4X3g4ZldoejRpTTJXS2g2eHllNDBuZjJPYVEyWXFMSkt1WFFfQ2FQUm56WEFGbjNjc0g?oc=5,unclear,,,,標題未以機構名稱形式出現可辨識名稱,0,0,待人工研判
2026-09-03-news-v1,教保人力,2023-06-12,news.ltn.com.tw,特幼生助理員補助差很多 全教產：公立附幼應有相同待遇 - news.ltn.com.tw,https://news.google.com/rss/articles/CBMiZEFVX3lxTE42RkZiTGkycGZZZ2Z4SG5TSmNnQy1JU3h6NnJ1WlRsQ0hTVnAwM2lBZnQ3X0lUdXVvLVdlelJXd0xZT284cXNLRXQ4dTlUdTRVQlI3UUc0MjNvVW1VMWI2V0xXaVHSAWpBVV95cUxQNVltRkQ1YzFNOVVNZzQ0NXB3aUdvNnhSSW9ucm9kNUMzUWJiRVVLdE9sTUxRTU1QLXRNcjhSRktHSjM3cHhDUU9pNV9kaGpQM3R1SF9TdkV0VFVLd01kM1hybEZXbWMtOHVn?oc=5,unclear,,,,標題未以機構名稱形式出現可辨識名稱,0,0,待人工研判
2026-09-03-news-v1,教保人力,2022-09-21,news.ltn.com.tw,陳時中發布教育政見 降低代理教師、幼兒園師生比 - news.ltn.com.tw,https://news.google.com/rss/articles/CBMiakFVX3lxTE9falhTLVZlaUZUeFYwTExqdDhhUWZkNEpRdFJsNGFuM1hQQnlYX2loLWQxSG9HaHpXSzlyWFFiQmMtS0t0N2JEWU5oYjExNVNlNFpMUzNobXZlS0RqZThmRzVhMVVKQk9jLXfSAW9BVV95cUxQZDEwWEw3UFJGQ3AyRzlIOWdyMmtwdHgteWtOVXpGZVFSenFfdGc3RUNWTldZUDhhQ1F6NFlNMDFpb3FEYmdGODhEcVNHZVNRa2NQeWpDck5Rcy1uemlkQlJOZHh1TzlaRGdzTm9aRDg?oc=5,unclear,,,,標題未以機構名稱形式出現可辨識名稱,0,0,待人工研判
2026-09-03-news-v1,教保人力,2019-05-21,中時新聞網,幼兒園師生比38年不變 教團要求降到1：13 - 中時新聞網,https://news.google.com/rss/articles/CBMibkFVX3lxTE5CWHd2TTZwNzBUc0NNd0M3dFNBT2FPdWVtTkVod0pIbElfQmFfYlBGX3h3WGVhVHBHMDVkc1p1dnFXMDBlU25kV2NybTB1d1F1ODFkZ19ZRGZFRVpaQ1d5aWxHQUtkVmxxeVhHdVZB?oc=5,unclear,,,,標題未以機構名稱形式出現可辨識名稱,0,0,待人工研判
2026-09-03-news-v1,教保人力,2023-03-10,news.ltn.com.tw,教育部降幼教師生比引不滿國民黨團：盡速跟幼教業者溝通- 生活 - news.ltn.com.tw,https://news.google.com/rss/articles/CBMiZEFVX3lxTFAzci1NdHV0Q3NUaHJ6UEdFMjhncFJLb21qYy13ckxGdHRPdTNzSjAycklMQm4xallXUkZ2TXZvaHZLSG1hWW0wWjNrZ1plYjI5NmZRUURPRTNsRE5hZkI0eFFBYjE?oc=5,unclear,,,,標題未以機構名稱形式出現可辨識名稱,0,0,待人工研判
2026-09-03-news-v1,教保人力,2021-11-09,中時新聞網,幼兒園師生比40年不變 黃偉哲指最好降為1：10 - 中時新聞網,https://news.google.com/rss/articles/CBMibkFVX3lxTE1yRUkzQ2dUTTM1cWJJMVhsQ1Q4M3RvazdVa0ZRSzI3dFQ3eDRGejRxUU8zbzBLUmNJQzZ6UnVSekNwYWNEX3dYVHNKVjFYbzdQU2k1cjFDVXBsc1pQTDRMYmJ6NE5zOGVVYzV0amJB?oc=5,unclear,,,,標題未以機構名稱形式出現可辨識名稱,0,0,待人工研判
2026-09-03-news-v1,教保人力,2019-05-22,中時新聞網,幼兒園師生比 教團要求降至1：13 - 中時新聞網,https://news.google.com/rss/articles/CBMia0FVX3lxTFBsYVNNZXhnekM1Ym01YThLNmRVVUhUbkRNaWR1V3pFbEVsLUZQdXc3Q1d3My1kcjRFMzVVSkZKRFV5Wk9lcU1UVmhwTHlLUlZpZXU0LXZsUjBJcDIyNDNoUlV5YVBGTzRpeUxR?oc=5,unclear,,,,標題未以機構名稱形式出現可辨識名稱,0,0,待人工研判
2026-09-03-news-v1,教保人力,2021-05-05,news.ltn.com.tw,女童在戲水池溺水亡幼兒園負責人等3人判刑- 社會 - news.ltn.com.tw,https://news.google.com/rss/articles/CBMiaEFVX3lxTE9yb3RFTXFtTVVrVXpRWXRSRTB3ajl3Y1J2NFBhVzhSUFVkWGNGWGJKUjFnUHJCeHZGakNJOTNqSnlBWlp2bXhCbFlVSHBNOTIyR2hJamtwWjVlVmdxc283TTljSFRIeFhz?oc=5,unclear,,,,標題未以機構名稱形式出現可辨識名稱,0,0,待人工研判
2026-09-03-news-v1,教保人力,2022-04-07,news.ltn.com.tw,私立幼兒園4歲女童溺水不治 負責人、園長和老師判刑 - news.ltn.com.tw,https://news.google.com/rss/articles/CBMiaEFVX3lxTE5vSHozSmRfZWF2WWFqMF93TWVTWnJRVjNoQUo4ZW45RURPZkNWcXdydVpMczZtbTdiMGkzYk9qR052bFdvOEVIUW1uVTlXVTF5TFhESmIxSWdPYnVTdEpqWjFhNFk2emE40gFuQVVfeXFMUHFDdDV0elJkdWY1QUlKZ1U3QVdJc0ZsQTVTY3FKS1RCamxmaTRyVXZ2WFdOb2RhYmNHX0VySTdlYjhTU2s2SmQwdFBvaWJ3R0dRMTBwd2puNFlEWUxCSzhpSUFURWN2b1BNYlBVVlE?oc=5,unclear,,,,標題未以機構名稱形式出現可辨識名稱,0,0,待人工研判
2026-09-03-news-v1,教保人力,2019-08-06,TVBS新聞網,溺水究責！幼園泳池違建 師生比1：18超標 - TVBS新聞網,https://news.google.com/rss/articles/CBMiT0FVX3lxTE5wRmlHVjJDekVZdU5BUk4ySVpHVWdlLUpDQlZwZFlPa3NWYVd0V291UXFqbkRoUDJZR3FNbXNZUjhadnVzblFKeldWSXhMRDg?oc=5,unclear,,,,標題未以機構名稱形式出現可辨識名稱,0,0,待人工研判
2026-09-03-news-v1,教保人力,2019-08-06,中時新聞網,4歲女童幼兒園溺水命危 師生比違超挨罰3萬 - 中時新聞網,https://news.google.com/rss/articles/CBMibkFVX3lxTE84TjlhR1JPUmRIdDRqVTdBb2x2NTRaQXBnMEhRNm5ob3JYWHM2X3BZZTVUbjU4MUFhdUJvUVhGMUpxTy1KVlAxZjFfblUwaG84MVRiZGN6T2pGaUI0Slp5YlVZblFIaURzTUVXVGxB?oc=5,unclear,,,,標題未以機構名稱形式出現可辨識名稱,0,0,待人工研判
2026-09-03-news-v1,教保人力,2019-08-06,中時新聞網,4歲女童幼兒園溺水命危 爆違建、師生比違規 - 中時新聞網,https://news.google.com/rss/articles/CBMibkFVX3lxTFBaUGRzT2hpekxEZHNvWUZiRXZvNmw3WFFqTThtU3FQQXoxUTBCWlluRzRUS2xGNkcweENjei1aYXhKS3dXN2RHc0l0RXZWdDlVRzk5aENQTS1naE9lYzBIcXR6VXF5R2ticFdJWVpn?oc=5,unclear,,,,標題未以機構名稱形式出現可辨識名稱,0,0,待人工研判
