entity_type,short_name,year,year_kind,flagged,n_failed,top_rules,observable_from,label_end,n_prior_penalties,has_prior,penalised_after,n_penalties_after,first_penalty_after,lead_days
公立,新北市立三峽幼兒園,112,年度,0,0,,2024-07-01,2026-07-29,0,0,1,1,2025-08-07,402
公立,新北市立三峽幼兒園,114,年度,0,0,,2026-07-01,2026-07-29,1,1,0,0,,
公立,新北市立三芝幼兒園,112,年度,0,0,,2024-07-01,2026-07-29,0,0,0,0,,
公立,新北市立三芝幼兒園,113,年度,0,0,,2025-07-01,2026-07-29,0,0,0,0,,
公立,新北市立三芝幼兒園,114,年度,0,0,,2026-07-01,2026-07-29,0,0,0,0,,
公立,新北市立三重幼兒園,112,年度,0,0,,2024-07-01,2026-07-29,0,0,0,0,,
公立,新北市立三重幼兒園,113,年度,0,0,,2025-07-01,2026-07-29,0,0,0,0,,
公立,新北市立三重幼兒園,114,年度,0,0,,2026-07-01,2026-07-29,0,0,0,0,,
公立,新北市立中和幼兒園,112,年度,0,0,,2024-07-01,2026-07-29,0,0,0,0,,
公立,新北市立中和幼兒園,113,年度,0,0,,2025-07-01,2026-07-29,0,0,0,0,,
公立,新北市立中和幼兒園,114,年度,0,0,,2026-07-01,2026-07-29,0,0,0,0,,
公立,新北市立五股幼兒園,112,年度,0,0,,2024-07-01,2026-07-29,0,0,1,3,2025-02-27,241
公立,新北市立五股幼兒園,114,年度,0,0,,2026-07-01,2026-07-29,3,1,0,0,,
公立,新北市立八里幼兒園,112,年度,0,0,,2024-07-01,2026-07-29,0,0,0,0,,
公立,新北市立八里幼兒園,113,年度,0,0,,2025-07-01,2026-07-29,0,0,0,0,,
公立,新北市立八里幼兒園,114,年度,0,0,,2026-07-01,2026-07-29,0,0,0,0,,
公立,新北市立土城幼兒園,112,年度,0,0,,2024-07-01,2026-07-29,0,0,0,0,,
公立,新北市立土城幼兒園,113,年度,0,0,,2025-07-01,2026-07-29,0,0,0,0,,
公立,新北市立新店幼兒園,112,年度,0,0,,2024-07-01,2026-07-29,0,0,0,0,,
公立,新北市立新店幼兒園,113,年度,0,0,,2025-07-01,2026-07-29,0,0,0,0,,
公立,新北市立新店幼兒園,114,年度,0,0,,2026-07-01,2026-07-29,0,0,0,0,,
公立,新北市立新莊幼兒園,112,年度,0,0,,2024-07-01,2026-07-29,0,0,0,0,,
公立,新北市立新莊幼兒園,113,年度,0,0,,2025-07-01,2026-07-29,0,0,0,0,,
公立,新北市立板橋幼兒園,112,年度,0,0,,2024-07-01,2026-07-29,0,0,0,0,,
公立,新北市立板橋幼兒園,113,年度,0,0,,2025-07-01,2026-07-29,0,0,0,0,,
公立,新北市立板橋幼兒園,114,年度,0,0,,2026-07-01,2026-07-29,0,0,0,0,,
公立,新北市立林口幼兒園,112,年度,0,0,,2024-07-01,2026-07-29,0,0,0,0,,
公立,新北市立林口幼兒園,113,年度,0,0,,2025-07-01,2026-07-29,0,0,0,0,,
公立,新北市立林口幼兒園,114,年度,0,0,,2026-07-01,2026-07-29,0,0,0,0,,
公立,新北市立樹林幼兒園,112,年度,0,0,,2024-07-01,2026-07-29,0,0,0,0,,
公立,新北市立樹林幼兒園,113,年度,0,0,,2025-07-01,2026-07-29,0,0,0,0,,
公立,新北市立樹林幼兒園,114,年度,0,0,,2026-07-01,2026-07-29,0,0,0,0,,
公立,新北市立永和幼兒園,112,年度,0,0,,2024-07-01,2026-07-29,0,0,0,0,,
公立,新北市立永和幼兒園,113,年度,0,0,,2025-07-01,2026-07-29,0,0,0,0,,
公立,新北市立永和幼兒園,114,年度,0,0,,2026-07-01,2026-07-29,0,0,0,0,,
公立,新北市立泰山幼兒園,112,年度,0,0,,2024-07-01,2026-07-29,1,1,1,1,2025-08-19,414
公立,新北市立泰山幼兒園,113,年度,0,0,,2025-07-01,2026-07-29,1,1,1,1,2025-08-19,49
公立,新北市立泰山幼兒園,114,年度,0,0,,2026-07-01,2026-07-29,2,1,0,0,,
公立,新北市立淡水幼兒園,112,年度,0,0,,2024-07-01,2026-07-29,0,0,0,0,,
公立,新北市立淡水幼兒園,113,年度,0,0,,2025-07-01,2026-07-29,0,0,0,0,,
公立,新北市立淡水幼兒園,114,年度,0,0,,2026-07-01,2026-07-29,0,0,0,0,,
公立,新北市立深坑幼兒園,112,年度,0,0,,2024-07-01,2026-07-29,0,0,0,0,,
公立,新北市立深坑幼兒園,113,年度,0,0,,2025-07-01,2026-07-29,0,0,0,0,,
公立,新北市立深坑幼兒園,114,年度,0,0,,2026-07-01,2026-07-29,0,0,0,0,,
公立,新北市立烏來幼兒園,112,年度,1,1,每生政府投入 同儕偏高,2024-07-01,2026-07-29,0,0,0,0,,
公立,新北市立烏來幼兒園,113,年度,0,0,,2025-07-01,2026-07-29,0,0,0,0,,
公立,新北市立烏來幼兒園,114,年度,1,1,每生政府投入 同儕偏高,2026-07-01,2026-07-29,0,0,0,0,,
公立,新北市立瑞芳幼兒園,112,年度,1,1,推估滿園率 同儕偏低,2024-07-01,2026-07-29,0,0,0,0,,
公立,新北市立萬里幼兒園,112,年度,1,2,推估滿園率 同儕偏低；每生政府投入 同儕偏高,2024-07-01,2026-07-29,0,0,0,0,,
公立,新北市立萬里幼兒園,113,年度,1,2,推估滿園率 同儕偏低；每生政府投入 同儕偏高,2025-07-01,2026-07-29,0,0,0,0,,
公立,新北市立萬里幼兒園,114,年度,1,2,推估滿園率 同儕偏低；每生政府投入 同儕偏高,2026-07-01,2026-07-29,0,0,0,0,,
公立,新北市立蘆洲幼兒園,112,年度,0,0,,2024-07-01,2026-07-29,0,0,0,0,,
公立,新北市立蘆洲幼兒園,113,年度,0,0,,2025-07-01,2026-07-29,0,0,0,0,,
公立,新北市立金山幼兒園,112,年度,0,0,,2024-07-01,2026-07-29,0,0,0,0,,
公立,新北市立金山幼兒園,113,年度,1,2,推估滿園率 同儕偏低；每生政府投入 同儕偏高,2025-07-01,2026-07-29,0,0,0,0,,
公立,新北市立鶯歌幼兒園,112,年度,0,0,,2024-07-01,2026-07-29,0,0,1,1,2024-09-04,65
公立,新北市立鶯歌幼兒園,113,年度,0,0,,2025-07-01,2026-07-29,1,1,0,0,,
公立,新北市立鶯歌幼兒園,114,年度,1,1,推估滿園率 同儕偏低,2026-07-01,2026-07-29,1,1,0,0,,
非營利,三多,110,學年度,0,0,,2023-01-01,2026-07-29,0,0,0,0,,
非營利,三多,111,學年度,0,0,,2024-01-01,2026-07-29,0,0,0,0,,
非營利,三多,112,學年度,0,0,,2025-01-01,2026-07-29,0,0,0,0,,
非營利,三多,113,學年度,0,0,,2026-01-01,2026-07-29,0,0,0,0,,
非營利,中園,110,學年度,0,0,,2023-01-01,2026-07-29,0,0,0,0,,
非營利,中園,111,學年度,0,0,,2024-01-01,2026-07-29,0,0,0,0,,
非營利,中園,112,學年度,0,0,,2025-01-01,2026-07-29,0,0,0,0,,
非營利,中園,113,學年度,0,0,,2026-01-01,2026-07-29,0,0,0,0,,
非營利,中平,110,學年度,1,1,家長分攤比率 同儕偏離,2023-01-01,2026-07-29,0,0,0,0,,
非營利,中平,111,學年度,0,0,,2024-01-01,2026-07-29,0,0,0,0,,
非營利,中平,112,學年度,0,0,,2025-01-01,2026-07-29,0,0,0,0,,
非營利,中平,113,學年度,0,0,,2026-01-01,2026-07-29,0,0,0,0,,
非營利,中正,110,學年度,1,1,核定人數 財報=登記,2023-01-01,2026-07-29,0,0,1,1,2024-12-05,704
非營利,中正,111,學年度,0,0,,2024-01-01,2026-07-29,0,0,1,1,2024-12-05,339
非營利,中正,112,學年度,0,0,,2025-01-01,2026-07-29,1,1,0,0,,
非營利,中正,113,學年度,0,0,,2026-01-01,2026-07-29,1,1,0,0,,
非營利,佳和,112,學年度,0,0,,2025-01-01,2026-07-29,0,0,0,0,,
非營利,佳和,113,學年度,0,0,,2026-01-01,2026-07-29,0,0,0,0,,
非營利,佳林,110,學年度,0,0,,2023-01-01,2026-07-29,0,0,0,0,,
非營利,佳林,111,學年度,0,0,,2024-01-01,2026-07-29,0,0,0,0,,
非營利,佳林,112,學年度,0,0,,2025-01-01,2026-07-29,0,0,0,0,,
非營利,佳林,113,學年度,0,0,,2026-01-01,2026-07-29,0,0,0,0,,
非營利,北大,110,學年度,1,1,核定人數 財報=登記,2023-01-01,2026-07-29,0,0,1,4,2024-03-29,453
非營利,北大,111,學年度,0,0,,2024-01-01,2026-07-29,0,0,1,4,2024-03-29,88
非營利,北大,112,學年度,0,0,,2025-01-01,2026-07-29,4,1,0,0,,
非營利,北大,113,學年度,0,0,,2026-01-01,2026-07-29,4,1,0,0,,
非營利,大觀,110,學年度,0,0,,2023-01-01,2026-07-29,0,0,0,0,,
非營利,大觀,111,學年度,0,0,,2024-01-01,2026-07-29,0,0,0,0,,
非營利,大觀,112,學年度,0,0,,2025-01-01,2026-07-29,0,0,0,0,,
非營利,大觀,113,學年度,0,0,,2026-01-01,2026-07-29,0,0,0,0,,
非營利,安溪,110,學年度,1,1,核定人數 財報=登記,2023-01-01,2026-07-29,0,0,0,0,,
非營利,安溪,111,學年度,0,0,,2024-01-01,2026-07-29,0,0,0,0,,
非營利,安溪,112,學年度,0,0,,2025-01-01,2026-07-29,0,0,0,0,,
非營利,安溪,113,學年度,0,0,,2026-01-01,2026-07-29,0,0,0,0,,
非營利,安興,110,學年度,0,0,,2023-01-01,2026-07-29,0,0,1,4,2023-08-29,240
非營利,安興,111,學年度,1,1,師生比貼齊法定上限,2024-01-01,2026-07-29,2,1,1,2,2024-02-16,46
非營利,安興,112,學年度,0,0,,2025-01-01,2026-07-29,4,1,0,0,,
非營利,安興,113,學年度,0,0,,2026-01-01,2026-07-29,4,1,0,0,,
非營利,山北,110,學年度,0,0,,2023-01-01,2026-07-29,0,0,0,0,,
非營利,山北,111,學年度,0,0,,2024-01-01,2026-07-29,0,0,0,0,,
非營利,山北,112,學年度,1,1,隱含收費年額 同儕偏離,2025-01-01,2026-07-29,0,0,0,0,,
非營利,山北,113,學年度,0,0,,2026-01-01,2026-07-29,0,0,0,0,,
非營利,崁頂,113,學年度,1,1,核定人數 財報=登記,2026-01-01,2026-07-29,0,0,0,0,,
非營利,文中,111,學年度,0,0,,2024-01-01,2026-07-29,0,0,1,2,2025-02-04,400
非營利,文中,112,學年度,0,0,,2025-01-01,2026-07-29,0,0,1,2,2025-02-04,34
非營利,文中,113,學年度,0,0,,2026-01-01,2026-07-29,2,1,0,0,,
非營利,文仁,110,學年度,0,0,,2023-01-01,2026-07-29,0,0,0,0,,
非營利,文仁,111,學年度,0,0,,2024-01-01,2026-07-29,0,0,0,0,,
非營利,文仁,112,學年度,0,0,,2025-01-01,2026-07-29,0,0,0,0,,
非營利,文仁,113,學年度,0,0,,2026-01-01,2026-07-29,0,0,0,0,,
非營利,文創,110,學年度,1,1,家長分攤比率 同儕偏離,2023-01-01,2026-07-29,0,0,0,0,,
非營利,文創,111,學年度,0,0,,2024-01-01,2026-07-29,0,0,0,0,,
非營利,文創,112,學年度,0,0,,2025-01-01,2026-07-29,0,0,0,0,,
非營利,文創,113,學年度,0,0,,2026-01-01,2026-07-29,0,0,0,0,,
非營利,新店及人,110,學年度,1,1,師生比貼齊法定上限,2023-01-01,2026-07-29,0,0,0,0,,
非營利,新店及人,111,學年度,1,1,師生比貼齊法定上限,2024-01-01,2026-07-29,0,0,0,0,,
非營利,新店及人,112,學年度,0,0,,2025-01-01,2026-07-29,0,0,0,0,,
非營利,新店及人,113,學年度,1,2,家長分攤比率 同儕偏離；家長月均實繳 ≤ 登記月費,2026-01-01,2026-07-29,0,0,0,0,,
非營利,新月,110,學年度,1,3,家長分攤比率 同儕偏離；家長月均實繳 ≤ 登記月費；核定人數 財報=登記,2023-01-01,2026-07-29,0,0,1,1,2024-06-12,528
非營利,新月,111,學年度,1,1,核定人數 財報=登記,2024-01-01,2026-07-29,0,0,1,1,2024-06-12,163
非營利,新月,112,學年度,1,1,核定人數 財報=登記,2025-01-01,2026-07-29,1,1,0,0,,
非營利,新月,113,學年度,1,1,核定人數 財報=登記,2026-01-01,2026-07-29,1,1,0,0,,
非營利,新林,110,學年度,0,0,,2023-01-01,2026-07-29,0,0,1,1,2024-05-10,495
非營利,新林,111,學年度,0,0,,2024-01-01,2026-07-29,0,0,1,1,2024-05-10,130
非營利,新林,112,學年度,0,0,,2025-01-01,2026-07-29,1,1,0,0,,
非營利,新林,113,學年度,0,0,,2026-01-01,2026-07-29,1,1,0,0,,
非營利,新樂,110,學年度,0,0,,2023-01-01,2026-07-29,0,0,0,0,,
非營利,新樂,111,學年度,0,0,,2024-01-01,2026-07-29,0,0,0,0,,
非營利,新樂,112,學年度,0,0,,2025-01-01,2026-07-29,0,0,0,0,,
非營利,新樂,113,學年度,0,0,,2026-01-01,2026-07-29,0,0,0,0,,
非營利,昌平,110,學年度,0,0,,2023-01-01,2026-07-29,0,0,0,0,,
非營利,昌平,111,學年度,0,0,,2024-01-01,2026-07-29,0,0,0,0,,
非營利,昌平,112,學年度,0,0,,2025-01-01,2026-07-29,0,0,0,0,,
非營利,昌平,113,學年度,0,0,,2026-01-01,2026-07-29,0,0,0,0,,
非營利,昌福,110,學年度,0,0,,2023-01-01,2026-07-29,1,1,1,6,2025-03-27,816
非營利,昌福,111,學年度,0,0,,2024-01-01,2026-07-29,1,1,1,6,2025-03-27,451
非營利,昌福,112,學年度,0,0,,2025-01-01,2026-07-29,1,1,1,6,2025-03-27,85
非營利,昌福,113,學年度,0,0,,2026-01-01,2026-07-29,7,1,0,0,,
非營利,明德,113,學年度,0,0,,2026-01-01,2026-07-29,0,0,0,0,,
非營利,東湖,111,學年度,0,0,,2024-01-01,2026-07-29,0,0,0,0,,
非營利,東湖,112,學年度,0,0,,2025-01-01,2026-07-29,0,0,0,0,,
非營利,東湖,113,學年度,0,0,,2026-01-01,2026-07-29,0,0,0,0,,
非營利,板橋員工子女,111,學年度,0,0,,2024-01-01,2026-07-29,0,0,0,0,,
非營利,板橋員工子女,112,學年度,0,0,,2025-01-01,2026-07-29,0,0,0,0,,
非營利,板橋員工子女,113,學年度,1,1,核定人數 財報=登記,2026-01-01,2026-07-29,0,0,0,0,,
非營利,柏翠,110,學年度,1,2,家長分攤比率 同儕偏離；家長月均實繳 ≤ 登記月費,2023-01-01,2026-07-29,0,0,0,0,,
非營利,柏翠,111,學年度,0,0,,2024-01-01,2026-07-29,0,0,0,0,,
非營利,柏翠,112,學年度,0,0,,2025-01-01,2026-07-29,0,0,0,0,,
非營利,柏翠,113,學年度,0,0,,2026-01-01,2026-07-29,0,0,0,0,,
非營利,桃子腳,113,學年度,1,1,核定人數 財報=登記,2026-01-01,2026-07-29,0,0,0,0,,
非營利,海工,110,學年度,0,0,,2023-01-01,2026-07-29,0,0,0,0,,
非營利,海工,111,學年度,1,1,師生比貼齊法定上限,2024-01-01,2026-07-29,0,0,0,0,,
非營利,海工,112,學年度,0,0,,2025-01-01,2026-07-29,0,0,0,0,,
非營利,海工,113,學年度,0,0,,2026-01-01,2026-07-29,0,0,0,0,,
非營利,淡海,112,學年度,0,0,,2025-01-01,2026-07-29,0,0,0,0,,
非營利,淡海,113,學年度,1,1,核定人數 財報=登記,2026-01-01,2026-07-29,0,0,0,0,,
非營利,清水高中,113,學年度,0,0,,2026-01-01,2026-07-29,0,0,0,0,,
非營利,漢翔,110,學年度,1,1,家長分攤比率 同儕偏離,2023-01-01,2026-07-29,0,0,0,0,,
非營利,漢翔,111,學年度,1,1,家長分攤比率 同儕偏離,2024-01-01,2026-07-29,0,0,0,0,,
非營利,漢翔,112,學年度,0,0,,2025-01-01,2026-07-29,0,0,0,0,,
非營利,漢翔,113,學年度,0,0,,2026-01-01,2026-07-29,0,0,0,0,,
非營利,碧城,110,學年度,1,1,師生比貼齊法定上限,2023-01-01,2026-07-29,0,0,1,2,2024-05-03,488
非營利,碧城,111,學年度,1,1,師生比貼齊法定上限,2024-01-01,2026-07-29,0,0,1,2,2024-05-03,123
非營利,碧城,112,學年度,1,1,師生比貼齊法定上限,2025-01-01,2026-07-29,2,1,0,0,,
非營利,碧城,113,學年度,0,0,,2026-01-01,2026-07-29,2,1,0,0,,
非營利,福營,110,學年度,1,1,核定人數 財報=登記,2023-01-01,2026-07-29,0,0,1,2,2025-08-07,949
非營利,福營,111,學年度,0,0,,2024-01-01,2026-07-29,0,0,1,2,2025-08-07,584
非營利,福營,112,學年度,0,0,,2025-01-01,2026-07-29,0,0,1,2,2025-08-07,218
非營利,福營,113,學年度,0,0,,2026-01-01,2026-07-29,2,1,0,0,,
非營利,積穗,110,學年度,1,1,核定人數 財報=登記,2023-01-01,2026-07-29,0,0,0,0,,
非營利,積穗,111,學年度,1,1,核定人數 財報=登記,2024-01-01,2026-07-29,0,0,0,0,,
非營利,積穗,112,學年度,1,1,核定人數 財報=登記,2025-01-01,2026-07-29,0,0,0,0,,
非營利,積穗,113,學年度,1,1,核定人數 財報=登記,2026-01-01,2026-07-29,0,0,0,0,,
非營利,翠中,111,學年度,0,0,,2024-01-01,2026-07-29,0,0,0,0,,
非營利,翠中,112,學年度,0,0,,2025-01-01,2026-07-29,0,0,0,0,,
非營利,翠中,113,學年度,0,0,,2026-01-01,2026-07-29,0,0,0,0,,
非營利,育平,110,學年度,0,0,,2023-01-01,2026-07-29,0,0,0,0,,
非營利,育平,111,學年度,0,0,,2024-01-01,2026-07-29,0,0,0,0,,
非營利,育平,112,學年度,0,0,,2025-01-01,2026-07-29,0,0,0,0,,
非營利,育平,113,學年度,0,0,,2026-01-01,2026-07-29,0,0,0,0,,
非營利,菁湖,110,學年度,1,1,家長月均實繳 ≤ 登記月費,2023-01-01,2026-07-29,0,0,0,0,,
非營利,菁湖,111,學年度,0,0,,2024-01-01,2026-07-29,0,0,0,0,,
非營利,菁湖,112,學年度,0,0,,2025-01-01,2026-07-29,0,0,0,0,,
非營利,菁湖,113,學年度,0,0,,2026-01-01,2026-07-29,0,0,0,0,,
非營利,鷺江,110,學年度,1,1,家長分攤比率 同儕偏離,2023-01-01,2026-07-29,0,0,0,0,,
非營利,鷺江,111,學年度,0,0,,2024-01-01,2026-07-29,0,0,0,0,,
非營利,鷺江,112,學年度,0,0,,2025-01-01,2026-07-29,0,0,0,0,,
非營利,鷺江,113,學年度,0,0,,2026-01-01,2026-07-29,0,0,0,0,,
非營利,龍埔成長,110,學年度,0,0,,2023-01-01,2026-07-29,0,0,0,0,,
非營利,龍埔成長,111,學年度,0,0,,2024-01-01,2026-07-29,0,0,0,0,,
非營利,龍埔成長,112,學年度,0,0,,2025-01-01,2026-07-29,0,0,0,0,,
非營利,龍埔成長,113,學年度,1,1,家長分攤比率 同儕偏離,2026-01-01,2026-07-29,0,0,0,0,,
