code,short_name,year,year_kind,entity_type,tuition_income,approved_capacity,actual_enrolment,educators,material_cost,implied_fee_per_child,filed_fee_per_child,fee_identity_ratio,enrolment_utilisation,staff_ratio,material_per_child,registry_capacity_max,capacity_gap,income_period,period_months,full_year,implied_fee_annualised,registry_indoor_area,area_per_child_registry,area_per_child_report,parent_fee,gov_subsidy,fee_split_subtotal,fee_split_total,parent_share,parent_per_child,gov_subsidy_per_child,parent_monthly_avg,registry_monthly,tuition_actual,tuition_budget,gov_transfer_actual,fund_use_actual,fee_year_basis,fee_basis_note,n_branches,capacity_basis,implied_enrolment,implied_enrolment_budget,occupancy,occupancy_budget,gov_per_child,cost_per_child
N01,安溪,110,學年度,非營利,10069260.0,90.0,90.0,9.0,1245534.0,111880.66666666667,111864.0,1.0001489904407734,1.0,10.0,13839.266666666666,136.0,46.0,110.8.1~111.7.31,12,True,111880.66666666667,684.34,5.031911764705883,7.603777777777778,1940500.0,8128760.0,10069260.0,10069260.0,0.19271525414975876,21561.11111111111,90319.55555555556,1796.7592592592591,2000.0,,,,,,,,,,,,,,
N01,安溪,111,學年度,非營利,16337854.0,136.0,134.0,12.0,2084531.0,121924.28358208956,,,0.9852941176470589,11.166666666666666,15556.201492537313,136.0,0.0,111.8.1~112.7.31,12,True,121924.28358208954,684.34,5.031911764705883,5.031911764705883,2152116.0,14185738.0,16337854.0,16337854.0,0.13172574562118133,16060.567164179105,105863.71641791044,1338.3805970149253,2000.0,,,,,,,,,,,,,,
N01,安溪,112,學年度,非營利,17324859.0,136.0,134.0,12.0,2216621.0,129289.99253731343,,,0.9852941176470589,11.166666666666666,16541.94776119403,136.0,0.0,民國112年8月1日至113年7月31日,12,True,129289.99253731343,684.34,5.031911764705883,5.031911764705883,2202863.0,15121996.0,17324859.0,17324859.0,0.12715041432660434,16439.276119402984,112850.71641791044,1369.9396766169154,2000.0,,,,,,,,,,,,,,
N01,安溪,113,學年度,非營利,17990000.0,120.0,118.0,12.0,1890864.0,152457.62711864407,,,0.9833333333333333,9.833333333333334,16024.271186440677,136.0,16.0,民國113年8月1日至114年7月31日,12,True,152457.62711864407,684.34,5.031911764705883,5.702833333333333,2040000.0,15950000.0,17990000.0,17990000.0,0.11339633129516398,17288.13559322034,135169.49152542374,1440.6779661016951,2000.0,,,,,,,,,,,,,,
N02,山北,110,學年度,非營利,10232397.0,90.0,90.0,10.0,1085568.0,113693.3,114297.0,0.9947181465830249,1.0,9.0,12061.866666666667,90.0,0.0,110.8.1~111.7.31,12,True,113693.3,364.84,4.0537777777777775,4.0537777777777775,2135565.0,8096832.0,10232397.0,10232397.0,0.20870622983060566,23728.5,89964.8,1977.375,2000.0,,,,,,,,,,,,,,
N02,山北,111,學年度,非營利,10232832.0,90.0,90.0,10.0,1115609.0,113698.13333333333,,,1.0,9.0,12395.655555555555,90.0,0.0,111.8.1~112.7.31,12,True,113698.13333333335,364.84,4.0537777777777775,4.0537777777777775,,,,,,,,,2000.0,,,,,,,,,,,,,,
N02,山北,112,學年度,非營利,12764928.0,90.0,90.0,10.0,1219134.0,141832.53333333333,,,1.0,9.0,13545.933333333332,90.0,0.0,112.8.1~113.7.31,12,True,141832.53333333333,364.84,4.0537777777777775,4.0537777777777775,1510652.0,11254276.0,12764928.0,12764928.0,0.11834394992278845,16785.022222222222,125047.51111111112,1398.7518518518518,2000.0,,,,,,,,,,,,,,
N02,山北,113,學年度,非營利,14066000.0,86.0,86.0,10.0,1120241.0,163558.13953488372,,,1.0,8.6,13026.058139534884,90.0,4.0,民國113年8月1日至114年7月31日,12,True,163558.13953488372,364.84,4.0537777777777775,4.242325581395349,1236000.0,12830000.0,14066000.0,14066000.0,0.0878714631025167,14372.093023255815,149186.0465116279,1197.6744186046512,2000.0,,,,,,,,,,,,,,
N03,龍埔成長,110,學年度,非營利,10094201.0,90.0,90.0,9.0,1126043.0,112157.78888888888,112020.0,1.0012300382868138,1.0,10.0,12511.58888888889,90.0,0.0,民國110年8月1日至111年7月31日 (110.8.1~111.7.31),12,True,112157.78888888888,,,,,,,,,,,,2000.0,,,,,,,,,,,,,,
N03,龍埔成長,111,學年度,非營利,10081365.0,90.0,89.0,9.0,1198211.0,113273.76404494382,,,0.9888888888888889,9.88888888888889,13463.044943820225,90.0,0.0,民國111年8月1日至112年7月31日 (111.8.1~112.7.31),12,True,113273.7640449438,,,,1423575.0,8657790.0,10081365.0,10081365.0,0.14120855657939177,15995.224719101123,97278.53932584269,1332.935393258427,2000.0,,,,,,,,,,,,,,
N03,龍埔成長,112,學年度,非營利,10090612.0,90.0,90.0,9.0,1350447.0,112117.91111111111,,,1.0,10.0,15004.966666666667,90.0,0.0,民國112年8月1日至113年7月31日 (112.8.1~113.7.31),12,True,112117.91111111111,,,,1225476.0,8865136.0,10090612.0,10090612.0,0.12144714314652075,13616.4,98501.51111111112,1134.7,2000.0,,,,,,,,,,,,,,
N03,龍埔成長,113,學年度,非營利,11931000.0,72.0,71.0,9.0,1183148.0,168042.25352112675,,,0.9861111111111112,7.888888888888889,16664.056338028167,90.0,18.0,民國113年8月1日至114年7月31日 (113.8.1~114.7.31),12,True,168042.25352112675,,,,811000.0,11120000.0,11931000.0,11931000.0,0.06797418489648814,11422.535211267606,156619.71830985916,951.8779342723005,2000.0,,,,,,,,,,,,,,
N04,海工,110,學年度,非營利,6210921.0,60.0,60.0,5.0,956833.0,103515.35,103572.0,0.9994530375004829,1.0,12.0,15947.216666666667,60.0,0.0,110.8.1~111.7.31,12,True,103515.35000000002,211.4,3.5233333333333334,3.5233333333333334,1157666.0,5053255.0,6210921.0,6210921.0,0.1863920020879351,19294.433333333334,84220.91666666667,1607.8694444444445,2000.0,,,,,,,,,,,,,,
N04,海工,111,學年度,非營利,6214320.0,60.0,60.0,4.0,1040430.0,103572.0,,,1.0,15.0,17340.5,60.0,0.0,111.8.1~112.7.31,12,True,103572.0,211.4,3.5233333333333334,3.5233333333333334,990000.0,5224320.0,6214320.0,6214320.0,0.15930946587880895,16500.0,87072.0,1375.0,2000.0,,,,,,,,,,,,,,
N04,海工,112,學年度,非營利,6202211.0,60.0,60.0,5.0,1098507.0,103370.18333333333,,,1.0,12.0,18308.45,60.0,0.0,112.8.1~113.7.31,12,True,103370.18333333333,211.4,3.5233333333333334,3.5233333333333334,990521.0,5211690.0,6202211.0,6202211.0,0.15970449892788233,16508.683333333334,86861.5,1375.7236111111113,2000.0,,,,,,,,,,,,,,
N04,海工,113,學年度,非營利,7608000.0,48.0,48.0,5.0,862438.0,158500.0,,,1.0,9.6,17967.458333333332,60.0,12.0,民國113年8月1日至114年7月31日,12,True,158500.0,211.4,3.5233333333333334,4.404166666666667,,,,,,,,,2000.0,,,,,,,,,,,,,,
N05,漢翔,110,學年度,非營利,9030884.0,76.0,76.0,8.0,907619.0,118827.42105263157,119136.0,0.9974098597622177,1.0,9.5,11942.355263157895,76.0,0.0,110.8.1~111.7.31,12,True,118827.42105263157,682.1,8.975,8.975,1362000.0,7668884.0,9030884.0,9030884.0,0.1508158005351414,17921.052631578947,100906.36842105263,1493.421052631579,2000.0,,,,,,,,,,,,,,
N05,漢翔,111,學年度,非營利,9024121.0,76.0,76.0,8.0,1086820.0,118738.43421052632,,,1.0,9.5,14300.263157894737,76.0,0.0,111.8.1~112.7.31,12,True,118738.43421052633,682.1,8.975,8.975,918000.0,8106121.0,9024121.0,9024121.0,0.10172735937383819,12078.947368421053,106659.48684210527,1006.5789473684212,2000.0,,,,,,,,,,,,,,
N05,漢翔,112,學年度,非營利,9017887.0,76.0,76.0,8.0,1180578.0,118656.40789473684,,,1.0,9.5,15533.921052631578,76.0,0.0,112.8.1~113.7.31,12,True,118656.40789473684,682.1,8.975,8.975,934607.0,8083280.0,9017887.0,9017887.0,0.1036392449805592,12297.46052631579,106358.94736842105,1024.7883771929826,2000.0,,,,,,,,,,,,,,
N05,漢翔,113,學年度,非營利,12232000.0,72.0,72.0,7.0,811922.0,169888.88888888888,,,1.0,10.285714285714286,11276.694444444445,76.0,4.0,民國113年8月1日至114年7月31日,12,True,169888.88888888888,682.1,8.975,9.473611111111111,912000.0,11320000.0,12232000.0,12232000.0,0.07455853499018966,12666.666666666666,157222.22222222222,1055.5555555555554,2000.0,,,,,,,,,,,,,,
N06,昌平,110,學年度,非營利,11741812.0,120.0,120.0,10.0,1462619.0,97848.43333333333,97872.0,0.9997592093073947,1.0,12.0,12188.491666666667,120.0,0.0,110.8.1~111.7.31,12,True,97848.43333333333,558.0,4.65,4.65,2447000.0,9294812.0,11741812.0,11741812.0,0.20840054328922997,20391.666666666668,77456.76666666666,1699.3055555555557,2000.0,,,,,,,,,,,,,,
N06,昌平,111,學年度,非營利,11744640.0,120.0,120.0,10.0,1575211.0,97872.0,,,1.0,12.0,13126.758333333333,120.0,0.0,111.8.1~112.7.31,12,True,97872.0,558.0,4.65,4.65,1806000.0,9938640.0,11744640.0,11744640.0,0.15377227399051824,15050.0,82822.0,1254.1666666666667,2000.0,,,,,,,,,,,,,,
N06,昌平,112,學年度,非營利,11753640.0,120.0,118.0,10.0,1602786.0,99607.1186440678,,,0.9833333333333333,11.8,13582.93220338983,120.0,0.0,112.8.1~113.7.31,12,True,99607.1186440678,558.0,4.65,4.65,1749000.0,10004640.0,11753640.0,11753640.0,0.14880496595097348,14822.033898305084,84785.08474576271,1235.1694915254236,2000.0,,,,,,,,,,,,,,
N06,昌平,113,學年度,非營利,11765429.0,112.0,105.0,10.0,1638179.0,112051.70476190477,,,0.9375,10.5,15601.704761904763,120.0,8.0,民國113年8月1日至114年7月31日,12,True,112051.70476190477,558.0,4.65,4.982142857142857,1445429.0,10320000.0,11765429.0,11765429.0,0.12285391378418925,13765.990476190476,98285.71428571429,1147.165873015873,2000.0,,,,,,,,,,,,,,
N07,北大,110,學年度,非營利,14247593.0,150.0,149.0,12.0,1973721.0,95621.42953020135,95052.0,1.0059907159260337,0.9933333333333333,12.416666666666666,13246.44966442953,182.0,32.0,110.8.1~111.7.31,12,True,95621.42953020135,1757.67,9.657527472527473,11.7178,2928961.0,11318632.0,14247593.0,14247593.0,0.20557584709220708,19657.456375838927,75963.97315436242,1638.121364653244,2000.0,,,,,,,,,,,,,,
N07,北大,111,學年度,非營利,20293031.0,182.0,180.0,17.0,2312942.0,112739.0611111111,,,0.989010989010989,10.588235294117647,12849.677777777777,182.0,0.0,民國111年8月1日至112年7月31日 (111.8.1~112.7.31),12,True,112739.06111111112,1757.67,9.657527472527473,9.657527472527473,,,,,,,,,2000.0,,,,,,,,,,,,,,
N07,北大,112,學年度,非營利,20772125.0,182.0,180.0,17.0,2438717.0,115400.69444444444,,,0.989010989010989,10.588235294117647,13548.427777777777,182.0,0.0,民國112年8月1日至113年7月31日,12,True,115400.69444444444,1757.67,9.657527472527473,9.657527472527473,2715395.0,18056730.0,20772125.0,20772125.0,0.1307230242452325,15085.527777777777,100315.16666666667,1257.1273148148148,2000.0,,,,,,,,,,,,,,
N07,北大,113,學年度,非營利,19063795.0,162.0,137.0,17.0,2067204.0,139151.78832116787,,,0.845679012345679,8.058823529411764,15089.080291970802,182.0,20.0,民國113年8月1日至114年7月31日 (113.8.1~114.7.31),12,True,139151.78832116787,1757.67,9.657527472527473,10.849814814814815,,,,,,,,,2000.0,,,,,,,,,,,,,,
N08,鷺江,110,學年度,非營利,11370572.0,106.0,102.0,10.0,1222323.0,111476.19607843137,108000.0,1.0321870007262164,0.9622641509433962,10.2,11983.558823529413,106.0,0.0,民國110年8月1日至111年7月31日,12,True,111476.19607843137,717.13,6.765377358490566,6.765377358490566,1752980.0,9617592.0,11370572.0,11370572.0,0.15416814563066836,17186.07843137255,94290.11764705883,1432.173202614379,2000.0,,,,,,,,,,,,,,
N08,鷺江,111,學年度,非營利,,106.0,105.0,10.0,1126007.0,,,,0.9905660377358491,10.5,10723.87619047619,106.0,0.0,民國111年8月1日至112年7月31日,12,True,,717.13,6.765377358490566,6.765377358490566,1208731.0,10156368.0,11365099.0,11365099.0,0.10635463888172025,11511.72380952381,96727.31428571428,959.3103174603175,2000.0,,,,,,,,,,,,,,
N08,鷺江,112,學年度,非營利,11397036.0,106.0,106.0,10.0,1263486.0,107519.2075471698,,,1.0,10.6,11919.67924528302,106.0,0.0,民國112年8月1日至113年7月31日 (112.8.1~113.7.31),12,True,107519.2075471698,717.13,6.765377358490566,6.765377358490566,1353826.0,10043210.0,11397036.0,11397036.0,0.11878755143003848,12771.943396226416,94747.2641509434,1064.3286163522014,2000.0,,,,,,,,,,,,,,
N08,鷺江,113,學年度,非營利,11529155.0,100.0,96.0,10.0,1386265.0,120095.36458333333,,,0.96,9.6,14440.260416666666,106.0,6.0,民國113年8月1日至114年7月31日,12,True,120095.36458333333,717.13,6.765377358490566,7.1713,1199155.0,10330000.0,11529155.0,11529155.0,0.10401065819654606,12491.197916666666,107604.16666666667,1040.9331597222222,2000.0,,,,,,,,,,,,,,
N09,安興,110,學年度,非營利,6990138.0,60.0,60.0,5.0,708169.0,116502.3,116232.0,1.0023255213710511,1.0,12.0,11802.816666666668,60.0,0.0,110.8.1~111.7.31,12,True,116502.3,279.66,4.6610000000000005,4.6610000000000005,1376439.0,5613699.0,6990138.0,6990138.0,0.19691156311935473,22940.65,93561.65,1911.7208333333335,2000.0,,,,,,,,,,,,,,
N09,安興,111,學年度,非營利,6981806.0,60.0,60.0,4.0,798212.0,116363.43333333333,,,1.0,15.0,13303.533333333333,60.0,0.0,111.8.1~112.7.31,12,True,116363.43333333333,279.66,4.6610000000000005,4.6610000000000005,1105700.0,5876106.0,6981806.0,6981806.0,0.15836876590383633,18428.333333333332,97935.1,1535.6944444444443,2000.0,,,,,,,,,,,,,,
N09,安興,112,學年度,非營利,6873638.0,60.0,57.0,5.0,868837.0,120590.14035087719,,,0.95,11.4,15242.754385964912,60.0,0.0,民國112年8月1日至113年7月31日,12,True,120590.14035087719,279.66,4.6610000000000005,4.6610000000000005,1055520.0,5818118.0,6873638.0,6873638.0,0.15356060356975448,18517.894736842107,102072.24561403508,1543.1578947368423,2000.0,,,,,,,,,,,,,,
N09,安興,113,學年度,非營利,6342600.0,52.0,45.0,5.0,850077.0,140946.66666666666,,,0.8653846153846154,9.0,18890.6,60.0,8.0,民國113年8月1日至114年7月31日,12,True,140946.66666666666,279.66,4.6610000000000005,5.378076923076923,762600.0,5580000.0,6342600.0,6342600.0,0.12023460410557185,16946.666666666668,124000.0,1412.2222222222224,2000.0,,,,,,,,,,,,,,
N10,大觀,110,學年度,非營利,10711120.0,106.0,103.0,10.0,1402811.0,103991.45631067961,101523.0,1.0243142569730959,0.9716981132075472,10.3,13619.52427184466,106.0,0.0,110.8.1~111.7.31,12,True,103991.45631067961,1060.0,10.0,10.0,2346116.0,8365004.0,10711120.0,10711120.0,0.21903554436884284,22777.825242718445,81213.63106796116,1898.1521035598705,2000.0,,,,,,,,,,,,,,
N10,大觀,111,學年度,非營利,12450187.0,106.0,105.0,10.0,1596789.0,118573.20952380952,,,0.9905660377358491,10.5,15207.514285714286,106.0,0.0,111.8.1~112.7.31,12,True,118573.20952380954,1060.0,10.0,10.0,1608547.0,10841640.0,12450187.0,12450187.0,0.12919862167532103,15319.495238095238,103253.71428571429,1276.6246031746032,2000.0,,,,,,,,,,,,,,
N10,大觀,112,學年度,非營利,12476283.0,106.0,106.0,10.0,1539261.0,117700.78301886792,,,1.0,10.6,14521.330188679245,106.0,0.0,民國112年8月1日至113年7月31日,12,True,117700.7830188679,1060.0,10.0,10.0,1537467.0,10938816.0,12476283.0,12476283.0,0.12323117390011111,14504.405660377359,103196.37735849057,1208.7004716981132,2000.0,,,,,,,,,,,,,,
N10,大觀,113,學年度,非營利,13254220.0,100.0,99.0,10.0,1664885.0,133881.0101010101,,,0.99,9.9,16817.0202020202,106.0,6.0,民國113年8月1日至114年7月31日,12,True,133881.0101010101,1060.0,10.0,10.6,1200000.0,12054220.0,13254220.0,13254220.0,0.09053720249098023,12121.212121212122,121759.79797979798,1010.1010101010102,2000.0,,,,,,,,,,,,,,
N11,新林,110,學年度,非營利,13019354.0,136.0,136.0,11.0,2126375.0,95730.54411764706,96534.0,0.9916769647755926,1.0,12.363636363636363,15635.110294117647,136.0,0.0,110.8.1~111.7.31,12,True,95730.54411764706,635.0,4.669117647058823,4.669117647058823,3038415.0,9980939.0,13019354.0,13019354.0,0.23337678659017952,22341.28676470588,73389.25735294117,1861.7738970588234,2000.0,,,,,,,,,,,,,,
N11,新林,111,學年度,非營利,15053592.0,136.0,135.0,11.0,1923090.0,111508.08888888889,,,0.9926470588235294,12.272727272727273,14245.111111111111,136.0,0.0,民國111年8月1日至112年7月31日,12,True,111508.08888888889,635.0,4.669117647058823,4.669117647058823,2057896.0,12995696.0,15053592.0,15053592.0,0.1367046482992232,15243.674074074073,96264.41481481481,1270.3061728395062,2000.0,,,,,,,,,,,,,,
N11,新林,112,學年度,非營利,15066772.0,136.0,136.0,11.0,1964690.0,110785.08823529411,,,1.0,12.363636363636363,14446.25,136.0,0.0,民國112年8月1日至113年7月31日,12,True,110785.08823529411,635.0,4.669117647058823,4.669117647058823,,,,,,,,,2000.0,,,,,,,,,,,,,,
N11,新林,113,學年度,非營利,16546000.0,128.0,128.0,11.0,1656932.0,129265.625,,,1.0,11.636363636363637,12944.78125,136.0,8.0,113.8.1~114.7.31,12,True,129265.625,635.0,4.669117647058823,4.9609375,1566000.0,14980000.0,16546000.0,16546000.0,0.09464523147588541,12234.375,117031.25,1019.53125,2000.0,,,,,,,,,,,,,,
N12,昌福,110,學年度,非營利,8993315.0,90.0,90.0,8.0,996628.0,99925.72222222222,99972.0,0.9995370926081525,1.0,11.25,11073.644444444444,90.0,0.0,110.8.1~111.7.31,12,True,99925.7222222222,666.57,7.406333333333334,7.406333333333334,1909750.0,7083565.0,8993315.0,8993315.0,0.21235217492103858,21219.444444444445,78706.27777777778,1768.2870370370372,2000.0,,,,,,,,,,,,,,
N12,昌福,111,學年度,非營利,,90.0,89.0,8.0,948245.0,,,,0.9888888888888889,11.125,10654.438202247191,90.0,0.0,民國111年8月1日至112年7月31日,12,True,,666.57,7.406333333333334,7.406333333333334,1436185.0,9582256.0,11018441.0,11018441.0,0.13034375734280376,16136.91011235955,107665.79775280898,1344.7425093632958,2000.0,,,,,,,,,,,,,,
N12,昌福,112,學年度,非營利,10867725.0,90.0,89.0,7.0,1009594.0,122109.26966292135,,,0.9888888888888889,12.714285714285714,11343.752808988764,90.0,0.0,112.8.1~113.7.31,12,True,122109.26966292136,666.57,7.406333333333334,7.406333333333334,1446637.0,9421088.0,10867725.0,10867725.0,0.13311314005461125,16254.348314606741,105854.9213483146,1354.5290262172284,2000.0,,,,,,,,,,,,,,
N12,昌福,113,學年度,非營利,9835310.0,78.0,73.0,8.0,927786.0,134730.27397260274,,,0.9358974358974359,9.125,12709.397260273972,90.0,12.0,113.8.1~114.7.31,12,True,134730.27397260274,666.57,7.406333333333334,8.545769230769231,1146000.0,8689310.0,9835310.0,9835310.0,0.11651895059738838,15698.630136986301,119031.64383561644,1308.2191780821918,2000.0,,,,,,,,,,,,,,
N13,三多,110,學年度,非營利,8997480.0,90.0,89.0,8.0,961266.0,101095.2808988764,99972.0,1.0112359550561798,0.9888888888888889,11.125,10800.741573033707,90.0,0.0,110.8.1~111.7.31,12,True,101095.28089887642,876.85,9.742777777777778,9.742777777777778,1919500.0,7077980.0,8997480.0,8997480.0,0.21333751228121653,21567.415730337078,79527.86516853933,1797.2846441947565,2000.0,,,,,,,,,,,,,,
N13,三多,111,學年度,非營利,11124960.0,90.0,89.0,8.0,1135621.0,124999.55056179775,,,0.9888888888888889,11.125,12759.786516853932,90.0,0.0,111.8.1~112.7.31,12,True,124999.55056179775,876.85,9.742777777777778,9.742777777777778,1386000.0,9738960.0,11124960.0,11124960.0,0.12458471760797342,15573.033707865168,109426.51685393258,1297.752808988764,2000.0,,,,,,,,,,,,,,
N13,三多,112,學年度,非營利,11158290.0,90.0,90.0,8.0,1254733.0,123981.0,,,1.0,11.25,13941.477777777778,90.0,0.0,民國112年8月1日至113年7月31日,12,True,123981.0,876.85,9.742777777777778,9.742777777777778,1467370.0,9690920.0,11158290.0,11158290.0,0.131504916972045,16304.111111111111,107676.88888888889,1358.6759259259259,2000.0,,,,,,,,,,,,,,
N13,三多,113,學年度,非營利,12364000.0,84.0,84.0,8.0,1334287.0,147190.47619047618,,,1.0,10.5,15884.369047619048,90.0,6.0,民國113年8月1日至114年7月31日,12,True,147190.47619047618,876.85,9.742777777777778,10.438690476190477,1404000.0,10960000.0,12364000.0,12364000.0,0.11355548366224523,16714.285714285714,130476.19047619047,1392.857142857143,2000.0,,,,,,,,,,,,,,
N14,積穗,110,學年度,非營利,10687800.0,106.0,105.0,10.0,1225239.0,101788.57142857143,101625.0,1.0016095589527325,0.9905660377358491,10.5,11668.942857142858,196.0,90.0,民國110年8月1日至111年7月31日,12,True,101788.57142857143,973.2,4.96530612244898,9.181132075471698,2319570.0,8368230.0,10687800.0,10687800.0,0.21702969741200248,22091.14285714286,79697.42857142857,1840.9285714285716,2000.0,,,,,,,,,,,,,,
N14,積穗,111,學年度,非營利,,106.0,106.0,10.0,1261320.0,,,,1.0,10.6,11899.245283018869,196.0,90.0,民國111年8月1日至112年7月31日,12,True,,973.2,4.96530612244898,9.181132075471698,1439000.0,11309088.0,12748088.0,12748088.0,0.11287967262227873,13575.471698113208,106689.50943396226,1131.2893081761006,2000.0,,,,,,,,,,,,,,
N14,積穗,112,學年度,非營利,12749088.0,106.0,106.0,10.0,1490884.0,120274.41509433962,,,1.0,10.6,14064.943396226416,196.0,90.0,民國112年8月1日至113年7月31日,12,True,120274.41509433962,973.2,4.96530612244898,9.181132075471698,1356000.0,11393088.0,12749088.0,12749088.0,0.10636054908398154,12792.452830188678,107481.96226415095,1066.0377358490566,2000.0,,,,,,,,,,,,,,
N14,積穗,113,學年度,非營利,21363539.0,172.0,164.0,17.0,2095276.0,130265.48170731707,,,0.9534883720930233,9.647058823529411,12776.073170731708,196.0,24.0,民國113年8月1日至114年7月31日,12,True,130265.48170731707,973.2,4.96530612244898,5.658139534883722,2393539.0,18970000.0,21363539.0,21363539.0,0.11203850635421407,14594.75,115670.73170731707,1216.2291666666667,2000.0,,,,,,,,,,,,,,
N15,新月,110,學年度,非營利,16615323.0,182.0,181.0,17.0,1830564.0,91797.36464088398,91821.0,0.9997425930983542,0.9945054945054945,10.647058823529411,10113.613259668507,484.0,302.0,110.8.1~111.7.31,12,True,91797.36464088398,4170.5,8.616735537190083,22.914835164835164,4384807.0,12230516.0,16615323.0,16615323.0,0.26390139993065437,24225.453038674033,67571.91160220995,2018.787753222836,2000.0,,,,,,,,,,,,,,
N15,新月,111,學年度,非營利,21109394.0,182.0,182.0,17.0,1734919.0,115985.68131868132,,,1.0,10.705882352941176,9532.521978021978,484.0,302.0,111.8.1~112.7.31,12,True,115985.68131868132,4170.5,8.616735537190083,22.914835164835164,3192714.0,17916680.0,21109394.0,21109394.0,0.15124612293465176,17542.384615384617,98443.2967032967,1461.8653846153848,2000.0,,,,,,,,,,,,,,
N15,新月,112,學年度,非營利,23225592.0,176.0,176.0,19.0,1922616.0,131963.5909090909,,,1.0,9.263157894736842,10923.954545454546,484.0,308.0,民國112年8月1日至113年7月31日,12,True,131963.5909090909,4170.5,8.616735537190083,23.696022727272727,2823000.0,20402592.0,23225592.0,23225592.0,0.12154695561689019,16039.772727272728,115923.81818181818,1336.6477272727273,2000.0,,,,,,,,,,,,,,
N15,新月,113,學年度,非營利,23221261.0,176.0,174.0,19.0,2369802.0,133455.52298850575,,,0.9886363636363636,9.157894736842104,13619.551724137931,484.0,308.0,民國113年8月1日至114年7月31日,12,True,133455.52298850575,4170.5,8.616735537190083,23.696022727272727,2561261.0,20660000.0,23221261.0,23221261.0,0.11029810138217731,14719.8908045977,118735.63218390805,1226.6575670498084,2000.0,,,,,,,,,,,,,,
N16,中平,110,學年度,非營利,11021571.0,120.0,120.0,10.0,1526215.0,91846.425,91836.0,1.0001135175748073,1.0,12.0,12718.458333333334,120.0,0.0,110.8.1~111.7.31,12,True,91846.425,450.0,3.75,3.75,2866750.0,8154821.0,11021571.0,11021571.0,0.2601035732564804,23889.583333333332,67956.84166666666,1990.798611111111,2000.0,,,,,,,,,,,,,,
N16,中平,111,學年度,非營利,12648031.0,120.0,120.0,10.0,1696640.0,105400.25833333333,,,1.0,12.0,14138.666666666666,120.0,0.0,民國111年8月1日至112年7月31日 (111.8.1~112.7.31),12,True,105400.25833333335,450.0,3.75,3.75,2172000.0,10476031.0,12648031.0,12648031.0,0.17172633432033807,18100.0,87300.25833333333,1508.3333333333333,2000.0,,,,,,,,,,,,,,
N16,中平,112,學年度,非營利,12652426.0,120.0,120.0,10.0,1726133.0,105436.88333333333,,,1.0,12.0,14384.441666666668,120.0,0.0,民國112年8月1日至113年7月31日,12,True,105436.88333333335,450.0,3.75,3.75,2160000.0,10492426.0,12652426.0,12652426.0,0.17071824802610977,18000.0,87436.88333333333,1500.0,2000.0,,,,,,,,,,,,,,
N16,中平,113,學年度,非營利,14032434.0,112.0,112.0,10.0,1744947.0,125289.58928571429,,,1.0,11.2,15579.88392857143,120.0,8.0,113.8.1~114.7.31,12,True,125289.58928571428,450.0,3.75,4.017857142857143,1932000.0,12100434.0,14032434.0,14032434.0,0.13768103238540086,17250.0,108039.58928571429,1437.5,2000.0,,,,,,,,,,,,,,
N17,中正,110,學年度,非營利,6531154.0,60.0,60.0,6.0,875562.0,108852.56666666667,109308.0,0.9958334858076872,1.0,10.0,14592.7,136.0,76.0,110.8.1~111.7.31,12,True,108852.56666666667,587.43,4.319338235294118,9.7905,1320500.0,5210654.0,6531154.0,6531154.0,0.2021847900080139,22008.333333333332,86844.23333333334,1834.0277777777776,2000.0,,,,,,,,,,,,,,
N17,中正,111,學年度,非營利,15201816.0,136.0,136.0,11.0,1677112.0,111778.05882352941,,,1.0,12.363636363636363,12331.70588235294,136.0,0.0,111.8.1~112.7.31,12,True,111778.05882352941,587.43,4.319338235294118,4.319338235294118,,,,,,,,,2000.0,,,,,,,,,,,,,,
N17,中正,112,學年度,非營利,15798728.0,136.0,131.0,12.0,1812187.0,120600.97709923664,,,0.9632352941176471,10.916666666666666,13833.488549618321,136.0,0.0,民國112年8月1日至113年7月31日,12,True,120600.97709923664,587.43,4.319338235294118,4.319338235294118,2365008.0,13433720.0,15798728.0,15798728.0,0.14969610211657547,18053.496183206105,102547.48091603053,1504.4580152671754,2000.0,,,,,,,,,,,,,,
N17,中正,113,學年度,非營利,16276000.0,120.0,112.0,12.0,1623097.0,145321.42857142858,,,0.9333333333333333,9.333333333333334,14491.9375,136.0,16.0,民國113年8月1日至114年7月31日,12,True,145321.42857142858,587.43,4.319338235294118,4.89525,2026000.0,14250000.0,16276000.0,16276000.0,0.12447775866306218,18089.285714285714,127232.14285714286,1507.4404761904761,2000.0,,,,,,,,,,,,,,
N18,福營,110,學年度,非營利,9103583.0,90.0,89.0,7.0,1385503.0,102287.44943820225,101316.0,1.0095883121935554,0.9888888888888889,12.714285714285714,15567.449438202248,120.0,30.0,110年8月1日至111年7月31日,12,True,102287.44943820225,470.77,3.923083333333333,5.230777777777778,1914000.0,7189583.0,9103583.0,9103583.0,0.21024688850532808,21505.61797752809,80781.83146067416,1792.1348314606741,2000.0,,,,,,,,,,,,,,
N18,福營,111,學年度,非營利,12621451.0,120.0,120.0,10.0,1819194.0,105178.75833333333,,,1.0,12.0,15159.95,120.0,0.0,111.8.1~112.7.31,12,True,105178.75833333335,470.77,3.923083333333333,3.923083333333333,2080000.0,10541451.0,12621451.0,12621451.0,0.16479880165917532,17333.333333333332,87845.425,1444.4444444444443,2000.0,,,,,,,,,,,,,,
N18,福營,112,學年度,非營利,12639802.0,120.0,118.0,10.0,1920543.0,107116.96610169491,,,0.9833333333333333,11.8,16275.78813559322,120.0,0.0,民國112年8月1日至113年7月31日,12,True,107116.96610169491,470.77,3.923083333333333,3.923083333333333,1994250.0,10645552.0,12639802.0,12639802.0,0.15777541451994265,16900.42372881356,90216.54237288136,1408.3686440677966,2000.0,,,,,,,,,,,,,,
N18,福營,113,學年度,非營利,13946000.0,112.0,110.0,10.0,1834500.0,126781.81818181818,,,0.9821428571428571,11.0,16677.272727272728,120.0,8.0,113.8.1~114.7.31,12,True,126781.81818181818,470.77,3.923083333333333,4.203303571428571,1776000.0,12170000.0,13946000.0,13946000.0,0.12734834361107128,16145.454545454546,110636.36363636363,1345.4545454545455,2000.0,,,,,,,,,,,,,,
N19,中園,110,學年度,非營利,12830963.0,136.0,134.0,13.0,1863232.0,95753.45522388059,95325.0,1.0044946784566544,0.9852941176470589,10.307692307692308,13904.716417910447,136.0,0.0,110.8.1~111.7.31,12,True,95753.45522388059,1214.05,8.926838235294117,8.926838235294117,2795975.0,10034988.0,12830963.0,12830963.0,0.21790842978816166,20865.485074626864,74887.97014925373,1738.790422885572,2000.0,,,,,,,,,,,,,,
N19,中園,111,學年度,非營利,12283526.0,136.0,129.0,13.0,1673227.0,95221.13178294574,,,0.9485294117647058,9.923076923076923,12970.751937984496,136.0,0.0,111.8.1~112.7.31,12,True,95221.13178294575,1214.05,8.926838235294117,8.926838235294117,1955852.0,10327674.0,12283526.0,12283526.0,0.15922561648829497,15161.643410852714,80059.48837209302,1263.4702842377262,2000.0,,,,,,,,,,,,,,
N19,中園,112,學年度,非營利,16707535.0,136.0,132.0,13.0,1811535.0,126572.23484848485,,,0.9705882352941176,10.153846153846153,13723.75,136.0,0.0,112年8月1日至113年7月31日,12,True,126572.23484848485,1214.05,8.926838235294117,8.926838235294117,2100217.0,14607318.0,16707535.0,16707535.0,0.12570477931065235,15910.734848484848,110661.5,1325.8945707070707,2000.0,,,,,,,,,,,,,,
N19,中園,113,學年度,非營利,17740000.0,128.0,121.0,13.0,1820943.0,146611.57024793388,,,0.9453125,9.307692307692308,15049.11570247934,136.0,8.0,民國113年8月1日至114年7月31日,12,True,146611.57024793388,1214.05,8.926838235294117,9.484765625,1620000.0,16120000.0,17740000.0,17740000.0,0.09131905298759865,13388.429752066115,133223.14049586776,1115.702479338843,2000.0,,,,,,,,,,,,,,
N20,柏翠,110,學年度,非營利,15231985.0,166.0,166.0,14.0,1885297.0,91758.94578313253,92541.0,0.9915491056194825,1.0,11.857142857142858,11357.210843373494,166.0,0.0,110.8.1~111.7.31,12,True,91758.94578313253,1557.93,9.38512048192771,9.38512048192771,4194321.0,11037664.0,15231985.0,15231985.0,0.27536273177790027,25266.993975903613,66491.95180722892,2105.582831325301,2000.0,,,,,,,,,,,,,,
N20,柏翠,111,學年度,非營利,15241554.0,166.0,166.0,13.0,2092018.0,91816.59036144578,,,1.0,12.76923076923077,12602.518072289156,166.0,0.0,111.8.1~112.7.31,12,True,91816.59036144578,1557.93,9.38512048192771,9.38512048192771,,,,,,,,,2000.0,,,,,,,,,,,,,,
N20,柏翠,112,學年度,非營利,19074887.0,166.0,166.0,14.0,2236094.0,114908.9578313253,,,1.0,11.857142857142858,13470.44578313253,166.0,0.0,112.8.1~113.7.31,12,True,114908.9578313253,1557.93,9.38512048192771,9.38512048192771,2501055.0,16573832.0,19074887.0,19074887.0,0.13111768368536075,15066.596385542169,99842.36144578313,1255.5496987951808,2000.0,,,,,,,,,,,,,,
N20,柏翠,113,學年度,非營利,21156000.0,156.0,155.0,14.0,2218804.0,136490.32258064515,,,0.9935897435897436,11.071428571428571,14314.864516129031,166.0,10.0,民國113年8月1日至114年7月31日,12,True,136490.32258064515,1557.93,9.38512048192771,9.98673076923077,2296000.0,18860000.0,21156000.0,21156000.0,0.10852713178294573,14812.90322580645,121677.41935483871,1234.4086021505375,2000.0,,,,,,,,,,,,,,
N21,文創,110,學年度,非營利,10023694.0,90.0,85.0,8.0,905197.0,117925.81176470588,113688.0,1.0372758054034363,0.9444444444444444,10.625,10649.376470588235,90.0,0.0,民國110年8月1日至111年7月31日,12,True,117925.81176470588,60666.0,674.0666666666667,674.0666666666667,1661887.0,8361807.0,10023694.0,10023694.0,0.16579586328154072,19551.61176470588,98374.2,1629.3009803921568,2000.0,,,,,,,,,,,,,,
N21,文創,111,學年度,非營利,10231920.0,90.0,88.0,8.0,941354.0,116271.81818181818,,,0.9777777777777777,11.0,10697.204545454546,90.0,0.0,111.8.1~112.7.31,12,True,116271.81818181818,60666.0,674.0666666666667,674.0666666666667,1464000.0,8767920.0,10231920.0,10231920.0,0.14308165036474094,16636.363636363636,99635.45454545454,1386.3636363636363,2000.0,,,,,,,,,,,,,,
N21,文創,112,學年度,非營利,11259846.0,90.0,84.0,8.0,1064739.0,134045.7857142857,,,0.9333333333333333,10.5,12675.464285714286,90.0,0.0,民國112年8月1日至113年7月31日,12,True,134045.7857142857,60666.0,674.0666666666667,674.0666666666667,1462348.0,9797498.0,11259846.0,11259846.0,0.12987282419315505,17408.904761904763,116636.88095238095,1450.7420634920636,2000.0,,,,,,,,,,,,,,
N21,文創,113,學年度,非營利,12013454.0,78.0,71.0,8.0,1107119.0,169203.57746478874,,,0.9102564102564102,8.875,15593.225352112677,90.0,12.0,113.8.1~114.7.31,12,True,169203.57746478874,60666.0,674.0666666666667,777.7692307692307,1253454.0,10760000.0,12013454.0,12013454.0,0.1043375202502128,17654.281690140844,151549.29577464788,1471.1901408450703,2000.0,,,,,,,,,,,,,,
N22,文仁,110,學年度,非營利,10185963.0,90.0,90.0,8.0,948815.0,113177.36666666667,113100.0,1.0006840554081933,1.0,11.25,10542.388888888889,90.0,0.0,民國110年8月1日至111年7月31日,12,True,113177.36666666665,525.1,5.834444444444444,5.834444444444444,1923000.0,8262963.0,10185963.0,10185963.0,0.18878921904585752,21366.666666666668,91810.7,1780.5555555555557,2000.0,,,,,,,,,,,,,,
N22,文仁,111,學年度,非營利,10141140.0,90.0,90.0,8.0,1040033.0,112679.33333333333,,,1.0,11.25,11555.922222222222,90.0,0.0,民國111年8月1日至112年7月31日,12,True,112679.33333333333,525.1,5.834444444444444,5.834444444444444,1469549.0,8671591.0,10141140.0,10141140.0,0.14490964526670572,16328.322222222223,96351.01111111112,1360.6935185185187,2000.0,,,,,,,,,,,,,,
N22,文仁,112,學年度,非營利,11497431.0,90.0,89.0,8.0,1225703.0,129184.61797752809,,,0.9888888888888889,11.125,13771.943820224718,90.0,0.0,112.8.1~113.7.31,12,True,129184.61797752809,525.1,5.834444444444444,5.834444444444444,1499075.0,9998356.0,11497431.0,11497431.0,0.13038347436048975,16843.539325842696,112341.0786516854,1403.628277153558,2000.0,,,,,,,,,,,,,,
N22,文仁,113,學年度,非營利,12570095.0,84.0,80.0,7.0,1234416.0,157126.1875,,,0.9523809523809523,11.428571428571429,15430.2,90.0,6.0,113.8.1~114.7.31,12,True,157126.1875,525.1,5.834444444444444,6.251190476190477,1230095.0,11340000.0,12570095.0,12570095.0,0.09785884673107084,15376.1875,141750.0,1281.3489583333333,2000.0,,,,,,,,,,,,,,
N23,菁湖,110,學年度,非營利,10500532.0,106.0,105.0,10.0,1175179.0,100005.06666666667,101040.0,0.9897571918712061,0.9905660377358491,10.5,11192.180952380952,106.0,0.0,民國110年8月1日至111年7月31日（表頭欄標示 110.8.1~111.7.31）,12,True,100005.06666666667,461.22,4.351132075471698,4.351132075471698,2552500.0,7948032.0,10500532.0,10500532.0,0.24308292189386213,24309.52380952381,75695.54285714286,2025.7936507936508,2000.0,,,,,,,,,,,,,,
N23,菁湖,111,學年度,非營利,10529131.0,106.0,102.0,10.0,1127708.0,103226.77450980392,,,0.9622641509433962,10.2,11055.960784313726,106.0,0.0,111.8.1~112.7.31,12,True,103226.77450980392,461.22,4.351132075471698,4.351132075471698,1789767.0,8739364.0,10529131.0,10529131.0,0.16998240405594725,17546.735294117647,85680.03921568628,1462.2279411764705,2000.0,,,,,,,,,,,,,,
N23,菁湖,112,學年度,非營利,10441664.0,106.0,102.0,10.0,1261947.0,102369.25490196078,,,0.9622641509433962,10.2,12372.029411764706,106.0,0.0,民國112年8月1日至113年7月31日（表頭欄標示 112.8.1~113.7.31）,12,True,102369.25490196078,461.22,4.351132075471698,4.351132075471698,1684000.0,8757664.0,10441664.0,10441664.0,0.1612769765432023,16509.803921568626,85859.45098039215,1375.816993464052,2000.0,,,,,,,,,,,,,,
N23,菁湖,113,學年度,非營利,13677000.0,100.0,95.0,10.0,1268187.0,143968.42105263157,,,0.95,9.5,13349.336842105264,106.0,6.0,民國113年8月1日至114年7月31日（表頭欄標示 113.8.1~114.7.31）,12,True,143968.42105263157,461.22,4.351132075471698,4.6122000000000005,1357000.0,12320000.0,13677000.0,13677000.0,0.09921766469254954,14284.21052631579,129684.21052631579,1190.3508771929826,2000.0,,,,,,,,,,,,,,
N24,佳林,110,學年度,非營利,9641447.0,90.0,89.0,8.0,992196.0,108330.86516853933,106800.0,1.014333943525649,0.9888888888888889,11.125,11148.269662921348,90.0,0.0,110.8.1~111.7.31,12,True,108330.86516853933,479.72,5.330222222222223,5.330222222222223,1956917.0,7684530.0,9641447.0,9641447.0,0.20296922235842815,21987.83146067416,86343.03370786516,1832.3192883895133,2000.0,,,,,,,,,,,,,,
N24,佳林,111,學年度,非營利,9626000.0,90.0,90.0,8.0,1104994.0,106955.55555555556,,,1.0,11.25,12277.711111111112,90.0,0.0,111.8.1~112.7.31,12,True,106955.55555555556,479.72,5.330222222222223,5.330222222222223,1598000.0,8028000.0,9626000.0,9626000.0,0.16600872636609185,17755.555555555555,89200.0,1479.6296296296296,2000.0,,,,,,,,,,,,,,
N24,佳林,112,學年度,非營利,9620718.0,90.0,90.0,8.0,1136006.0,106896.86666666667,,,1.0,11.25,12622.288888888888,90.0,0.0,民國112年8月1日至113年7月31日（112.8.1~113.7.31）,12,True,106896.86666666665,479.72,5.330222222222223,5.330222222222223,1605818.0,8014900.0,9620718.0,9620718.0,0.1669124903151719,17842.422222222223,89054.44444444444,1486.8685185185186,2000.0,,,,,,,,,,,,,,
N24,佳林,113,學年度,非營利,9558952.0,78.0,76.0,8.0,994731.0,125775.68421052632,,,0.9743589743589743,9.5,13088.565789473685,90.0,12.0,113.8.1~114.7.31,12,True,125775.68421052633,479.72,5.330222222222223,6.150256410256411,1358952.0,8200000.0,9558952.0,9558952.0,0.1421653754512001,17880.947368421053,107894.73684210527,1490.078947368421,2000.0,,,,,,,,,,,,,,
N25,碧城,110,學年度,非營利,11757709.0,120.0,119.0,9.0,1312386.0,98804.27731092437,98052.0,1.0076722281128827,0.9916666666666667,13.222222222222221,11028.453781512606,120.0,0.0,民國110年8月1日至111年7月31日,12,True,98804.27731092437,1095.92,9.132666666666667,9.132666666666667,2794384.0,8963325.0,11757709.0,11757709.0,0.23766398709136277,23482.21848739496,75322.05882352941,1956.8515406162467,2000.0,,,,,,,,,,,,,,
N25,碧城,111,學年度,非營利,11776298.0,120.0,120.0,9.0,1545579.0,98135.81666666667,,,1.0,13.333333333333334,12879.825,120.0,0.0,民國111年8月1日至112年7月31日,12,True,98135.81666666667,1095.92,9.132666666666667,9.132666666666667,2212228.0,9564070.0,11776298.0,11776298.0,0.18785428154076944,18435.233333333334,79700.58333333333,1536.2694444444444,2000.0,,,,,,,,,,,,,,
N25,碧城,112,學年度,非營利,11767632.0,120.0,119.0,9.0,1748636.0,98887.66386554622,,,0.9916666666666667,13.222222222222221,14694.420168067227,120.0,0.0,民國112年8月1日至113年7月31日,12,True,98887.66386554622,1095.92,9.132666666666667,9.132666666666667,1949392.0,9818240.0,11767632.0,11767632.0,0.16565711776167033,16381.44537815126,82506.21848739496,1365.1204481792718,2000.0,,,,,,,,,,,,,,
N25,碧城,113,學年度,非營利,11868007.0,112.0,109.0,9.0,1465773.0,108880.79816513762,,,0.9732142857142857,12.11111111111111,13447.45871559633,120.0,8.0,113.8.1~114.7.31,12,True,108880.7981651376,1095.92,9.132666666666667,9.785,1791205.0,10076802.0,11868007.0,11868007.0,0.15092719443121327,16433.07339449541,92447.7247706422,1369.4227828746177,2000.0,,,,,,,,,,,,,,
N26,新店及人,110,學年度,非營利,11846341.0,120.0,120.0,9.0,1602682.0,98719.50833333333,100680.0,0.9805274963580982,1.0,13.333333333333334,13355.683333333332,120.0,0.0,110.8.1~111.7.31,12,True,98719.50833333335,592.87,4.9405833333333335,4.9405833333333335,2680761.0,9165580.0,11846341.0,11846341.0,0.22629443133538027,22339.675,76379.83333333333,1861.6395833333333,2000.0,,,,,,,,,,,,,,
N26,新店及人,111,學年度,非營利,12142656.0,120.0,119.0,9.0,1841041.0,102039.12605042016,,,0.9916666666666667,13.222222222222221,15470.932773109243,120.0,0.0,111.8.1~112.7.31,12,True,102039.12605042016,592.87,4.9405833333333335,4.9405833333333335,2214826.0,9927830.0,12142656.0,12142656.0,0.18240045670403576,18611.983193277312,83427.14285714286,1550.998599439776,2000.0,,,,,,,,,,,,,,
N26,新店及人,112,學年度,非營利,12098314.0,120.0,120.0,10.0,2057104.0,100819.28333333334,,,1.0,12.0,17142.533333333333,120.0,0.0,112.8.1~113.7.31,12,True,100819.28333333334,592.87,4.9405833333333335,4.9405833333333335,2166714.0,9931600.0,12098314.0,12098314.0,0.17909222723100096,18055.95,82763.33333333333,1504.6625000000001,2000.0,,,,,,,,,,,,,,
N26,新店及人,113,學年度,非營利,10041500.0,104.0,60.0,8.0,1245833.0,167358.33333333334,,,0.5769230769230769,7.5,20763.883333333335,120.0,16.0,113.8.1~114.7.31,12,True,167358.33333333334,592.87,4.9405833333333335,5.700673076923077,1631500.0,8410000.0,10041500.0,10041500.0,0.16247572573818653,27191.666666666668,140166.66666666666,2265.972222222222,2000.0,,,,,,,,,,,,,,
N27,育平,110,學年度,非營利,11737237.0,106.0,105.0,10.0,1037010.0,111783.20952380952,111246.0,1.0048290232800237,0.9905660377358491,10.5,9876.285714285714,106.0,0.0,110.8.1~111.7.31,12,True,111783.20952380954,559.0,5.273584905660377,5.273584905660377,2412113.0,9325124.0,11737237.0,11737237.0,0.20550943974293098,22972.504761904762,88810.70476190477,1914.3753968253968,2000.0,,,,,,,,,,,,,,
N27,育平,111,學年度,非營利,11685529.0,106.0,96.0,10.0,1243320.0,121724.26041666667,,,0.9056603773584906,9.6,12951.25,106.0,0.0,111.8.1~112.7.31,12,True,121724.26041666667,559.0,5.273584905660377,5.273584905660377,1938177.0,9747352.0,11685529.0,11685529.0,0.16586129733621816,20189.34375,101534.91666666667,1682.4453125,2000.0,,,,,,,,,,,,,,
N27,育平,112,學年度,非營利,11696194.0,106.0,106.0,10.0,1247410.0,110341.45283018867,,,1.0,10.6,11768.018867924528,106.0,0.0,112.8.1~113.7.31,12,True,110341.45283018867,559.0,5.273584905660377,5.273584905660377,1782100.0,9914094.0,11696194.0,11696194.0,0.15236580378198242,16812.264150943396,93529.18867924529,1401.0220125786163,2000.0,,,,,,,,,,,,,,
N27,育平,113,學年度,非營利,11432182.0,100.0,94.0,10.0,1307468.0,121618.9574468085,,,0.94,9.4,13909.234042553191,106.0,6.0,民國113年8月1日至114年7月31日,12,True,121618.9574468085,559.0,5.273584905660377,5.59,1572182.0,9860000.0,11432182.0,11432182.0,0.13752247821107116,16725.340425531915,104893.6170212766,1393.7783687943263,2000.0,,,,,,,,,,,,,,
N28,新樂,110,學年度,非營利,10296228.0,212.0,205.0,19.0,1150067.0,50225.50243902439,110451.0,0.45473107929330103,0.9669811320754716,10.789473684210526,5610.082926829268,212.0,0.0,民國111年2月1日至111年7月31日,6,False,100451.00487804879,1896.43,8.945424528301887,8.945424528301887,,,,,,,,,2000.0,,,,,,,,,,,,,,
N28,新樂,111,學年度,非營利,22705452.0,212.0,204.0,18.0,2285769.0,111301.23529411765,,,0.9622641509433962,11.333333333333334,11204.75,212.0,0.0,111.8.1~112.7.31,12,True,111301.23529411765,1896.43,8.945424528301887,8.945424528301887,4137000.0,18568452.0,22705452.0,22705452.0,0.1822029352245443,20279.41176470588,91021.82352941176,1689.9509803921567,2000.0,,,,,,,,,,,,,,
N28,新樂,112,學年度,非營利,23264830.0,212.0,211.0,18.0,2627301.0,110259.85781990521,,,0.9952830188679245,11.722222222222221,12451.663507109004,212.0,0.0,民國112年8月1日至113年7月31日,12,True,110259.85781990521,1896.43,8.945424528301887,8.945424528301887,3664714.0,19600116.0,23264830.0,23264830.0,0.15752163243832,17368.31279620853,92891.54502369669,1447.3593996840443,2000.0,,,,,,,,,,,,,,
N28,新樂,113,學年度,非營利,24377000.0,200.0,197.0,18.0,2751512.0,123741.11675126903,,,0.985,10.944444444444445,13967.065989847715,212.0,12.0,民國113年8月1日至114年7月31日,12,True,123741.11675126903,1896.43,8.945424528301887,9.48215,,,,,,,,,2000.0,,,,,,,,,,,,,,
N29,東湖,111,學年度,非營利,23329857.0,242.0,229.0,21.0,3159212.0,101877.10480349345,,,0.9462809917355371,10.904761904761905,13795.685589519651,242.0,0.0,民國111年8月30日至112年7月31日,12,True,101877.10480349344,1397.68,5.775537190082645,5.775537190082645,3476294.0,19853563.0,23329857.0,23329857.0,0.1490062283707954,15180.323144104803,86696.78165938865,1265.0269286754003,2000.0,,,,,,,,,,,,,,
N29,東湖,112,學年度,非營利,26539150.0,242.0,242.0,21.0,3637314.0,109665.90909090909,,,1.0,11.523809523809524,15030.223140495867,242.0,0.0,民國112年8月1日至113年7月31日 (112.8.1~113.7.31),12,True,109665.9090909091,1397.68,5.775537190082645,5.775537190082645,3876906.0,22662244.0,26539150.0,26539150.0,0.1460825233664228,16020.272727272728,93645.63636363637,1335.0227272727273,2000.0,,,,,,,,,,,,,,
N29,東湖,113,學年度,非營利,28968296.0,228.0,228.0,21.0,3367480.0,127053.9298245614,,,1.0,10.857142857142858,14769.649122807017,242.0,14.0,民國113年8月1日至114年7月31日 (113.8.1~114.7.31),12,True,127053.9298245614,1397.68,5.775537190082645,6.130175438596492,3568296.0,25400000.0,28968296.0,28968296.0,0.12317935442250383,15650.421052631578,111403.50877192983,1304.201754385965,2000.0,,,,,,,,,,,,,,
N30,文中,111,學年度,非營利,8687554.0,106.0,74.0,10.0,825802.0,117399.37837837837,,,0.6981132075471698,7.4,11159.486486486487,106.0,0.0,111.9.30~112.7.31,11,False,128072.04914004914,642.0,6.056603773584905,6.056603773584905,,,,,,,,,2000.0,,,,,,,,,,,,,,
N30,文中,112,學年度,非營利,12560472.0,106.0,106.0,10.0,1351877.0,118495.01886792453,,,1.0,10.6,12753.556603773584,106.0,0.0,民國112年8月1日至113年7月31日,12,True,118495.01886792453,642.0,6.056603773584905,6.056603773584905,1957160.0,10603312.0,12560472.0,12560472.0,0.15581898514641807,18463.77358490566,100031.24528301887,1538.6477987421383,2000.0,,,,,,,,,,,,,,
N30,文中,113,學年度,非營利,13373091.0,100.0,97.0,10.0,1730759.0,137866.9175257732,,,0.97,9.7,17842.876288659794,106.0,6.0,民國113年8月1日至114年7月31日,12,True,137866.9175257732,642.0,6.056603773584905,6.42,1833091.0,11540000.0,13373091.0,13373091.0,0.1370730970125007,18897.845360824744,118969.07216494845,1574.8204467353953,2000.0,,,,,,,,,,,,,,
N31,翠中,111,學年度,非營利,6081791.0,90.0,63.0,7.0,791429.0,96536.36507936507,,,0.7,9.0,12562.36507936508,90.0,0.0,民國111年9月30日至112年7月31日,11,False,105312.39826839826,680.0,7.555555555555555,7.555555555555555,,,,,,,,,2000.0,,,,,,,,,,,,,,
N31,翠中,112,學年度,非營利,10431318.0,90.0,88.0,8.0,1464322.0,118537.70454545454,,,0.9777777777777777,11.0,16640.022727272728,90.0,0.0,民國112年8月1日至113年7月31日,12,True,118537.70454545454,680.0,7.555555555555555,7.555555555555555,1684870.0,8746448.0,10431318.0,10431318.0,0.1615203371232667,19146.25,99391.45454545454,1595.5208333333333,2000.0,,,,,,,,,,,,,,
N31,翠中,113,學年度,非營利,11352000.0,84.0,82.0,8.0,1319717.0,138439.0243902439,,,0.9761904761904762,10.25,16094.109756097561,90.0,6.0,113.8.1~114.7.31,12,True,138439.0243902439,680.0,7.555555555555555,8.095238095238095,1602000.0,9750000.0,11352000.0,11352000.0,0.14112050739957716,19536.585365853658,118902.43902439025,1628.0487804878048,2000.0,,,,,,,,,,,,,,
N32,板橋員工子女,111,學年度,非營利,19451504.0,166.0,164.0,14.0,1995556.0,118606.73170731707,,,0.9879518072289156,11.714285714285714,12168.024390243903,166.0,0.0,111年8月1日至112年7月31日,12,True,118606.73170731707,975.28,5.8751807228915665,5.8751807228915665,3074826.0,16376678.0,19451504.0,19451504.0,0.15807651685957033,18748.939024390245,99857.79268292683,1562.4115853658539,2000.0,,,,,,,,,,,,,,
N32,板橋員工子女,112,學年度,非營利,19793065.0,166.0,163.0,14.0,2153436.0,121429.84662576688,,,0.9819277108433735,11.642857142857142,13211.263803680982,166.0,0.0,112年8月1日至113年7月31日,12,True,121429.84662576688,975.28,5.8751807228915665,5.8751807228915665,2963217.0,16829848.0,19793065.0,19793065.0,0.14970986049911927,18179.245398773008,103250.60122699387,1514.9371165644172,2000.0,,,,,,,,,,,,,,
N32,板橋員工子女,113,學年度,非營利,21081000.0,136.0,136.0,15.0,2138437.0,155007.35294117648,,,1.0,9.066666666666666,15723.801470588236,166.0,30.0,民國113年8月1日至114年7月31日,12,True,155007.35294117648,975.28,5.8751807228915665,7.171176470588235,2401000.0,18680000.0,21081000.0,21081000.0,0.1138940277975428,17654.41176470588,137352.9411764706,1471.2009803921567,2000.0,,,,,,,,,,,,,,
N33,淡海,112,學年度,非營利,20126571.0,182.0,170.0,19.0,1710073.0,118391.59411764707,,,0.9340659340659341,8.947368421052632,10059.25294117647,182.0,0.0,民國112年9月28日至113年7月31日,11,False,129154.46631016045,1170.87,6.433351648351648,6.433351648351648,,,,,,,,,2000.0,,,,,,,,,,,,,,
N33,淡海,113,學年度,非營利,19828000.0,152.0,143.0,17.0,1979761.0,138657.34265734267,,,0.9407894736842105,8.411764705882353,13844.482517482518,182.0,30.0,113.8.1~114.7.31,12,True,138657.34265734267,1170.87,6.433351648351648,7.703092105263157,2208000.0,17620000.0,19828000.0,19828000.0,0.11135767601371797,15440.55944055944,123216.78321678322,1286.7132867132866,2000.0,,,,,,,,,,,,,,
N34,佳和,112,學年度,非營利,10984255.0,106.0,101.0,10.0,1056515.0,108755.0,,,0.9528301886792453,10.1,10460.544554455446,106.0,0.0,民國112年9月28日至113年7月31日,11,False,118641.81818181818,404.86,3.819433962264151,3.819433962264151,,,,,,,,,2000.0,,,,,,,,,,,,,,
N34,佳和,113,學年度,非營利,13844381.0,100.0,98.0,10.0,1383684.0,141269.193877551,,,0.98,9.8,14119.224489795919,106.0,6.0,民國113年8月1日至114年7月31日,12,True,141269.193877551,404.86,3.819433962264151,4.0486,1874381.0,11970000.0,13844381.0,13844381.0,0.1353892962061648,19126.336734693876,122142.85714285714,1593.861394557823,2000.0,,,,,,,,,,,,,,
N35,桃子腳,113,學年度,非營利,22456712.0,200.0,182.0,19.0,2414704.0,123388.52747252748,,,0.91,9.578947368421053,13267.604395604396,242.0,42.0,113.8.30~114.7.31,12,True,123388.52747252748,1279.79,5.288388429752066,6.39895,2488712.0,19968000.0,22456712.0,22456712.0,0.1108226351212947,13674.241758241758,109714.28571428571,1139.5201465201465,2000.0,,,,,,,,,,,,,,
N36,明德,113,學年度,非營利,10866517.0,88.0,88.0,10.0,1064629.0,123483.14772727272,,,1.0,8.8,12098.056818181818,106.0,18.0,民國113年9月27日至114年7月31日,11,False,134708.88842975206,1011.83,9.545566037735849,11.498068181818182,,,,,,,,,2000.0,,,,,,,,,,,,,,
N37,清水高中,113,學年度,非營利,8761524.0,72.0,64.0,8.0,683462.0,136898.8125,,,0.8888888888888888,8.0,10679.09375,90.0,18.0,民國113年9月27日至114年7月31日,11,False,149344.1590909091,745.74,8.286,10.3575,,,,,,,,,2000.0,,,,,,,,,,,,,,
N38,崁頂,113,學年度,非營利,22846800.0,224.0,200.0,23.0,1889649.0,114234.0,,,0.8928571428571429,8.695652173913043,9448.245,272.0,48.0,民國113年9月27日至114年7月31日,11,False,124618.90909090909,1915.262,7.041404411764706,8.550276785714285,,,,,,,,,2000.0,,,,,,,,,,,,,,
13601,新北市立板橋幼兒園,112,年度,公立,,312.0,,,,,,,,,,,,,,,,,,,,,,,,,,,,3982100.0,4930000.0,25374023.0,30543972.0,15350.0,"學年度 111 下學期 7,675 + 學年度 112 上學期 7,675",3,登記核定人數為釘住之鏡像快照（retrieved_on=2026-08-10），非該年度當時核定數；以本園名聚合 3 筆分班,259.4201954397394,321.1726384364821,0.8314749853837802,1.0293994821682118,97810.51531855052,117739.37625875794
13602,新北市立三重幼兒園,112,年度,公立,,207.0,,,,,,,,,,,,,,,,,,,,,,,,,,,,2936850.0,2954000.0,21276467.0,24527273.0,15350.0,"學年度 111 下學期 7,675 + 學年度 112 上學期 7,675",3,登記核定人數為釘住之鏡像快照（retrieved_on=2026-08-10），非該年度當時核定數；以本園名聚合 3 筆分班,191.3257328990228,192.442996742671,0.92427890289383,0.9296763127665265,111205.46451129612,128196.41471304289
13603,新北市立中和幼兒園,112,年度,公立,,389.0,,,,,,,,,,,,,,,,,,,,,,,,,,,,4255200.0,5319000.0,31436281.0,35690856.0,15350.0,"學年度 111 下學期 7,675 + 學年度 112 上學期 7,675",5,登記核定人數為釘住之鏡像快照（retrieved_on=2026-08-10），非該年度當時核定數；以本園名聚合 5 筆分班,277.2117263843648,346.51465798045604,0.7126265459752308,0.8907831824690386,113401.69988484679,128749.44529046814
13604,新北市立永和幼兒園,112,年度,公立,,736.0,,,,,,,,,,,,,,,,,,,,,,,,,,,,8897217.0,9796000.0,51859627.0,59794372.0,15350.0,"學年度 111 下學期 7,675 + 學年度 112 上學期 7,675",7,登記核定人數為釘住之鏡像快照（retrieved_on=2026-08-10），非該年度當時核定數；以本園名聚合 7 筆分班,579.6232573289902,638.1758957654723,0.7875315996317802,0.8670868148987395,89471.26662753083,103160.75354799147
13605,新北市立新莊幼兒園,112,年度,公立,,317.0,,,,,,,,,,,,,,,,,,,,,,,,,,,,4541600.0,4787000.0,25110825.0,29632880.0,15350.0,"學年度 111 下學期 7,675 + 學年度 112 上學期 7,675",3,登記核定人數為釘住之鏡像快照（retrieved_on=2026-08-10），非該年度當時核定數；以本園名聚合 3 筆分班,295.8697068403909,311.85667752443,0.9333429237867221,0.9837750079635015,84871.22682534788,100155.16734190592
13606,新北市立新店幼兒園,112,年度,公立,,390.0,,,,,,,,,,,,,,,,,,,,,,,,,,,,4444303.0,4898000.0,26526958.0,31287430.0,15350.0,"學年度 111 下學期 7,675 + 學年度 112 上學期 7,675",5,登記核定人數為釘住之鏡像快照（retrieved_on=2026-08-10），非該年度當時核定數；以本園名聚合 5 筆分班,289.5311400651466,319.08794788273616,0.742387538628581,0.8181742253403491,91620.3970116349,108062.40044839427
13607,新北市立樹林幼兒園,112,年度,公立,,217.0,,,,,,,,,,,,,,,,,,,,,,,,,,,,2657800.0,3429000.0,22078861.0,24837393.0,15350.0,"學年度 111 下學期 7,675 + 學年度 112 上學期 7,675",4,登記核定人數為釘住之鏡像快照（retrieved_on=2026-08-10），非該年度當時核定數；以本園名聚合 4 筆分班,173.14657980456025,223.38762214983714,0.7979105060117984,1.0294360467734431,127515.43244412674,143447.2054142524
13608,新北市立鶯歌幼兒園,112,年度,公立,,271.0,,,,,,,,,,,,,,,,,,,,,,,,,,,,2787000.0,3982000.0,22369803.0,25113871.0,15350.0,"學年度 111 下學期 7,675 + 學年度 112 上學期 7,675",1,登記核定人數為釘住之鏡像快照（retrieved_on=2026-08-10），非該年度當時核定數；以本園名聚合 1 筆分班,181.56351791530943,259.41368078175896,0.6699760808683005,0.957246054545236,123206.48584499463,138320.0286508791
13609,新北市立三峽幼兒園,112,年度,公立,,195.0,,,,,,,,,,,,,,,,,,,,,,,,,,,,2050669.0,2860000.0,18709524.0,20447020.0,15350.0,"學年度 111 下學期 7,675 + 學年度 112 上學期 7,675",3,登記核定人數為釘住之鏡像快照（retrieved_on=2026-08-10），非該年度當時核定數；以本園名聚合 3 筆分班,133.5940716612378,186.31921824104234,0.685097803390963,0.9554831704668838,140047.56174692258,153053.3484438493
13610,新北市立淡水幼兒園,112,年度,公立,,264.0,,,,,,,,,,,,,,,,,,,,,,,,,,,,2806020.0,2967000.0,18207247.0,20545744.0,15350.0,"學年度 111 下學期 7,675 + 學年度 112 上學期 7,675",3,登記核定人數為釘住之鏡像快照（retrieved_on=2026-08-10），非該年度當時核定數；以本園名聚合 3 筆分班,182.80260586319218,193.2899022801303,0.6924341131181522,0.7321587207580693,99600.58782546097,112393.05863821355
13611,新北市立瑞芳幼兒園,112,年度,公立,,76.0,,,,,,,,,,,,,,,,,,,,,,,,,,,,481900.0,1201000.0,3863529.0,7343377.0,15350.0,"學年度 111 下學期 7,675 + 學年度 112 上學期 7,675",2,登記核定人數為釘住之鏡像快照（retrieved_on=2026-08-10），非該年度當時核定數；以本園名聚合 2 筆分班,31.39413680781759,78.24104234527687,0.41308074747128404,1.0294873992799587,123065.30431624819,233909.18644947084
13612,新北市立土城幼兒園,112,年度,公立,,315.0,,,,,,,,,,,,,,,,,,,,,,,,,,,,4645950.0,4977000.0,24941516.0,29642445.0,15350.0,"學年度 111 下學期 7,675 + 學年度 112 上學期 7,675",3,登記核定人數為釘住之鏡像快照（retrieved_on=2026-08-10），非該年度當時核定數；以本園名聚合 3 筆分班,302.66775244299674,324.2345276872964,0.9608500077555452,1.0293159609120521,82405.59424875429,97937.2422755303
13613,新北市立蘆洲幼兒園,112,年度,公立,,150.0,,,,,,,,,,,,,,,,,,,,,,,,,,,,2172500.0,2259000.0,11327740.0,14277508.0,15350.0,"學年度 111 下學期 7,675 + 學年度 112 上學期 7,675",1,登記核定人數為釘住之鏡像快照（retrieved_on=2026-08-10），非該年度當時核定數；以本園名聚合 1 筆分班,141.53094462540716,147.16612377850163,0.9435396308360477,0.9811074918566776,80037.19631760645,100879.0553739931
13614,新北市立五股幼兒園,112,年度,公立,,502.0,,,,,,,,,,,,,,,,,,,,,,,,,,,,7045100.0,7758000.0,36315200.0,45176519.0,15350.0,"學年度 111 下學期 7,675 + 學年度 112 上學期 7,675",6,登記核定人數為釘住之鏡像快照（retrieved_on=2026-08-10），非該年度當時核定數；以本園名聚合 6 筆分班,458.96416938110747,505.4071661237785,0.9142712537472261,1.006787183513503,79124.25941434472,98431.47246313041
13615,新北市立泰山幼兒園,112,年度,公立,,226.0,,,,,,,,,,,,,,,,,,,,,,,,,,,,2885900.0,3501000.0,21433588.0,23954199.0,15350.0,"學年度 111 下學期 7,675 + 學年度 112 上學期 7,675",3,登記核定人數為釘住之鏡像快照（retrieved_on=2026-08-10），非該年度當時核定數；以本園名聚合 3 筆分班,188.00651465798046,228.07817589576547,0.8318872329999135,1.009195468565334,114004.4962749922,127411.53700751932
13616,新北市立林口幼兒園,112,年度,公立,,226.0,,,,,,,,,,,,,,,,,,,,,,,,,,,,2978300.0,3160000.0,18096161.0,20522228.0,15350.0,"學年度 111 下學期 7,675 + 學年度 112 上學期 7,675",4,登記核定人數為釘住之鏡像快照（retrieved_on=2026-08-10），非該年度當時核定數；以本園名聚合 4 筆分班,194.0260586319218,205.86319218241042,0.8585223833270876,0.9108990804531434,93266.6525702582,105770.47302152235
13617,新北市立深坑幼兒園,112,年度,公立,,99.0,,,,,,,,,,,,,,,,,,,,,,,,,,,,1180611.0,1490000.0,12496605.0,13257059.0,15350.0,"學年度 111 下學期 7,675 + 學年度 112 上學期 7,675",2,登記核定人數為釘住之鏡像快照（retrieved_on=2026-08-10），非該年度當時核定數；以本園名聚合 2 筆分班,76.9127687296417,97.06840390879479,0.7768966538347646,0.9804889283716646,162477.63806198654,172364.86501481012
13620,新北市立三芝幼兒園,112,年度,公立,,115.0,,,,,,,,,,,,,,,,,,,,,,,,,,,,1346400.0,1570000.0,14580506.0,16080278.0,15350.0,"學年度 111 下學期 7,675 + 學年度 112 上學期 7,675",2,登記核定人數為釘住之鏡像快照（retrieved_on=2026-08-10），非該年度當時核定數；以本園名聚合 2 筆分班,87.71335504885994,102.28013029315962,0.7627248265118256,0.8893924373318227,166229.03082293522,183327.59009209744
13622,新北市立八里幼兒園,112,年度,公立,,128.0,,,,,,,,,,,,,,,,,,,,,,,,,,,,1879776.0,1960000.0,14937057.0,17164360.0,15350.0,"學年度 111 下學期 7,675 + 學年度 112 上學期 7,675",3,登記核定人數為釘住之鏡像快照（retrieved_on=2026-08-10），非該年度當時核定數；以本園名聚合 3 筆分班,122.46097719869707,127.68729641693811,0.9567263843648208,0.997557003257329,121974.01443044278,140161.87354237953
13626,新北市立金山幼兒園,112,年度,公立,,101.0,,,,,,,,,,,,,,,,,,,,,,,,,,,,995400.0,988000.0,11872775.0,13364930.0,15350.0,"學年度 111 下學期 7,675 + 學年度 112 上學期 7,675",2,登記核定人數為釘住之鏡像快照（retrieved_on=2026-08-10），非該年度當時核定數；以本園名聚合 2 筆分班,64.84690553745928,64.36482084690553,0.6420485696778147,0.6372754539297577,183089.30706248747,206099.73427767734
13627,新北市立萬里幼兒園,112,年度,公立,,105.0,,,,,,,,,,,,,,,,,,,,,,,,,,,,522625.0,1343000.0,11295455.0,11889333.0,15350.0,"學年度 111 下學期 7,675 + 學年度 112 上學期 7,675",1,登記核定人數為釘住之鏡像快照（retrieved_on=2026-08-10），非該年度當時核定數；以本園名聚合 1 筆分班,34.0472312703583,87.49185667752442,0.3242593454319838,0.833255777881185,331758.40086103807,349201.1701506817
13628,新北市立烏來幼兒園,112,年度,公立,,45.0,,,,,,,,,,,,,,,,,,,,,,,,,,,,648400.0,634000.0,7846468.0,8665943.0,15350.0,"學年度 111 下學期 7,675 + 學年度 112 上學期 7,675",1,登記核定人數為釘住之鏡像快照（retrieved_on=2026-08-10），非該年度當時核定數；以本園名聚合 1 筆分班,42.241042345276874,41.302931596091206,0.9386898298950417,0.9178429243575823,185754.60178901913,205154.57287168415
13601,新北市立板橋幼兒園,113,年度,公立,,312.0,,,,,,,,,,,,,,,,,,,,,,,,,,,,4161500.0,4930000.0,29251497.0,32087165.0,15350.0,"學年度 112 下學期 7,675 + 學年度 113 上學期 7,675",3,登記核定人數為釘住之鏡像快照（retrieved_on=2026-08-10），非該年度當時核定數；以本園名聚合 3 筆分班,271.10749185667754,321.1726384364821,0.8689342687714023,1.0293994821682118,107896.30636789619,118355.8771476631
13602,新北市立三重幼兒園,113,年度,公立,,207.0,,,,,,,,,,,,,,,,,,,,,,,,,,,,2795575.0,3160000.0,22891316.0,25156762.0,15350.0,"學年度 112 下學期 7,675 + 學年度 113 上學期 7,675",3,登記核定人數為釘住之鏡像快照（retrieved_on=2026-08-10），非該年度當時核定數；以本園名聚合 3 筆分班,182.12214983713355,205.86319218241042,0.8798171489716596,0.9945081747942532,125692.10291263873,138131.2598302675
13603,新北市立中和幼兒園,113,年度,公立,,389.0,,,,,,,,,,,,,,,,,,,,,,,,,,,,3720350.0,5045000.0,30993929.0,36298819.0,15350.0,"學年度 112 下學期 7,675 + 學年度 113 上學期 7,675",5,登記核定人數為釘住之鏡像快照（retrieved_on=2026-08-10），非該年度當時核定數；以本園名聚合 5 筆分班,242.36807817589576,328.6644951140065,0.6230541855421485,0.8448958743290655,127879.58395043477,149767.32609835095
13604,新北市立永和幼兒園,113,年度,公立,,736.0,,,,,,,,,,,,,,,,,,,,,,,,,,,,7045729.0,9322000.0,48388070.0,58322097.0,15350.0,"學年度 112 下學期 7,675 + 學年度 113 上學期 7,675",7,登記核定人數為釘住之鏡像快照（retrieved_on=2026-08-10），非該年度當時核定數；以本園名聚合 7 筆分班,459.00514657980455,607.2964169381107,0.62364829698343,0.8251310012746069,105419.449782982,127061.96746284168
13605,新北市立新莊幼兒園,113,年度,公立,,317.0,,,,,,,,,,,,,,,,,,,,,,,,,,,,3933500.0,4661000.0,25673653.0,29211354.0,15350.0,"學年度 112 下學期 7,675 + 學年度 113 上學期 7,675",3,登記核定人數為釘住之鏡像快照（retrieved_on=2026-08-10），非該年度當時核定數；以本園名聚合 3 筆分班,256.2540716612378,303.64820846905536,0.8083724658083211,0.9578807838140547,100188.2734333291,113993.71651201221
13606,新北市立新店幼兒園,113,年度,公立,,390.0,,,,,,,,,,,,,,,,,,,,,,,,,,,,4368700.0,4740000.0,27571216.0,34055112.0,15350.0,"學年度 112 下學期 7,675 + 學年度 113 上學期 7,675",5,登記核定人數為釘住之鏡像快照（retrieved_on=2026-08-10），非該年度當時核定數；以本園名聚合 5 筆分班,284.6058631921824,308.7947882736156,0.7297586235696986,0.7917815083938862,96875.08082495937,119657.09918282327
13607,新北市立樹林幼兒園,113,年度,公立,,217.0,,,,,,,,,,,,,,,,,,,,,,,,,,,,2359700.0,3429000.0,23544319.0,25897868.0,15350.0,"學年度 112 下學期 7,675 + 學年度 113 上學期 7,675",4,登記核定人數為釘住之鏡像快照（retrieved_on=2026-08-10），非該年度當時核定數；以本園名聚合 4 筆分班,153.72638436482086,223.38762214983714,0.7084165178102344,1.0294360467734431,153157.30671271772,168467.29406280458
13608,新北市立鶯歌幼兒園,113,年度,公立,,271.0,,,,,,,,,,,,,,,,,,,,,,,,,,,,2257100.0,4282000.0,23127810.0,24717830.0,15350.0,"學年度 112 下學期 7,675 + 學年度 113 上學期 7,675",1,登記核定人數為釘住之鏡像快照（retrieved_on=2026-08-10），非該年度當時核定數；以本園名聚合 1 筆分班,147.04234527687296,278.95765472312706,0.5425916799884611,1.0293640395687345,157286.732311373,168100.07996987284
13610,新北市立淡水幼兒園,113,年度,公立,,264.0,,,,,,,,,,,,,,,,,,,,,,,,,,,,3481160.0,4076000.0,23961734.0,27599204.0,15350.0,"學年度 112 下學期 7,675 + 學年度 113 上學期 7,675",3,登記核定人數為釘住之鏡像快照（retrieved_on=2026-08-10），非該年度當時核定數；以本園名聚合 3 筆分班,226.785667752443,265.53745928338765,0.8590366202744053,1.0058237094067715,105658.0613646026,121697.30245090717
13612,新北市立土城幼兒園,113,年度,公立,,315.0,,,,,,,,,,,,,,,,,,,,,,,,,,,,4200275.0,4830000.0,27153114.0,31521327.0,15350.0,"學年度 112 下學期 7,675 + 學年度 113 上學期 7,675",3,登記核定人數為釘住之鏡像快照（retrieved_on=2026-08-10），非該年度當時核定數；以本園名聚合 3 筆分班,273.6335504885993,314.65798045602605,0.8686779380590455,0.998914223669924,99231.66933117475,115195.40255102345
13613,新北市立蘆洲幼兒園,113,年度,公立,,150.0,,,,,,,,,,,,,,,,,,,,,,,,,,,,2051300.0,2370000.0,12868610.0,14931682.0,15350.0,"學年度 112 下學期 7,675 + 學年度 113 上學期 7,675",1,登記核定人數為釘住之鏡像快照（retrieved_on=2026-08-10），非該年度當時核定數；以本園名聚合 1 筆分班,133.63517915309447,154.3973941368078,0.8909011943539631,1.0293159609120521,96296.57461122215,111734.6651879296
13615,新北市立泰山幼兒園,113,年度,公立,,226.0,,,,,,,,,,,,,,,,,,,,,,,,,,,,2489500.0,3501000.0,20222045.0,24939596.0,15350.0,"學年度 112 下學期 7,675 + 學年度 113 上學期 7,675",3,登記核定人數為釘住之鏡像快照（retrieved_on=2026-08-10），非該年度當時核定數；以本園名聚合 3 筆分班,162.18241042345278,228.07817589576547,0.7176212850595256,1.009195468565334,124687.04187587868,153774.9743321952
13616,新北市立林口幼兒園,113,年度,公立,,226.0,,,,,,,,,,,,,,,,,,,,,,,,,,,,2686400.0,3318000.0,21576470.0,23295096.0,15350.0,"學年度 112 下學期 7,675 + 學年度 113 上學期 7,675",4,登記核定人數為釘住之鏡像快照（retrieved_on=2026-08-10），非該年度當時核定數；以本園名聚合 4 筆分班,175.0097719869707,216.15635179153094,0.7743795220662419,0.9564440344758006,123287.2299359738,133107.40157832042
13617,新北市立深坑幼兒園,113,年度,公立,,99.0,,,,,,,,,,,,,,,,,,,,,,,,,,,,1153400.0,1490000.0,12730008.0,14129339.0,15350.0,"學年度 112 下學期 7,675 + 學年度 113 上學期 7,675",2,登記核定人數為釘住之鏡像快照（retrieved_on=2026-08-10），非該年度當時核定數；以本園名聚合 2 筆分班,75.1400651465798,97.06840390879479,0.7589905570361596,0.9804889283716646,169417.04768510492,188040.01530258366
13620,新北市立三芝幼兒園,113,年度,公立,,115.0,,,,,,,,,,,,,,,,,,,,,,,,,,,,1295600.0,1580000.0,15088268.0,16556022.0,15350.0,"學年度 112 下學期 7,675 + 學年度 113 上學期 7,675",2,登記核定人數為釘住之鏡像快照（retrieved_on=2026-08-10），非該年度當時核定數；以本園名聚合 2 筆分班,84.40390879478828,102.93159609120521,0.733947032998159,0.8950573573148279,178762.6688792837,196152.31375424511
13622,新北市立八里幼兒園,113,年度,公立,,128.0,,,,,,,,,,,,,,,,,,,,,,,,,,,,1872075.0,1975000.0,15208181.0,17765133.0,15350.0,"學年度 112 下學期 7,675 + 學年度 113 上學期 7,675",3,登記核定人數為釘住之鏡像快照（retrieved_on=2026-08-10），非該年度當時核定數；以本園名聚合 3 筆分班,121.95928338762215,128.6644951140065,0.952806901465798,1.0051913680781759,124698.83864161425,145664.45871559632
13626,新北市立金山幼兒園,113,年度,公立,,101.0,,,,,,,,,,,,,,,,,,,,,,,,,,,,473100.0,988000.0,7689907.0,9233243.0,15350.0,"學年度 112 下學期 7,675 + 學年度 113 上學期 7,675",2,登記核定人數為釘住之鏡像快照（retrieved_on=2026-08-10），非該年度當時核定數；以本園名聚合 2 筆分班,30.820846905537458,64.36482084690553,0.3051569000548263,0.6372754539297577,249503.42940181782,299577.84834073135
13627,新北市立萬里幼兒園,113,年度,公立,,105.0,,,,,,,,,,,,,,,,,,,,,,,,,,,,453400.0,869000.0,12342453.0,12901514.0,15350.0,"學年度 112 下學期 7,675 + 學年度 113 上學期 7,675",1,登記核定人數為釘住之鏡像快照（retrieved_on=2026-08-10），非該年度當時核定數；以本園名聚合 1 筆分班,29.537459283387623,56.612377850162865,0.2813091360322631,0.5391655033348844,417857.63906043227,436784.8255403617
13628,新北市立烏來幼兒園,113,年度,公立,,45.0,,,,,,,,,,,,,,,,,,,,,,,,,,,,631100.0,648000.0,8202315.0,9355143.0,15350.0,"學年度 112 下學期 7,675 + 學年度 113 上學期 7,675",1,登記核定人數為釘住之鏡像快照（retrieved_on=2026-08-10），非該年度當時核定數；以本園名聚合 1 筆分班,41.11400651465798,42.214983713355046,0.9136445892146218,0.9381107491856677,199501.71961654254,227541.50697195373
13601,新北市立板橋幼兒園,114,年度,公立,,312.0,,,,,,,,,,,,,,,,,,,,,,,,,,,,3863100.0,4503000.0,31307497.0,35358061.0,15350.0,"學年度 113 下學期 7,675 + 學年度 114 上學期 7,675",3,登記核定人數為釘住之鏡像快照（retrieved_on=2026-08-10），非該年度當時核定數；以本園名聚合 3 筆分班,251.66775244299674,293.35504885993487,0.8066274116762716,0.9402405412177399,124400.11362636225,140495.00047889
13602,新北市立三重幼兒園,114,年度,公立,,207.0,,,,,,,,,,,,,,,,,,,,,,,,,,,,2362100.0,2992000.0,23191040.0,25859912.0,15350.0,"學年度 113 下學期 7,675 + 學年度 114 上學期 7,675",3,登記核定人數為釘住之鏡像快照（retrieved_on=2026-08-10），非該年度當時核定數；以本園名聚合 3 筆分班,153.8827361563518,194.9185667752443,0.7433948606587043,0.9416355882862043,150705.92438931458,168049.46835443037
13603,新北市立中和幼兒園,114,年度,公立,,389.0,,,,,,,,,,,,,,,,,,,,,,,,,,,,3412275.0,4503000.0,35097577.0,37867505.0,15350.0,"學年度 113 下學期 7,675 + 學年度 114 上學期 7,675",5,登記核定人數為釘住之鏡像快照（retrieved_on=2026-08-10），非該年度當時核定數；以本園名聚合 5 筆分班,222.29804560260587,293.35504885993487,0.5714602714719945,0.7541260896142284,157885.2252382941,170345.64967653545
13604,新北市立永和幼兒園,114,年度,公立,,736.0,,,,,,,,,,,,,,,,,,,,,,,,,,,,5977403.0,8690000.0,49703665.0,59871024.0,15350.0,"學年度 113 下學期 7,675 + 學年度 114 上學期 7,675",7,登記核定人數為釘住之鏡像快照（retrieved_on=2026-08-10），非該年度當時核定數；以本園名聚合 7 筆分班,389.4073615635179,566.1237785016286,0.5290860890808667,0.7691899164424302,127639.25366082897,153749.08106413437
13606,新北市立新店幼兒園,114,年度,公立,,390.0,,,,,,,,,,,,,,,,,,,,,,,,,,,,3507600.0,4740000.0,29022425.0,33924460.0,15350.0,"學年度 113 下學期 7,675 + 學年度 114 上學期 7,675",5,登記核定人數為釘住之鏡像快照（retrieved_on=2026-08-10），非該年度當時核定數；以本園名聚合 5 筆分班,228.50814332247558,308.7947882736156,0.5859183162114758,0.7917815083938862,127008.27453244383,148460.6172311552
13607,新北市立樹林幼兒園,114,年度,公立,,217.0,,,,,,,,,,,,,,,,,,,,,,,,,,,,2251500.0,3113000.0,23626441.0,26303005.0,15350.0,"學年度 113 下學期 7,675 + 學年度 114 上學期 7,675",4,登記核定人數為釘住之鏡像快照（retrieved_on=2026-08-10），非該年度當時核定數；以本園名聚合 4 筆分班,146.67752442996743,202.8013029315961,0.6759332923039973,0.9345682162746364,161077.44585831667,179325.39495891627
13608,新北市立鶯歌幼兒園,114,年度,公立,,271.0,,,,,,,,,,,,,,,,,,,,,,,,,,,,1808700.0,3476000.0,22643381.0,24754856.0,15350.0,"學年度 113 下學期 7,675 + 學年度 114 上學期 7,675",1,登記核定人數為釘住之鏡像快照（retrieved_on=2026-08-10），非該年度當時核定數；以本園名聚合 1 筆分班,117.83061889250814,226.44951140065146,0.4347993317066721,0.8356070531389352,192168.90493171892,210088.48321999225
13609,新北市立三峽幼兒園,114,年度,公立,,195.0,,,,,,,,,,,,,,,,,,,,,,,,,,,,1469400.0,2749000.0,21163896.0,22018375.0,15350.0,"學年度 113 下學期 7,675 + 學年度 114 上學期 7,675",3,登記核定人數為釘住之鏡像快照（retrieved_on=2026-08-10），非該年度當時核定數；以本園名聚合 3 筆分班,95.72638436482085,179.08794788273616,0.49090453520420946,0.9183997327319803,221087.38505512456,230013.64927861711
13610,新北市立淡水幼兒園,114,年度,公立,,264.0,,,,,,,,,,,,,,,,,,,,,,,,,,,,2991840.0,3681000.0,24623319.0,28171667.0,15350.0,"學年度 113 下學期 7,675 + 學年度 114 上學期 7,675",3,登記核定人數為釘住之鏡像快照（retrieved_on=2026-08-10），非該年度當時核定數；以本園名聚合 3 筆分班,194.90814332247558,239.80456026058633,0.7382884216760439,0.9083506070476755,126332.94114992779,144538.17331474944
13614,新北市立五股幼兒園,114,年度,公立,,502.0,,,,,,,,,,,,,,,,,,,,,,,,,,,,5782800.0,7410000.0,42638277.0,49231392.0,15350.0,"學年度 113 下學期 7,675 + 學年度 114 上學期 7,675",6,登記核定人數為釘住之鏡像快照（retrieved_on=2026-08-10），非該年度當時核定數；以本園名聚合 6 筆分班,376.72964169381106,482.7361563517915,0.7504574535733288,0.9616258094657202,113180.04287715294,130680.96202531646
13615,新北市立泰山幼兒園,114,年度,公立,,226.0,,,,,,,,,,,,,,,,,,,,,,,,,,,,2579200.0,3140000.0,24787474.0,26338580.0,15350.0,"學年度 113 下學期 7,675 + 學年度 114 上學期 7,675",3,登記核定人數為釘住之鏡像快照（retrieved_on=2026-08-10），非該年度當時核定數；以本園名聚合 3 筆分班,168.0260586319218,204.56026058631923,0.7434781355394771,0.9051338963996426,147521.60588554593,156752.94781327544
13616,新北市立林口幼兒園,114,年度,公立,,226.0,,,,,,,,,,,,,,,,,,,,,,,,,,,,2509662.0,3191000.0,19436248.0,23545162.0,15350.0,"學年度 113 下學期 7,675 + 學年度 114 上學期 7,675",4,登記核定人數為釘住之鏡像快照（retrieved_on=2026-08-10），非該年度當時核定數；以本園名聚合 4 筆分班,163.4958957654723,207.8827361563518,0.7234331671038597,0.9198351157360699,118879.11870204036,144010.7220414542
13617,新北市立深坑幼兒園,114,年度,公立,,99.0,,,,,,,,,,,,,,,,,,,,,,,,,,,,1129700.0,1490000.0,14018583.0,14740018.0,15350.0,"學年度 113 下學期 7,675 + 學年度 114 上學期 7,675",2,登記核定人數為釘住之鏡像快照（retrieved_on=2026-08-10），非該年度當時核定數；以本園名聚合 2 筆分班,73.59609120521172,97.06840390879479,0.7433948606587043,0.9804889283716646,190479.99384792426,200282.62043020272
13620,新北市立三芝幼兒園,114,年度,公立,,115.0,,,,,,,,,,,,,,,,,,,,,,,,,,,,1311400.0,1422000.0,15514016.0,17103367.0,15350.0,"學年度 113 下學期 7,675 + 學年度 114 上學期 7,675",2,登記核定人數為釘住之鏡像快照（retrieved_on=2026-08-10），非該年度當時核定數；以本園名聚合 2 筆分班,85.43322475570032,92.63843648208469,0.7428976065713071,0.8055516215833451,181592.3025773982,200195.73238523715
13622,新北市立八里幼兒園,114,年度,公立,,128.0,,,,,,,,,,,,,,,,,,,,,,,,,,,,1784730.0,1975000.0,16820735.0,18929109.0,15350.0,"學年度 113 下學期 7,675 + 學年度 114 上學期 7,675",3,登記核定人數為釘住之鏡像快照（retrieved_on=2026-08-10），非該年度當時核定數；以本園名聚合 3 筆分班,116.26905537459284,128.6644951140065,0.9083519951140065,1.0051913680781759,144670.78059426355,162804.35872653004
13627,新北市立萬里幼兒園,114,年度,公立,,105.0,,,,,,,,,,,,,,,,,,,,,,,,,,,,299700.0,562000.0,13758722.0,13944811.0,15350.0,"學年度 113 下學期 7,675 + 學年度 114 上學期 7,675",1,登記核定人數為釘住之鏡像快照（retrieved_on=2026-08-10），非該年度當時核定數；以本園名聚合 1 筆分班,19.52442996742671,36.612377850162865,0.18594695207073056,0.348689312858694,704692.6349683016,714223.7198865532
13628,新北市立烏來幼兒園,114,年度,公立,,45.0,,,,,,,,,,,,,,,,,,,,,,,,,,,,560900.0,632000.0,9137509.0,9341891.0,15350.0,"學年度 113 下學期 7,675 + 學年度 114 上學期 7,675",1,登記核定人數為釘住之鏡像快照（retrieved_on=2026-08-10），非該年度當時核定數；以本園名聚合 1 筆分班,36.54071661237785,41.17263843648208,0.8120159247195078,0.914947520810713,250063.76029595293,255657.02772330184
