query_id,query_name,raw_file,response_sha256,source_table_id,source_row_index,source_title,city,town,establishment_type,address,phone,website,approved_capacity,after_school,evaluation_academic_year,evaluation_completed_date,evaluation_result,evaluation_report_label,evaluation_report_postback,evaluation_report_detail_path,registry_id,entity,registry_ids,registry_titles,crosswalk_report_keys,join_status,join_evidence
single_uuid_anxi,新北市安溪非營利幼兒園,raw/003_single_uuid_anxi_history_1.html,db1d300bb1bf5026e5f5ff73f7fa52295586536879e3e6fbc242dec4ced00d68,GridView1_GridView11_0,1,新北市安溪非營利幼兒園(委託社團法人桃園市教保服務人員協會辦理),新北市,三峽區,非營利,[237]中華路42號,(02)26718607,,136,無,114,2025/10/23,基礎評鑑－全數指標通過,檢視,"javascript:__doPostBack('GridView1$ctl02$GridView11$ctl02$lbView','')",./dtl/eva_view.aspx?tp=0&esid=bABFAGMAMAB0AEgAMQBIADQAagBJAEYAYgBZAHoAMQBMAGgAVQAxADMAVgB6AG0AKwBLAHkAWABMAGgAcwB3ADIATQBKAGkAOQBEAE4ATAAwAFkAdwBjACsARwBMAEcAMQBzAEcAWgBpAFAAVgBmAG4ANwBoAEcAbgBBADcAZQBDAHQAdwBkAEQANQA5AHEAQgB5AGkAOQArAFAAdwBLAFcAawBrADQAVgBXAGUARgBpAFUAdQByAC8ANwB3AG8AUgBaAGcAWQBVADIAcQBCAEcAawBVADUAeABlAGsAdgB0AFYAYgBrAFEATwB1AGoATQBlAHQAbwB5AFQAMABtAGkAQwBnAGgAWQBzAHMAOQBQADAAOQAxAE8AagA2AFMAeABjAEIAUQByAG4ANwBmAEMASQBOAFEAVgBMAGEAeQB5AE0AagBRAHgAegB3AE8AeABtAEEAdgBRAGkAMABGAGsAUQB2AFYAQwBnAHkAUQBHAHcAVAB2AFIAZQBTAHgAagBpAFEALwBvAFIAbwBsAHcANQAxAHEAbwB2AFMAVABGAEkALwBCAEwAQQA9AD0A,ecca529e-994f-430d-a4dd-571fbf742e40,新北市安溪非營利幼兒園,"[""ecca529e-994f-430d-a4dd-571fbf742e40""]","[""新北市安溪非營利幼兒園(委託社團法人桃園市教保服務人員協會辦理)""]","[""N01_110"",""N01_111"",""N01_112"",""N01_113""]",matched_exact_title,exact_title:1;entity_candidates:1;entities:1;crosswalk_reports:4
single_uuid_anxi,新北市安溪非營利幼兒園,raw/003_single_uuid_anxi_history_1.html,db1d300bb1bf5026e5f5ff73f7fa52295586536879e3e6fbc242dec4ced00d68,GridView1_GridView11_0,2,新北市安溪非營利幼兒園(委託社團法人桃園市教保服務人員協會辦理),新北市,三峽區,非營利,[237]中華路42號,(02)26718607,,136,無,109,2020/09/22,基礎評鑑－全數指標通過,檢視,"javascript:__doPostBack('GridView1$ctl02$GridView11$ctl03$lbView','')",./dtl/eva_view.aspx?tp=0&esid=bABFAGMAMAB0AEgAMQBIADQAagBJAEYAYgBZAHoAMQBMAGgAVQAxADMAVgB6AG0AKwBLAHkAWABMAGgAcwB3ADIATQBKAGkAOQBEAE4ATAAwAFkAdwBjACsARwBMAEcAMQBzAEcAWgBpAFAAVgBmAG4ANwBoAEcAbgBBADcAZQBDAHQAdwBkAEQANQA5AHEAQgB5AGkAOQArAFAAdwBLAFcAawBrADQAVgBXAGUARgBpAFUAdQByAC8ANwB3AG8AUgBaAGcAWQBVADIAcQBCAEcAawBVADUAeABlAGsAdgB0AFYAYgBrAFEATwB1AGoATQBlAHQAbwB5AFQAMABtAGkAQwBnAGgAWQBzAHMAOQBQADAAOQAxAE8AagA2AFMAeABjAEIAUQByAG4ANwBmAEMASQBOAFEAVgBMAGEAeQB5AE0AagBRAHgAegB3AE8AeABtAEIATAAzAGcAZQBlADEAcwBJAGcANQBUACsATAB1AE4AegBDAGwAMwBFADYASAAyAGkAYgBJAFoAYQAzACsATgBFAFYANABwAFAARQBrAFgAUQBsAGYAZwA9AD0A,ecca529e-994f-430d-a4dd-571fbf742e40,新北市安溪非營利幼兒園,"[""ecca529e-994f-430d-a4dd-571fbf742e40""]","[""新北市安溪非營利幼兒園(委託社團法人桃園市教保服務人員協會辦理)""]","[""N01_110"",""N01_111"",""N01_112"",""N01_113""]",matched_exact_title,exact_title:1;entity_candidates:1;entities:1;crosswalk_reports:4
single_uuid_anxi,新北市安溪非營利幼兒園,raw/003_single_uuid_anxi_history_1.html,db1d300bb1bf5026e5f5ff73f7fa52295586536879e3e6fbc242dec4ced00d68,GridView1_GridView11_0,3,新北市安溪非營利幼兒園(委託社團法人桃園市教保服務人員協會辦理),新北市,三峽區,非營利,[237]中華路42號,(02)26718607,,136,無,106,2017/10/12,基礎評鑑－部分指標通過,檢視,"javascript:__doPostBack('GridView1$ctl02$GridView11$ctl04$lbView','')",./dtl/eva_view.aspx?tp=0&esid=bABFAGMAMAB0AEgAMQBIADQAagBJAEYAYgBZAHoAMQBMAGgAVQAxADMAVgB6AG0AKwBLAHkAWABMAGgAcwB3ADIATQBKAGkAOQBEAE4ATAAwAFkAdwBjACsARwBMAEcAMQBzAEcAWgBpAFAAVgBmAG4ANwBoAEcAbgBBADcAZQBDAHQAdwBkAEQANQA5AHEAQgB5AGkAOQArAFAAdwBLAFcAawBrADQAVgBXAGUARgBpAFUAdQByAC8ANwB3AG8AUgBaAGcAWQBVADIAcQBCAEcAawBVADUAeABlAGsAdgB0AFYAYgBrAFEATwB1AGoATQBlAHQAbwB5AFQAMABtAGkAQwBnAGgAWQBzAHMAOQBQADAAOQAxAE8AagA2AFMAeABjAEIAUQByAG4ANwBmAEMASQBOAFEAVgBMAGEAeQB5AE0AagBRAHgAegB3AE8AeABtAEMAaQA0AE4ARwBDAE8ANwBaAGgAawBqAHQAawBRAG0AeAB2AGYAZwBpAGQA,ecca529e-994f-430d-a4dd-571fbf742e40,新北市安溪非營利幼兒園,"[""ecca529e-994f-430d-a4dd-571fbf742e40""]","[""新北市安溪非營利幼兒園(委託社團法人桃園市教保服務人員協會辦理)""]","[""N01_110"",""N01_111"",""N01_112"",""N01_113""]",matched_exact_title,exact_title:1;entity_candidates:1;entities:1;crosswalk_reports:4
single_uuid_anxi,新北市安溪非營利幼兒園,raw/003_single_uuid_anxi_history_1.html,db1d300bb1bf5026e5f5ff73f7fa52295586536879e3e6fbc242dec4ced00d68,GridView1_GridView11_0,4,新北市安溪非營利幼兒園(委託社團法人桃園市教保服務人員協會辦理),新北市,三峽區,非營利,[237]中華路42號,(02)26718607,,136,無,106,2018/11/29,追蹤評鑑－全數指標通過,檢視,"javascript:__doPostBack('GridView1$ctl02$GridView11$ctl05$lbView','')",./dtl/eva_view.aspx?tp=1&esid=bABFAGMAMAB0AEgAMQBIADQAagBJAEYAYgBZAHoAMQBMAGgAVQAxADMAVgB6AG0AKwBLAHkAWABMAGgAcwB3ADIATQBKAGkAOQBEAE4ATAAwAFkAdwBjACsARwBMAEcAMQBzAEcAWgBpAFAAVgBmAG4ANwBoAEcAbgBBADcAZQBDAHQAdwBkAEQANQA5AHEAQgB5AGkAOQArAFAAdwBLAFcAawBrADQAVgBXAGUARgBpAFUAdQByAC8ANwB3AG8AUgBaAGcAWQBVADIAcQBCAEcAawBVADUAeABlAGsAdgB0AFYAYgBrAFEATwB1AGoATQBlAHQAbwB5AFQAMABtAGkAQwBnAGgAWQBzAHMAOQBQADAAOQAxAE8AagA2AFMAeABjAEIAUQByAG4ANwBmAEMASQBOAFEAVgBMAGEAeQB5AE0AagBRAHgAegB3AE8AeABtAEMAaQA0AE4ARwBDAE8ANwBaAGgAawBqAHQAawBRAG0AeAB2AGYAZwBpAGQA,ecca529e-994f-430d-a4dd-571fbf742e40,新北市安溪非營利幼兒園,"[""ecca529e-994f-430d-a4dd-571fbf742e40""]","[""新北市安溪非營利幼兒園(委託社團法人桃園市教保服務人員協會辦理)""]","[""N01_110"",""N01_111"",""N01_112"",""N01_113""]",matched_exact_title,exact_title:1;entity_candidates:1;entities:1;crosswalk_reports:4
multi_uuid_beida,新北市北大非營利幼兒園,raw/005_multi_uuid_beida_history_1.html,0c0172b5d2e09442ede55f2f33f5db64a3cff08a0b9d701df2caa1a20bd8b5d7,GridView1_GridView11_0,1,新北市北大非營利幼兒園(委託明新學校財團法人明新科技大學辦理),新北市,三峽區,非營利,[237]國光街100號A棟1樓至2樓,(02)26747373,,182,無,114,2025/10/23,基礎評鑑－全數指標通過,檢視,"javascript:__doPostBack('GridView1$ctl02$GridView11$ctl02$lbView','')",./dtl/eva_view.aspx?tp=0&esid=UwBxAHYAdgBVAFEAVwBiAEsASwBrAE4AMAAzAEUAeABWAG8ASABuAG0ASABHAHUAQQBtACsAeQBQADgANwB0AFcAcABWAFYAQQBYAEoARgBuAHEAVABIADYATwBxAFEAbQBMADIAYwBoAEcAeQBZAEIAUABFAFcATgA2ADQAVABjAGUAcABtAFIAbgBaAFIARgBDAEgAQwBlAEYAbABiAFQAawBPADIAegAwAE4ASwAwADkASwBSAG0AUwBXAGYASABlAGcAdgAxAEwAcgA2ADcATQA0AFoAdABDAGQAeAB3AHQAbgBRADMAYgBOAGIARABUAHIAVAA3AEkAVgBQAFIARQBIAEIAMABvAEcAYQBNAFEAVQBPACsATgBWAEcALwBVAFkAVwBqAHgAUQBnAFAAagBIADIASwAvAHEAUwByAHQAVwBCAFUARQBsAHcASgBtAHgAdgBSAFEAYgBtAFUARwAxAHgAUABIAEgAVABvAFYAWgA2AEIATwBMAGIANgBsAFIASwBRADcAeABXAHUAYwBSAEwAUwBwAGMAYwArAEMATAAwAGwAdwA9AD0A,1bccb4da-f81d-4c79-b1ca-45d120d2d0be,新北市北大非營利幼兒園,"[""1bccb4da-f81d-4c79-b1ca-45d120d2d0be"",""68858ac0-2407-4d98-953d-3ee4c9986042""]","[""新北市北大非營利幼兒園(委託明新學校財團法人明新科技大學辦理)"",""新北市北大非營利幼兒園(委託社團法人中華音樂舞蹈暨表演藝術教育協會辦理)""]","[""N07_110"",""N07_111"",""N07_112"",""N07_113""]",matched_exact_title,exact_title:1;entity_candidates:2;entities:1;crosswalk_reports:4
multi_uuid_beida,新北市北大非營利幼兒園,raw/005_multi_uuid_beida_history_1.html,0c0172b5d2e09442ede55f2f33f5db64a3cff08a0b9d701df2caa1a20bd8b5d7,GridView1_GridView11_0,2,新北市北大非營利幼兒園(委託明新學校財團法人明新科技大學辦理),新北市,三峽區,非營利,[237]國光街100號A棟1樓至2樓,(02)26747373,,182,無,109,2020/10/23,基礎評鑑－全數指標通過,檢視,"javascript:__doPostBack('GridView1$ctl02$GridView11$ctl03$lbView','')",./dtl/eva_view.aspx?tp=0&esid=UwBxAHYAdgBVAFEAVwBiAEsASwBrAE4AMAAzAEUAeABWAG8ASABuAG0ASABHAHUAQQBtACsAeQBQADgANwB0AFcAcABWAFYAQQBYAEoARgBuAHEAVABIADYATwBxAFEAbQBMADIAYwBoAEcAeQBZAEIAUABFAFcATgA2ADQAVABjAGUAcABtAFIAbgBaAFIARgBDAEgAQwBlAEYAbABiAFQAawBPADIAegAwAE4ASwAwADkASwBSAG0AUwBXAGYASABlAGcAdgAxAEwAcgA2ADcATQA0AFoAdABDAGQAeAB3AHQAbgBRADMAYgBOAGIARABUAHIAVAA3AEkAVgBQAFIARQBIAEIAMABvAEcAYQBNAFEAVQBPACsATgBWAEcALwBVAFkAVwBqAHgAUQBnAFAAagBIADIASwAvAHEAUwByAHQAVwBCAFUARQBsAHcASgBtAHoAWgBBAFAARAA3AFUAaQA5AFgASQBLAHQAcgAyAGYAMABLAGUAaQBjADcAaAAwAHgAWQB3AGEAQwB1AFYAVwBTADcAZgBvAGcAdwA0AHgATQA1AHUAQQA9AD0A,1bccb4da-f81d-4c79-b1ca-45d120d2d0be,新北市北大非營利幼兒園,"[""1bccb4da-f81d-4c79-b1ca-45d120d2d0be"",""68858ac0-2407-4d98-953d-3ee4c9986042""]","[""新北市北大非營利幼兒園(委託明新學校財團法人明新科技大學辦理)"",""新北市北大非營利幼兒園(委託社團法人中華音樂舞蹈暨表演藝術教育協會辦理)""]","[""N07_110"",""N07_111"",""N07_112"",""N07_113""]",matched_exact_title,exact_title:1;entity_candidates:2;entities:1;crosswalk_reports:4
multi_uuid_bicheng,新北市碧城非營利幼兒園,raw/007_multi_uuid_bicheng_history_1.html,c5acef39e53f55cdf98b672d01b9f8e7105f8eccb4c257daef7567c6e1839657,GridView1_GridView11_0,1,新北市碧城非營利幼兒園(委託財團法人仁德醫護管理專科學校辦理),新北市,三重區,非營利,[241]三信路166號1、2、3樓,(02)28577058,,120,無,114,2025/10/03,基礎評鑑－部分指標通過,檢視,"javascript:__doPostBack('GridView1$ctl02$GridView11$ctl02$lbView','')",./dtl/eva_view.aspx?tp=0&esid=cgBrAEcANgBmAEIAOQBQAGQAUwA4AEEATQBqAEIAcwA3AHcAcwBLAGMAcgBHAGkAcwBzAHIAcwBSAFAAbwA5AEwAegBJAEwAUQBMAGYAWgA2AEMAUwBiAGQAUgBGAHUAdQBIAHIARgBUADkASABSAHkAdgBEAFkARQBHADAAbAAvAGsATAB1ADIAUgB1AE8AUgBYAG8AaABFADAAagBJADUAQQAvAE8AQQA5AHMANwBWAGUAWABwADcAegAvADEATQBHAHgAZQAwAGUAaQBXAEEAVgBiAE8ARwArAFEAawBlAEQAcABGAEMARQA0ADkAWQBnAGMAVwBEAFkAdQAzAEUANwBLAHoAaABFAGYARgBRAFQAOQBuAHcAQQBZAGQAcgBRAFkAbABxAEIALwBmAFYAdABQADUATQBoAFEAagBvAEwAbgBDAEsAWABMAEIAKwBNAHoARABSAG4AaABXADkAawBLAE8ATQB3AEMAVQBxAHgANwA1AEoAZwA1AGQAeQBRADAAbQBqAGgAWQBCAHoAMQBhAEQARABpADEAVABGAFoAZwBlAG0AdwA9AD0A,6222faa7-3ddc-4b56-b34f-579311f363d2,新北市碧城非營利幼兒園,"[""6222faa7-3ddc-4b56-b34f-579311f363d2"",""dfe33fb7-a85f-49e0-97e2-458db82b2df7""]","[""新北市碧城非營利幼兒園(委託財團法人仁德醫護管理專科學校辦理)"",""新北市碧城非營利幼兒園(委託社團法人中華音樂舞蹈暨表演藝術教育協會辦理)""]","[""N25_110"",""N25_111"",""N25_112"",""N25_113""]",matched_exact_title,exact_title:1;entity_candidates:2;entities:1;crosswalk_reports:4
multi_uuid_bicheng,新北市碧城非營利幼兒園,raw/007_multi_uuid_bicheng_history_1.html,c5acef39e53f55cdf98b672d01b9f8e7105f8eccb4c257daef7567c6e1839657,GridView1_GridView11_0,2,新北市碧城非營利幼兒園(委託財團法人仁德醫護管理專科學校辦理),新北市,三重區,非營利,[241]三信路166號1、2、3樓,(02)28577058,,120,無,111,2022/10/21,基礎評鑑－部分指標通過,檢視,"javascript:__doPostBack('GridView1$ctl02$GridView11$ctl03$lbView','')",./dtl/eva_view.aspx?tp=0&esid=cgBrAEcANgBmAEIAOQBQAGQAUwA4AEEATQBqAEIAcwA3AHcAcwBLAGMAcgBHAGkAcwBzAHIAcwBSAFAAbwA5AEwAegBJAEwAUQBMAGYAWgA2AEMAUwBiAGQAUgBGAHUAdQBIAHIARgBUADkASABSAHkAdgBEAFkARQBHADAAbAAvAGsATAB1ADIAUgB1AE8AUgBYAG8AaABFADAAagBJADUAQQAvAE8AQQA5AHMANwBWAGUAWABwADcAegAvADEATQBHAHgAZQAwAGUAaQBXAEEAVgBiAE8ARwArAFEAawBlAEQAcABGAEMARQA0ADkAWQBnAGMAVwBEAFkAdQAzAEUANwBLAHoAaABFAGYARgBRAFQAOQBuAHcAQQBZAGQAcgBRAFkAbABxAEIALwBmAFYAdABQADUATQBoAFEAagBvAEwAbgBDAEsAWABMAEIAKwBNAHoAegAyAFEAVwA5ADUAbwAyAE4AbAB3AGoAZwBLAHEAZgBzAE8ANAA3AEEANwBUAGsAYQBRAHgARgBGAGwAeQBnAHYAMgBRADUAZQArAFQAZgBkADUAZwA9AD0A,6222faa7-3ddc-4b56-b34f-579311f363d2,新北市碧城非營利幼兒園,"[""6222faa7-3ddc-4b56-b34f-579311f363d2"",""dfe33fb7-a85f-49e0-97e2-458db82b2df7""]","[""新北市碧城非營利幼兒園(委託財團法人仁德醫護管理專科學校辦理)"",""新北市碧城非營利幼兒園(委託社團法人中華音樂舞蹈暨表演藝術教育協會辦理)""]","[""N25_110"",""N25_111"",""N25_112"",""N25_113""]",matched_exact_title,exact_title:1;entity_candidates:2;entities:1;crosswalk_reports:4
multi_uuid_bicheng,新北市碧城非營利幼兒園,raw/007_multi_uuid_bicheng_history_1.html,c5acef39e53f55cdf98b672d01b9f8e7105f8eccb4c257daef7567c6e1839657,GridView1_GridView11_0,3,新北市碧城非營利幼兒園(委託財團法人仁德醫護管理專科學校辦理),新北市,三重區,非營利,[241]三信路166號1、2、3樓,(02)28577058,,120,無,111,2023/11/20,追蹤評鑑－全數指標通過,檢視,"javascript:__doPostBack('GridView1$ctl02$GridView11$ctl04$lbView','')",./dtl/eva_view.aspx?tp=1&esid=cgBrAEcANgBmAEIAOQBQAGQAUwA4AEEATQBqAEIAcwA3AHcAcwBLAGMAcgBHAGkAcwBzAHIAcwBSAFAAbwA5AEwAegBJAEwAUQBMAGYAWgA2AEMAUwBiAGQAUgBGAHUAdQBIAHIARgBUADkASABSAHkAdgBEAFkARQBHADAAbAAvAGsATAB1ADIAUgB1AE8AUgBYAG8AaABFADAAagBJADUAQQAvAE8AQQA5AHMANwBWAGUAWABwADcAegAvADEATQBHAHgAZQAwAGUAaQBXAEEAVgBiAE8ARwArAFEAawBlAEQAcABGAEMARQA0ADkAWQBnAGMAVwBEAFkAdQAzAEUANwBLAHoAaABFAGYARgBRAFQAOQBuAHcAQQBZAGQAcgBRAFkAbABxAEIALwBmAFYAdABQADUATQBoAFEAagBvAEwAbgBDAEsAWABMAEIAKwBNAHoAegAyAFEAVwA5ADUAbwAyAE4AbAB3AGoAZwBLAHEAZgBzAE8ANAA3AEEANwBUAGsAYQBRAHgARgBGAGwAeQBnAHYAMgBRADUAZQArAFQAZgBkADUAZwA9AD0A,6222faa7-3ddc-4b56-b34f-579311f363d2,新北市碧城非營利幼兒園,"[""6222faa7-3ddc-4b56-b34f-579311f363d2"",""dfe33fb7-a85f-49e0-97e2-458db82b2df7""]","[""新北市碧城非營利幼兒園(委託財團法人仁德醫護管理專科學校辦理)"",""新北市碧城非營利幼兒園(委託社團法人中華音樂舞蹈暨表演藝術教育協會辦理)""]","[""N25_110"",""N25_111"",""N25_112"",""N25_113""]",matched_exact_title,exact_title:1;entity_candidates:2;entities:1;crosswalk_reports:4
