file,short_name,academic_year,extracted_operator,registry_operators,operator_match,contract_period,period_contains_year,opening_year,total_assets,registry_capacity,assets_per_place,magnitude_plausible
N01_安溪_110.json,安溪,110,社團法人桃園市教保服務人員協會,桃園市教保服務人員協會,True,108年8月1日至112年7月31日,True,0,14735315,136,108348,True
N01_安溪_111.json,安溪,111,社團法人桃園市教保服務人員協會,桃園市教保服務人員協會,True,108年8月1日至112年7月31日,True,0,20469369,136,150510,True
N01_安溪_112.json,安溪,112,社團法人桃園市教保服務人員協會,桃園市教保服務人員協會,True,112年8月1日至116年7月31日,True,1,24140447,136,177503,
N01_安溪_113.json,安溪,113,社團法人桃園市教保服務人員協會,桃園市教保服務人員協會,True,112年8月1日至116年7月31日,True,0,26187977,136,192559,True
N02_山北_110.json,山北,110,財團法人三之三生命教育基金會,三之三生命教育基金會,True,108年8月1日至112年7月31日,True,0,10482506,90,116472,True
N02_山北_111.json,山北,111,財團法人三之三生命教育基金會,三之三生命教育基金會,True,108年8月1日至112年7月31日,True,0,12172850,90,135254,True
N02_山北_112.json,山北,112,財團法人三之三生命教育基金會,三之三生命教育基金會,True,112年8月1日至116年7月31日,True,1,14224642,90,158052,
N02_山北_113.json,山北,113,財團法人三之三生命教育基金會,三之三生命教育基金會,True,112年8月1日至116年7月31日,True,0,16869798,90,187442,True
N03_龍埔成長_110.json,龍埔成長,110,財團法人成長文教基金會,成長文教基金會,True,109年8月1日至113年7月31日,True,0,9229892,90,102554,True
N03_龍埔成長_111.json,龍埔成長,111,財團法人成長文教基金會,成長文教基金會,True,109年8月1日至113年7月31日,True,0,11149432,90,123883,True
N03_龍埔成長_112.json,龍埔成長,112,財團法人成長文教基金會,成長文教基金會,True,109年8月1日至113年7月31日,True,0,13476093,90,149734,True
N03_龍埔成長_113.json,龍埔成長,113,財團法人成長文教基金會,成長文教基金會,True,113年8月1日至117年7月31日,True,1,14987068,90,166523,
N04_海工_110.json,海工,110,社團法人新北市幼兒成長協會,新北市幼兒成長協會,True,109年8月1日至113年7月31日,True,0,5285338,60,88089,True
N04_海工_111.json,海工,111,社團法人新北市幼兒成長協會,新北市幼兒成長協會,True,109年8月1日至113年7月31日,True,0,5928185,60,98803,True
N04_海工_112.json,海工,112,社團法人新北市幼兒成長協會,新北市幼兒成長協會,True,109年8月1日至113年7月31日,True,0,7790743,60,129846,True
N04_海工_113.json,海工,113,社團法人新北市幼兒成長協會,新北市幼兒成長協會,True,113年8月1日至117年7月31日,True,1,9032432,60,150541,
N05_漢翔_110.json,漢翔,110,財團法人三之三生命教育基金會,三之三生命教育基金會,True,109年8月1日至113年7月31日,True,0,12286520,76,161665,True
N05_漢翔_111.json,漢翔,111,財團法人三之三生命教育基金會,三之三生命教育基金會,True,109年8月1日至113年7月31日,True,0,12882843,76,169511,True
N05_漢翔_112.json,漢翔,112,財團法人三之三生命教育基金會,三之三生命教育基金會,True,109年8月1日至113年7月31日,True,0,14672741,76,193062,True
N05_漢翔_113.json,漢翔,113,財團法人三之三生命教育基金會,三之三生命教育基金會,True,113年8月1日至117年7月31日,True,1,19443325,76,255833,
N06_昌平_110.json,昌平,110,財團法人三之三生命教育基金會,三之三生命教育基金會,True,110年8月1日至114年7月31日,True,1,11454209,120,95452,
N06_昌平_111.json,昌平,111,財團法人三之三生命教育基金會,三之三生命教育基金會,True,110年8月1日至114年7月31日,True,0,13342087,120,111184,True
N06_昌平_112.json,昌平,112,財團法人三之三生命教育基金會,三之三生命教育基金會,True,110年8月1日至114年7月31日,True,0,15705283,120,130877,True
N06_昌平_113.json,昌平,113,財團法人三之三生命教育基金會,三之三生命教育基金會,True,110年8月1日至114年7月31日,True,0,16254782,120,135457,True
N07_北大_110.json,北大,110,社團法人中華音樂舞蹈暨表演藝術教育協會,中華音樂舞蹈暨表演藝術教育協會 | 明新學校明新科技大學,True,110年8月1日至114年7月31日,True,1,11779938,182,64725,
N07_北大_111.json,北大,111,社團法人中華音樂舞蹈暨表演藝術教育協會,中華音樂舞蹈暨表演藝術教育協會 | 明新學校明新科技大學,True,110年8月1日至114年7月31日,True,0,16195719,182,88987,True
N07_北大_112.json,北大,112,社團法人中華音樂舞蹈暨表演藝術教育協會,中華音樂舞蹈暨表演藝術教育協會 | 明新學校明新科技大學,True,110年8月1日至114年7月31日,True,0,18129973,182,99615,True
N07_北大_113.json,北大,113,社團法人中華音樂舞蹈暨表演藝術教育協會,中華音樂舞蹈暨表演藝術教育協會 | 明新學校明新科技大學,True,110年8月1日至114年7月31日,True,0,12687968,182,69714,True
N08_鷺江_110.json,鷺江,110,財團法人彭婉如文教基金會,彭婉如文教基金會,True,中華民國110年8月1日至114年7月31日,True,1,12511079,106,118029,
N08_鷺江_111.json,鷺江,111,財團法人彭婉如文教基金會,彭婉如文教基金會,True,中華民國110年8月1日至114年7月31日,True,0,14295302,106,134861,True
N08_鷺江_112.json,鷺江,112,財團法人彭婉如文教基金會,彭婉如文教基金會,True,中華民國110年8月1日至114年7月31日,True,0,16625634,106,156846,True
N08_鷺江_113.json,鷺江,113,財團法人彭婉如文教基金會,彭婉如文教基金會,True,中華民國110年8月1日至114年7月31日,True,0,17541054,106,165482,True
N09_安興_110.json,安興,110,社團法人臺灣兒童教育發展協會,仁德醫護管理專科學校 | 臺灣兒童教育發展協會,True,110年8月1日至114年7月31日,True,1,7824765,60,130413,
N09_安興_111.json,安興,111,社團法人臺灣兒童教育發展協會,仁德醫護管理專科學校 | 臺灣兒童教育發展協會,True,110年8月1日至114年7月31日,True,0,9231968,60,153866,True
N09_安興_112.json,安興,112,社團法人臺灣兒童教育發展協會,仁德醫護管理專科學校 | 臺灣兒童教育發展協會,True,110年8月1日至114年7月31日,True,0,11035497,60,183925,True
N09_安興_113.json,安興,113,社團法人臺灣兒童教育發展協會,仁德醫護管理專科學校 | 臺灣兒童教育發展協會,True,110年8月1日至114年7月31日,True,0,9560217,60,159337,True
N10_大觀_110.json,大觀,110,社團法人新北市中華國際嬰幼兒發展學會,新北市中華國際嬰幼兒發展學會,True,107年8月1日至111年7月31日,True,0,10628680,106,100271,True
N10_大觀_111.json,大觀,111,社團法人新北市中華國際嬰幼兒發展學會,新北市中華國際嬰幼兒發展學會,True,111年8月1日至115年7月31日,True,1,11812646,106,111440,
N10_大觀_112.json,大觀,112,社團法人新北市中華國際嬰幼兒發展學會,新北市中華國際嬰幼兒發展學會,True,111年8月1日至115年7月31日,True,0,13229540,106,124807,True
N10_大觀_113.json,大觀,113,社團法人新北市中華國際嬰幼兒發展學會,新北市中華國際嬰幼兒發展學會,True,111年8月1日至115年7月31日,True,0,14199205,106,133955,True
N11_新林_110.json,新林,110,社團法人中華音樂舞蹈暨表演藝術教育協會,中華音樂舞蹈暨表演藝術教育協會 | 明新學校明新科技大學,True,107年8月1日至111年7月31日,True,0,11726758,136,86226,True
N11_新林_111.json,新林,111,社團法人中華音樂舞蹈暨表演藝術教育協會,中華音樂舞蹈暨表演藝術教育協會 | 明新學校明新科技大學,True,111年8月1日至115年7月31日,True,1,13174878,136,96874,
N11_新林_112.json,新林,112,社團法人中華音樂舞蹈暨表演藝術教育協會,中華音樂舞蹈暨表演藝術教育協會 | 明新學校明新科技大學,True,111年8月1日至115年7月31日,True,0,14158405,136,104106,True
N11_新林_113.json,新林,113,社團法人中華音樂舞蹈暨表演藝術教育協會,中華音樂舞蹈暨表演藝術教育協會 | 明新學校明新科技大學,True,111年8月1日至115年7月31日,True,0,15965739,136,117395,True
N12_昌福_110.json,昌福,110,中華民國文教產業發展暨補習服務品保協會,中華民國文教產業發展暨補習服務品保協會 | 明新學校明新科技大學,True,107年8月1日至111年7月31日,True,0,12869777,90,142998,True
N12_昌福_111.json,昌福,111,中華民國文教產業發展暨補習服務品保協會,中華民國文教產業發展暨補習服務品保協會 | 明新學校明新科技大學,True,111年8月1日至115年7月31日,True,1,15230003,90,169222,
N12_昌福_112.json,昌福,112,中華民國文教產業發展暨補習服務品保協會,中華民國文教產業發展暨補習服務品保協會 | 明新學校明新科技大學,True,111年8月1日至115年7月31日,True,0,17984378,90,199826,True
N12_昌福_113.json,昌福,113,中華民國文教產業發展暨補習服務品保協會,中華民國文教產業發展暨補習服務品保協會 | 明新學校明新科技大學,True,111年8月1日至115年7月31日,True,0,18298425,90,203316,True
N13_三多_110.json,三多,110,廣亞學校財團法人設立之廣亞學校財團法人育達科技大學,中華巧耕多元教育發展協會 | 廣亞學校設立之廣亞學校育達科技大學,True,107年8月1日至111年7月31日,True,0,8749740,90,97219,True
N13_三多_111.json,三多,111,廣亞學校財團法人設立之廣亞學校財團法人育達科技大學,中華巧耕多元教育發展協會 | 廣亞學校設立之廣亞學校育達科技大學,True,111年8月1日至115年7月31日,True,1,10580125,90,117557,
N13_三多_112.json,三多,112,廣亞學校財團法人設立之廣亞學校財團法人育達科技大學,中華巧耕多元教育發展協會 | 廣亞學校設立之廣亞學校育達科技大學,True,111年8月1日至115年7月31日,True,0,12140571,90,134895,True
N13_三多_113.json,三多,113,廣亞學校財團法人設立之廣亞學校財團法人育達科技大學,中華巧耕多元教育發展協會 | 廣亞學校設立之廣亞學校育達科技大學,True,111年8月1日至115年7月31日,True,0,14243879,90,158265,True
N14_積穗_110.json,積穗,110,財團法人三之三生命教育基金會,三之三生命教育基金會,True,107年8月1日至111年7月31日,True,0,11337582,196,57845,True
N14_積穗_111.json,積穗,111,財團法人三之三生命教育基金會,三之三生命教育基金會,True,111年8月1日至115年7月31日,True,1,12699715,196,64794,
N14_積穗_112.json,積穗,112,財團法人三之三生命教育基金會,三之三生命教育基金會,True,111年8月1日至115年7月31日,True,0,13642596,196,69605,True
N14_積穗_113.json,積穗,113,財團法人三之三生命教育基金會,三之三生命教育基金會,True,111年8月1日至115年7月31日,True,0,20349085,196,103822,True
N15_新月_110.json,新月,110,財團法人彭婉如文教基金會,彭婉如文教基金會,True,107年8月1日至111年7月31日,True,0,19401326,484,40085,True
N15_新月_111.json,新月,111,財團法人彭婉如文教基金會,彭婉如文教基金會,True,111年8月1日至115年7月31日,True,1,23613572,484,48788,
N15_新月_112.json,新月,112,財團法人彭婉如文教基金會,彭婉如文教基金會,True,111年8月1日至115年7月31日,True,0,28197721,484,58260,True
N15_新月_113.json,新月,113,財團法人彭婉如文教基金會,彭婉如文教基金會,True,111年8月1日至115年7月31日,True,0,38951884,484,80479,True
N16_中平_110.json,中平,110,社團法人新北市中華國際嬰幼兒發展學會,新北市中華國際嬰幼兒發展學會,True,107年9月1日至111年7月31日,True,0,13245586,120,110380,True
N16_中平_111.json,中平,111,社團法人新北市中華國際嬰幼兒發展學會,新北市中華國際嬰幼兒發展學會,True,111年8月1日至115年7月31日,True,1,14928099,120,124401,
N16_中平_112.json,中平,112,社團法人新北市中華國際嬰幼兒發展學會,新北市中華國際嬰幼兒發展學會,True,111年8月1日至115年7月31日,True,0,16508965,120,137575,True
N16_中平_113.json,中平,113,社團法人新北市中華國際嬰幼兒發展學會,新北市中華國際嬰幼兒發展學會,True,111年8月1日至115年7月31日,True,0,18939217,120,157827,True
N17_中正_110.json,中正,110,財團法人三之三生命教育基金會,三之三生命教育基金會,True,108年2月1日至111年7月31日,True,0,9051665,136,66556,True
N17_中正_111.json,中正,111,財團法人三之三生命教育基金會,三之三生命教育基金會,True,111年8月1日至115年7月31日,True,1,11995442,136,88202,
N17_中正_112.json,中正,112,財團法人三之三生命教育基金會,三之三生命教育基金會,True,111年8月1日至115年7月31日,True,0,14697505,136,108070,True
N17_中正_113.json,中正,113,財團法人三之三生命教育基金會,三之三生命教育基金會,True,111年8月1日至115年7月31日,True,0,16974791,136,124815,True
N18_福營_110.json,福營,110,社團法人中華兆陽文教發展協會,中華兆陽文教發展協會,True,108年2月1日至111年7月31日,True,0,8737903,120,72816,True
N18_福營_111.json,福營,111,社團法人中華兆陽文教發展協會,中華兆陽文教發展協會,True,111年8月1日至115年7月31日,True,1,10181764,120,84848,
N18_福營_112.json,福營,112,社團法人中華兆陽文教發展協會,中華兆陽文教發展協會,True,111年8月1日至115年7月31日,True,0,10917011,120,90975,True
N18_福營_113.json,福營,113,社團法人中華兆陽文教發展協會,中華兆陽文教發展協會,True,111年8月1日至115年7月31日,True,0,12340115,120,102834,True
N19_中園_110.json,中園,110,財團法人成長文教基金會,成長文教基金會,True,108年8月1日至112年7月31日,True,0,10135266,136,74524,True
N19_中園_111.json,中園,111,財團法人成長文教基金會,成長文教基金會,True,108年8月1日至112年7月31日,True,0,12153842,136,89366,True
N19_中園_112.json,中園,112,財團法人成長文教基金會,成長文教基金會,True,112年8月1日至116年7月31日,True,1,15788923,136,116095,
N19_中園_113.json,中園,113,財團法人成長文教基金會,成長文教基金會,True,112年8月1日至116年7月31日,True,0,18211724,136,133910,True
N20_柏翠_110.json,柏翠,110,財團法人心路社會福利基金會,心路社會福利基金會,True,108年8月1日至112年7月31日（109年2月1日開園）,True,0,15594466,166,93943,True
N20_柏翠_111.json,柏翠,111,財團法人心路社會福利基金會,心路社會福利基金會,True,108年8月1日至112年7月31日（109年2月1日開園）,True,0,18095782,166,109011,True
N20_柏翠_112.json,柏翠,112,財團法人心路社會福利基金會,心路社會福利基金會,True,112年8月1日至116年7月31日,True,1,21019698,166,126625,
N20_柏翠_113.json,柏翠,113,財團法人心路社會福利基金會,心路社會福利基金會,True,112年8月1日至116年7月31日,True,0,24326929,166,146548,True
N21_文創_110.json,文創,110,財團法人三之三生命教育基金會,三之三生命教育基金會,True,109年2月1日至112年7月31日,True,0,10014973,90,111277,True
N21_文創_111.json,文創,111,財團法人三之三生命教育基金會,三之三生命教育基金會,True,109年2月1日至112年7月31日,True,0,12267786,90,136309,True
N21_文創_112.json,文創,112,財團法人三之三生命教育基金會,三之三生命教育基金會,True,112年8月1日至116年7月31日,True,1,15240944,90,169344,
N21_文創_113.json,文創,113,財團法人三之三生命教育基金會,三之三生命教育基金會,True,112年8月1日至116年7月31日,True,0,17920234,90,199114,True
N22_文仁_110.json,文仁,110,社團法人臺灣兒童教育發展協會,臺灣兒童教育發展協會,True,109年2月1日至112年7月31日,True,0,10389484,90,115439,True
N22_文仁_111.json,文仁,111,社團法人臺灣兒童教育發展協會,臺灣兒童教育發展協會,True,109年2月1日至112年7月31日,True,0,11895965,90,132177,True
N22_文仁_112.json,文仁,112,社團法人臺灣兒童教育發展協會,臺灣兒童教育發展協會,True,112年8月1日至116年7月31日,True,1,15536677,90,172630,
N22_文仁_113.json,文仁,113,社團法人臺灣兒童教育發展協會,臺灣兒童教育發展協會,True,112年8月1日至116年7月31日,True,0,17973243,90,199703,True
N23_菁湖_110.json,菁湖,110,財團法人三之三生命教育基金會,三之三生命教育基金會,True,109年8月1日至113年7月31日（110年2月1日開園）,True,0,7182174,106,67756,True
N23_菁湖_111.json,菁湖,111,財團法人三之三生命教育基金會,三之三生命教育基金會,True,109年8月1日至113年7月31日(110年2月1日開園),True,0,8789745,106,82922,True
N23_菁湖_112.json,菁湖,112,財團法人三之三生命教育基金會,三之三生命教育基金會,True,109年8月1日至113年7月31日（110年2月1日開園）,True,0,12050504,106,113684,True
N23_菁湖_113.json,菁湖,113,財團法人三之三生命教育基金會,三之三生命教育基金會,True,113年8月1日至117年7月31日,True,1,14595729,106,137696,
N24_佳林_110.json,佳林,110,社團法人臺灣兒童教育發展協會,臺灣兒童教育發展協會,True,110年8月1日至114年7月31日,True,1,8558039,90,95089,
N24_佳林_111.json,佳林,111,社團法人臺灣兒童教育發展協會,臺灣兒童教育發展協會,True,110年8月1日至114年7月31日,True,0,10544712,90,117163,True
N24_佳林_112.json,佳林,112,社團法人臺灣兒童教育發展協會,臺灣兒童教育發展協會,True,110年8月1日至114年7月31日,True,0,12772556,90,141917,True
N24_佳林_113.json,佳林,113,社團法人臺灣兒童教育發展協會,臺灣兒童教育發展協會,True,110年8月1日至114年7月31日,True,0,14165305,90,157392,True
N25_碧城_110.json,碧城,110,社團法人中華音樂舞蹈暨表演藝術教育協會,中華音樂舞蹈暨表演藝術教育協會 | 仁德醫護管理專科學校,True,110年8月1日至114年7月31日,True,1,9598458,120,79987,
N25_碧城_111.json,碧城,111,社團法人中華音樂舞蹈暨表演藝術教育協會,中華音樂舞蹈暨表演藝術教育協會 | 仁德醫護管理專科學校,True,110年8月1日至114年7月31日,True,0,10421178,120,86843,True
N25_碧城_112.json,碧城,112,社團法人中華音樂舞蹈暨表演藝術教育協會,中華音樂舞蹈暨表演藝術教育協會 | 仁德醫護管理專科學校,True,110年8月1日至114年7月31日,True,0,12457421,120,103812,True
N25_碧城_113.json,碧城,113,社團法人中華音樂舞蹈暨表演藝術教育協會,中華音樂舞蹈暨表演藝術教育協會 | 仁德醫護管理專科學校,True,110年8月1日至114年7月31日,True,0,11607567,120,96730,True
N26_新店及人_110.json,新店及人,110,財團法人新北市私立及人高級中學,新北市私立及人高級中學,True,110年8月1日至114年7月31日,True,1,7616424,120,63470,
N26_新店及人_111.json,新店及人,111,財團法人新北市私立及人高級中學,新北市私立及人高級中學,True,110年8月1日至114年7月31日,True,0,9912453,120,82604,True
N26_新店及人_112.json,新店及人,112,財團法人新北市私立及人高級中學,新北市私立及人高級中學,True,110年8月1日至114年7月31日,True,0,13048655,120,108739,True
N26_新店及人_113.json,新店及人,113,財團法人新北市私立及人高級中學,新北市私立及人高級中學,True,110年8月1日至114年7月31日,True,0,9835674,120,81964,True
N27_育平_110.json,育平,110,財團法人彭婉如文教基金會,彭婉如文教基金會,True,110年8月1日至114年7月31日,True,1,7225898,106,68169,
N27_育平_111.json,育平,111,財團法人彭婉如文教基金會,彭婉如文教基金會,True,110年8月1日至114年7月31日,True,0,10190076,106,96133,True
N27_育平_112.json,育平,112,財團法人彭婉如文教基金會,彭婉如文教基金會,True,110年8月1日至114年7月31日,True,0,13687046,106,129123,True
N27_育平_113.json,育平,113,財團法人彭婉如文教基金會,彭婉如文教基金會,True,110年8月1日至114年7月31日,True,0,15100924,106,142462,True
N28_新樂_110.json,新樂,110,財團法人三之三生命教育基金會,三之三生命教育基金會,True,111年2月1日至115年7月31日,True,1,11254617,212,53088,
N28_新樂_111.json,新樂,111,財團法人三之三生命教育基金會,三之三生命教育基金會,True,111年2月1日至115年7月31日,True,0,16704134,212,78793,True
N28_新樂_112.json,新樂,112,財團法人三之三生命教育基金會,三之三生命教育基金會,True,111年2月1日至115年7月31日,True,0,20766461,212,97955,True
N28_新樂_113.json,新樂,113,財團法人三之三生命教育基金會,三之三生命教育基金會,True,111年2月1日至115年7月31日,True,0,25238586,212,119050,True
N29_東湖_111.json,東湖,111,社團法人新北市巧湖溫馨關懷發展協會,新北市巧湖溫馨關懷發展協會,True,111年8月1日至115年7月31日(111年8月30日開園),True,1,16295950,242,67339,
N29_東湖_112.json,東湖,112,社團法人新北市巧湖溫馨關懷發展協會,新北市巧湖溫馨關懷發展協會,True,111年8月1日至115年7月31日（111年8月30日開園）,True,0,19579559,242,80907,True
N29_東湖_113.json,東湖,113,社團法人新北市巧湖溫馨關懷發展協會,新北市巧湖溫馨關懷發展協會,True,111年8月1日至115年7月31日（111年8月30日開園）,True,0,23878996,242,98674,True
N30_文中_111.json,文中,111,財團法人三之三生命教育基金會,三之三生命教育基金會 | 臺灣澄芽全人文教發展協會,True,111年8月1日至115年7月31日（111年9月30日開園）,True,1,2672191,106,25209,
N30_文中_112.json,文中,112,財團法人三之三生命教育基金會,三之三生命教育基金會 | 臺灣澄芽全人文教發展協會,True,111年8月1日至115年7月31日（111年9月30日開園）,True,0,9344160,106,88152,True
N30_文中_113.json,文中,113,財團法人三之三生命教育基金會,三之三生命教育基金會 | 臺灣澄芽全人文教發展協會,True,111年8月1日至115年7月31日（111年9月30日開園）,True,0,12185448,106,114957,True
N31_翠中_111.json,翠中,111,財團法人三之三生命教育基金會,三之三生命教育基金會,True,111年8月1日至115年7月31日（111年9月30日開園）,True,1,1748732,90,19430,
N31_翠中_112.json,翠中,112,財團法人三之三生命教育基金會,三之三生命教育基金會,True,111年8月1日至115年7月31日（111年9月30日開園）,True,0,6113870,90,67932,True
N31_翠中_113.json,翠中,113,財團法人三之三生命教育基金會,三之三生命教育基金會,True,111年8月1日至115年7月31日（111年9月30日開園）,True,0,7827218,90,86969,True
N32_板橋員工子女_111.json,板橋員工子女,111,財團法人台北基督教女青年會,台北基督教女青年會,True,111年8月1日至115年7月31日,True,1,10797955,166,65048,
N32_板橋員工子女_112.json,板橋員工子女,112,財團法人台北基督教女青年會,台北基督教女青年會,True,111年8月1日至115年7月31日,True,0,13503665,166,81347,True
N32_板橋員工子女_113.json,板橋員工子女,113,財團法人台北基督教女青年會,台北基督教女青年會,True,111年8月1日至115年7月31日,True,0,16798729,166,101197,True
N33_淡海_112.json,淡海,112,財團法人三之三生命教育基金會,三之三生命教育基金會,True,112年8月1日至116年7月31日（112年9月28日開園）,True,1,14290330,182,78518,
N33_淡海_113.json,淡海,113,財團法人三之三生命教育基金會,三之三生命教育基金會,True,112年8月1日至116年7月31日（112年9月28日開園）,True,0,14871527,182,81712,True
N34_佳和_112.json,佳和,112,康寧學校財團法人康寧大學,康寧學校康寧大學,True,112年8月1日至116年7月31日（112年9月28日開園）,True,1,11453904,106,108056,
N34_佳和_113.json,佳和,113,康寧學校財團法人康寧大學,康寧學校康寧大學,True,112年8月1日至116年7月31日（112年9月28日開園）,True,0,13742444,106,129646,True
N35_桃子腳_113.json,桃子腳,113,財團法人三之三生命教育基金會,三之三生命教育基金會,True,113年8月1日至117年7月31日（113年8月30日開園）,True,1,14039173,242,58013,
N36_明德_113.json,明德,113,社團法人中華幼兒創造思考教育學會,中華幼兒創造思考教育學會,True,113年8月1日至117年7月31日（113年9月27日開園）,True,1,8770380,106,82739,
N37_清水高中_113.json,清水高中,113,財團法人台北市中華基督教青年會,台北市中華基督教青年會,True,113年8月1日至117年7月31日（113年9月27日開園）,True,1,6816722,90,75741,
N38_崁頂_113.json,崁頂,113,財團法人三之三生命教育基金會,三之三生命教育基金會,True,113年8月1日至117年7月31日（113年9月27日開園）,True,1,28517394,272,104843,
