code,short_name,academic_year,kind,feature,label,value,z_raw,z_capped,is_anomalous,percentile,peer_median,n_peers_with_feature
N30,文中,111,level,enrolment_utilisation,招收利用率,0.698113,-21.407,8.0,True,3.1,0.9911165,32
N30,文中,111,level,liability_share,負債占資產比,1.2060810772882626,7.685,7.685,True,96.9,0.8363614671922941,32
N30,文中,111,level,surplus_margin,本期餘絀率,-0.0785888687936881,-4.837,4.837,True,6.2,0.023286878832222573,32
N31,翠中,111,level,enrolment_utilisation,招收利用率,0.7,-21.269,8.0,True,6.2,0.9911165,32
N31,翠中,111,level,liability_share,負債占資產比,1.296212913127912,9.558,8.0,True,100.0,0.8363614671922941,32
N31,翠中,111,level,surplus_margin,本期餘絀率,-0.09210472972972973,-5.479,5.479,True,3.1,0.023286878832222573,32
N09,安興,113,level,liability_share,負債占資產比,0.405800621471249,-9.854,8.0,True,5.3,0.8679265700642219,38
N09,安興,113,level,liquidity,流動比率,2.902365015109949,7.568,7.568,True,97.4,1.4548194416151203,38
N09,安興,113,level,unbudgeted_share,未編列預算支出占比,1.371439177170833,6.307,6.307,True,100.0,0.4259262245674794,38
N09,安興,113,change,liability_share,負債占資產比 年變動,-0.4340741934102194,-6.202,6.202,True,2.9,-0.004253444748014479,34
N09,安興,113,change,liquidity,流動比率 年變動,1.2546341392812064,5.231,5.231,True,97.1,0.1230764853307057,34
N09,安興,113,change,unbudgeted_share,未編列預算支出占比 年變動,0.5718236079291706,4.655,4.655,True,100.0,0.05920589352174077,34
N26,新店及人,113,level,liquidity,流動比率,5.735519747794556,22.381,8.0,True,100.0,1.4548194416151203,38
N26,新店及人,113,level,liability_share,負債占資產比,0.2709094465717347,-12.73,8.0,True,2.6,0.8679265700642219,38
N26,新店及人,113,level,enrolment_utilisation,招收利用率,0.576923,-9.545,8.0,True,2.6,0.9737865,38
N26,新店及人,113,change,enrolment_utilisation,招收利用率 年變動,-0.42307700000000004,-15.196,8.0,True,2.9,-0.011814000000000047,34
N26,新店及人,113,change,liquidity,流動比率 年變動,3.3734823941859453,15.027,8.0,True,100.0,0.1230764853307057,34
N26,新店及人,113,change,cost_per_child,每生成本 年變動,117428.033333,6.761,6.761,True,100.0,26430.384738000008,34
N26,新店及人,112,level,liability_share,負債占資產比,0.5286159378112151,-6.541,6.541,True,2.9,0.8708870612773192,34
N26,新店及人,112,level,prepaid_coverage,預收款覆蓋倍數,3.972778,5.48,5.48,True,100.0,2.026466,34
N26,新店及人,112,level,surplus_margin,本期餘絀率,0.17771250167852826,5.017,5.017,True,100.0,0.010057057267209894,34
N26,新店及人,112,change,liability_share,負債占資產比 年變動,-0.128562361041753,-5.248,5.248,True,9.4,0.01710253368345449,32
N26,新店及人,112,change,staff_ratio,師生比（每師幼兒數） 年變動,-1.2222220000000004,-5.073,5.073,True,15.6,0.0,32
N26,新店及人,112,change,prepaid_coverage,預收款覆蓋倍數 年變動,0.9088219999999998,5.035,5.035,True,100.0,-0.08096199999999998,32
N20,柏翠,113,level,liability_share,負債占資產比,0.4671361518751504,-8.546,8.0,True,7.9,0.8679265700642219,38
N20,柏翠,113,level,liquidity,流動比率,2.7455706516129736,6.749,6.749,True,94.7,1.4548194416151203,38
N20,柏翠,113,level,prepaid_coverage,預收款覆蓋倍數,4.177378,4.883,4.883,True,100.0,2.2146965,34
N20,柏翠,113,change,prepaid_coverage,預收款覆蓋倍數 年變動,1.238372,3.0,3.0,False,100.0,0.2649834999999999,30
N20,柏翠,113,change,liquidity,流動比率 年變動,0.6042652552359757,2.225,2.225,False,91.2,0.1230764853307057,34
N20,柏翠,113,change,liability_share,負債占資產比 年變動,-0.11235737843151722,-1.56,1.56,False,14.7,-0.004253444748014479,34
N25,碧城,113,level,liability_share,負債占資產比,0.521957185342975,-7.377,7.377,True,10.5,0.8679265700642219,38
N25,碧城,113,level,liquidity,流動比率,2.4181962329425333,5.037,5.037,True,92.1,1.4548194416151203,38
N25,碧城,113,level,unbudgeted_share,未編列預算支出占比,1.030515352453191,4.033,4.033,True,97.4,0.4259262245674794,38
N25,碧城,113,change,liability_share,負債占資產比 年變動,-0.34109849849399254,-4.86,4.86,True,5.9,-0.004253444748014479,34
N25,碧城,113,change,liquidity,流動比率 年變動,0.9896829235149907,4.006,4.006,True,94.1,0.1230764853307057,34
N25,碧城,113,change,unbudgeted_share,未編列預算支出占比 年變動,0.3574494537075864,2.708,2.708,False,97.1,0.05920589352174077,34
N07,北大,113,level,liability_share,負債占資產比,0.6256893144749419,-5.165,5.165,True,13.2,0.8679265700642219,38
N07,北大,113,level,personnel_execution,人事費執行率,1.048777,3.664,3.664,True,100.0,0.8737079999999999,38
N07,北大,113,level,enrolment_utilisation,招收利用率,0.845679,-3.081,3.081,False,5.3,0.9737865,38
N07,北大,113,change,enrolment_utilisation,招收利用率 年變動,-0.14333200000000001,-4.86,4.86,True,5.9,-0.011814000000000047,34
N07,北大,113,change,liability_share,負債占資產比 年變動,-0.25719661149968587,-3.65,3.65,True,11.8,-0.004253444748014479,34
N07,北大,113,change,staff_ratio,師生比（每師幼兒數） 年變動,-2.5294109999999996,-2.416,2.416,False,11.8,-0.8730770000000003,34
N04,海工,112,level,repair_execution,修繕購置費執行率,1.71244,5.365,5.365,True,97.1,0.9000075000000001,34
N04,海工,112,level,admin_share,行政管理費占收入比,0.009966749818878472,-3.299,3.299,False,11.8,0.016101454870890788,34
N04,海工,112,level,personnel_execution,人事費執行率,0.607973,-2.614,2.614,False,5.9,0.84284,34
N04,海工,112,change,staff_ratio,師生比（每師幼兒數） 年變動,-3.0,-12.452,8.0,True,6.2,0.0,32
N04,海工,112,change,personnel_execution,人事費執行率 年變動,-0.25385,-2.528,2.528,False,6.2,-0.014261999999999997,32
N04,海工,112,change,maintenance_execution,維護費執行率 年變動,-0.56299,-2.19,2.19,False,3.1,0.01649450000000005,32
N33,淡海,112,level,repair_execution,修繕購置費執行率,1.659003,5.012,5.012,True,94.1,0.9000075000000001,34
N33,淡海,112,level,surplus_margin,本期餘絀率,0.1769541943689684,4.994,4.994,True,97.1,0.010057057267209894,34
N33,淡海,112,level,enrolment_utilisation,招收利用率,0.934066,-4.746,4.746,True,5.9,0.9976415000000001,34
N26,新店及人,111,level,surplus_margin,本期餘絀率,0.12900330703909807,5.019,5.019,True,100.0,0.023286878832222573,32
N26,新店及人,111,level,liability_share,負債占資產比,0.6571782988529681,-3.724,3.724,True,6.2,0.8363614671922941,32
N26,新店及人,111,level,material_share,材料費占支出比,0.1580194094325616,2.709,2.709,False,100.0,0.10388289883837544,32
N26,新店及人,111,change,liability_share,負債占資產比 年變動,-0.12321536095378638,-6.345,6.345,True,3.6,-0.0018480658889512003,28
N26,新店及人,111,change,material_share,材料費占支出比 年變動,0.010788194851886812,1.367,1.367,False,96.4,-0.005493257467774744,28
N26,新店及人,111,change,personnel_execution,人事費執行率 年變動,0.06262800000000002,1.156,1.156,False,96.4,0.001749500000000015,28
N36,明德,113,level,admin_share,行政管理費占收入比,0.00567647367937046,-4.539,4.539,True,2.6,0.015088349207645482,38
N36,明德,113,level,repair_execution,修繕購置費執行率,2.11475,4.337,4.337,True,94.7,0.9534795,38
N36,明德,113,level,operating_share,業務費占支出比,0.056943574973199386,2.902,2.902,False,100.0,0.029921565868424968,38
N28,新樂,110,level,enrolment_utilisation,招收利用率,0.966981,-3.675,3.675,True,10.7,0.9972525,28
N28,新樂,110,level,cost_per_child,每生成本,47408.839024,-3.634,3.634,True,3.6,114001.36568650001,28
N28,新樂,110,level,repair_execution,修繕購置費執行率,1.407898,2.261,2.261,False,89.3,0.9531855,28
N20,柏翠,112,level,liability_share,負債占資產比,0.5794935303066676,-5.569,5.569,True,5.9,0.8708870612773192,34
N20,柏翠,112,level,liquidity,流動比率,2.141305396376998,3.289,3.289,False,97.1,1.4487267346933002,34
N20,柏翠,112,level,surplus_margin,本期餘絀率,0.1142906906693713,3.119,3.119,False,91.2,0.010057057267209894,34
N20,柏翠,112,change,admin_share,行政管理費占收入比 年變動,0.006593971305342582,5.59,5.59,True,90.0,-0.0011523052073691125,30
N20,柏翠,112,change,staff_ratio,師生比（每師幼兒數） 年變動,-0.9120879999999989,-3.786,3.786,True,18.8,0.0,32
N20,柏翠,112,change,liability_share,負債占資產比 年變動,-0.06941498329058948,-3.117,3.117,False,12.5,0.01710253368345449,32
N21,文創,110,level,enrolment_utilisation,招收利用率,0.944444,-6.412,6.412,True,3.6,0.9972525,28
N21,文創,110,level,repair_execution,修繕購置費執行率,0.290143,-3.297,3.297,False,7.1,0.9531855,28
N21,文創,110,level,personnel_share,人事費占支出比,0.49423839899861816,-2.166,2.166,False,3.6,0.5970925611927911,28
N26,新店及人,110,level,material_share,材料費占支出比,0.14723121458067479,2.569,2.569,False,100.0,0.10767980692626358,28
N26,新店及人,110,level,personnel_execution,人事費執行率,0.752703,-2.216,2.216,False,3.6,0.8699779999999999,28
N26,新店及人,110,level,liquidity,流動比率,1.7731625150007793,2.072,2.072,False,96.4,1.4473931643757774,28
N20,柏翠,111,level,liability_share,負債占資產比,0.6489085135972571,-3.896,3.896,True,3.1,0.8363614671922941,32
N20,柏翠,111,level,surplus_margin,本期餘絀率,0.08522945709077759,2.941,2.941,False,90.6,0.023286878832222573,32
N20,柏翠,111,level,liquidity,流動比率,1.8228690711760651,1.939,1.939,False,96.9,1.4490537800989065,32
N20,柏翠,111,change,staff_ratio,師生比（每師幼兒數） 年變動,0.9120879999999989,2.743,2.743,False,85.7,0.0,28
N20,柏翠,111,change,liability_share,負債占資產比 年變動,-0.049524892201953996,-2.493,2.493,False,14.3,-0.0018480658889512003,28
N20,柏翠,111,change,operating_share,業務費占支出比 年變動,0.0017959377288856923,1.114,1.114,False,85.7,-0.0024134526648067894,28
N23,菁湖,112,level,admin_share,行政管理費占收入比,0.009640427074008986,-3.474,3.474,False,8.8,0.016101454870890788,34
N23,菁湖,112,level,personnel_execution,人事費執行率,0.594515,-2.764,2.764,False,2.9,0.84284,34
N23,菁湖,112,level,enrolment_utilisation,招收利用率,0.962264,-2.641,2.641,False,14.7,0.9976415000000001,34
N23,菁湖,112,change,personnel_execution,人事費執行率 年變動,-0.26295599999999997,-2.624,2.624,False,3.1,-0.014261999999999997,32
N23,菁湖,112,change,unbudgeted_share,未編列預算支出占比 年變動,0.3558749810465382,1.753,1.753,False,93.8,0.13144718628319257,32
N23,菁湖,112,change,personnel_share,人事費占支出比 年變動,-0.21343223476421158,-1.716,1.716,False,3.1,-0.05825325593209474,32
N29,東湖,111,level,surplus_margin,本期餘絀率,0.10946592137285778,4.092,4.092,True,96.9,0.023286878832222573,32
N29,東湖,111,level,enrolment_utilisation,招收利用率,0.946281,-3.276,3.276,False,12.5,0.9911165,32
N29,東湖,111,level,cost_per_child,每生成本,93950.978166,-2.424,2.424,False,3.1,125068.287718,32
N04,海工,110,level,repair_execution,修繕購置費執行率,2.33025,6.847,6.847,True,100.0,0.9531855,28
N04,海工,110,level,liquidity,流動比率,1.8124472302522323,2.321,2.321,False,100.0,1.4473931643757774,28
N04,海工,110,level,material_share,材料費占支出比,0.1409151036400144,2.159,2.159,False,96.4,0.10767980692626358,28
N09,安興,112,level,enrolment_utilisation,招收利用率,0.95,-3.556,3.556,True,8.8,0.9976415000000001,34
N09,安興,112,level,personnel_execution,人事費執行率,0.638058,-2.279,2.279,False,11.8,0.84284,34
N09,安興,112,level,prepaid_coverage,預收款覆蓋倍數,2.754916,2.051,2.051,False,91.2,2.026466,34
N09,安興,112,change,staff_ratio,師生比（每師幼兒數） 年變動,-3.5999999999999996,-14.943,8.0,True,3.1,0.0,32
N09,安興,112,change,enrolment_utilisation,招收利用率 年變動,-0.050000000000000044,-3.796,3.796,True,3.1,0.0,32
N09,安興,112,change,maintenance_execution,維護費執行率 年變動,-0.53029,-2.066,2.066,False,6.2,0.01649450000000005,32
N03,龍埔成長,112,level,admin_share,行政管理費占收入比,0.008331385525532685,-4.178,4.178,True,2.9,0.016101454870890788,34
N03,龍埔成長,112,level,personnel_execution,人事費執行率,0.633258,-2.333,2.333,False,8.8,0.84284,34
N03,龍埔成長,112,level,prepaid_coverage,預收款覆蓋倍數,2.677026,1.832,1.832,False,85.3,2.026466,34
N03,龍埔成長,112,change,personnel_execution,人事費執行率 年變動,-0.19206999999999996,-1.876,1.876,False,12.5,-0.014261999999999997,32
N03,龍埔成長,112,change,personnel_share,人事費占支出比 年變動,-0.1877490246698259,-1.432,1.432,False,9.4,-0.05825325593209474,32
N03,龍埔成長,112,change,unbudgeted_share,未編列預算支出占比 年變動,0.31057692395217995,1.399,1.399,False,84.4,0.13144718628319257,32
N37,清水高中,113,level,repair_execution,修繕購置費執行率,2.000738,3.912,3.912,True,92.1,0.9534795,38
N37,清水高中,113,level,enrolment_utilisation,招收利用率,0.888889,-2.042,2.042,False,10.5,0.9737865,38
N37,清水高中,113,level,liability_share,負債占資產比,0.7898020485506083,-1.666,1.666,False,18.4,0.8679265700642219,38
N35,桃子腳,113,level,material_share,材料費占支出比,0.11637660519397273,2.425,2.425,False,97.4,0.08848002913557224,38
N35,桃子腳,113,level,cost_per_child,每生成本,114005.769231,-2.256,2.256,False,5.3,164419.5546215,38
N35,桃子腳,113,level,maintenance_execution,維護費執行率,0.157429,-1.919,1.919,False,2.6,0.705515,38
N31,翠中,112,level,repair_execution,修繕購置費執行率,1.437302,3.548,3.548,True,91.2,0.9000075000000001,34
N31,翠中,112,level,material_share,材料費占支出比,0.13319673361362777,2.001,2.001,False,97.1,0.09698103627057134,34
N31,翠中,112,level,surplus_margin,本期餘絀率,0.07430062348866351,1.922,1.922,False,88.2,0.010057057267209894,34
N31,翠中,112,change,enrolment_utilisation,招收利用率 年變動,0.2777780000000001,21.091,8.0,True,96.9,0.0,32
N31,翠中,112,change,liability_share,負債占資產比 年變動,-0.3558155870480314,-13.436,8.0,True,3.1,0.01710253368345449,32
N31,翠中,112,change,staff_ratio,師生比（每師幼兒數） 年變動,2.0,8.301,8.0,True,96.9,0.0,32
N04,海工,111,level,repair_execution,修繕購置費執行率,1.988083,4.178,4.178,True,96.9,0.921075,32
N04,海工,111,level,staff_ratio,師生比（每師幼兒數）,15.0,2.987,2.987,False,100.0,11.125,32
N04,海工,111,level,liquidity,流動比率,1.8261274032365604,1.955,1.955,False,100.0,1.4490537800989065,32
N04,海工,111,change,staff_ratio,師生比（每師幼兒數） 年變動,3.0,9.021,8.0,True,100.0,0.0,28
N04,海工,111,change,agency_share,代收代付等占收入比 年變動,0.0503444101362832,0.931,0.931,False,95.7,-0.014423377115495434,23
N04,海工,111,change,repair_execution,修繕購置費執行率 年變動,-0.3421669999999999,-0.706,0.706,False,25.0,-0.139139,28
N10,大觀,110,level,enrolment_utilisation,招收利用率,0.971698,-3.103,3.103,False,14.3,0.9972525,28
N10,大觀,110,level,repair_execution,修繕購置費執行率,1.49254,2.682,2.682,False,92.9,0.9531855,28
N10,大觀,110,level,personnel_execution,人事費執行率,0.97731,2.028,2.028,False,100.0,0.8699779999999999,28
N25,碧城,110,level,repair_execution,修繕購置費執行率,1.84756,4.447,4.447,True,96.4,0.9531855,28
N25,碧城,110,level,staff_ratio,師生比（每師幼兒數）,13.222222,1.645,1.645,False,96.4,10.957237,28
N25,碧城,110,level,maintenance_execution,維護費執行率,0.160958,-1.431,1.431,False,3.6,0.5819829999999999,28
N27,育平,111,level,enrolment_utilisation,招收利用率,0.90566,-6.244,6.244,True,9.4,0.9911165,32
N27,育平,111,level,liability_share,負債占資產比,0.7548802383809502,-1.694,1.694,False,12.5,0.8363614671922941,32
N27,育平,111,level,operating_share,業務費占支出比,0.019875433999768637,-1.219,1.219,False,9.4,0.033348442615767,32
N27,育平,111,change,enrolment_utilisation,招收利用率 年變動,-0.08490599999999993,-7.302,7.302,True,3.6,0.0,28
N27,育平,111,change,liability_share,負債占資產比 年變動,0.06606744307163359,3.551,3.551,True,100.0,-0.0018480658889512003,28
N27,育平,111,change,cost_per_child,每生成本 年變動,40322.26577299999,3.541,3.541,True,96.4,13241.603875,28
N05,漢翔,113,level,personnel_execution,人事費執行率,0.724465,-3.123,3.123,False,2.6,0.8737079999999999,38
N05,漢翔,113,level,liquidity,流動比率,2.0365038875707246,3.041,3.041,False,89.5,1.4548194416151203,38
N05,漢翔,113,level,material_share,材料費占支出比,0.07000745840752222,-1.606,1.606,False,2.6,0.08848002913557224,38
N05,漢翔,113,change,unbudgeted_share,未編列預算支出占比 年變動,-0.35427386306782266,-3.754,3.754,True,11.8,0.05920589352174077,34
N05,漢翔,113,change,admin_share,行政管理費占收入比 年變動,0.006255897983143414,2.687,2.687,False,94.1,-0.0009943702611826082,34
N05,漢翔,113,change,staff_ratio,師生比（每師幼兒數） 年變動,0.7857140000000005,2.419,2.419,False,100.0,-0.8730770000000003,34
N38,崁頂,113,level,cost_per_child,每生成本,111384.855,-2.373,2.373,False,2.6,164419.5546215,38
N38,崁頂,113,level,enrolment_utilisation,招收利用率,0.892857,-1.946,1.946,False,13.2,0.9737865,38
N38,崁頂,113,level,maintenance_execution,維護費執行率,0.203123,-1.759,1.759,False,5.3,0.705515,38
N27,育平,110,level,liability_share,負債占資產比,0.6888127953093166,-3.148,3.148,False,3.6,0.8405693418385198,28
N27,育平,110,level,surplus_margin,本期餘絀率,0.1776091525535916,1.674,1.674,False,100.0,0.06996550580607824,28
N27,育平,110,level,admin_share,行政管理費占收入比,0.01893159493960036,1.431,1.431,False,92.9,0.010741628386169315,28
N05,漢翔,112,level,admin_share,行政管理費占收入比,0.008720365781582159,-3.969,3.969,True,5.9,0.016101454870890788,34
N05,漢翔,112,level,personnel_execution,人事費執行率,0.684679,-1.76,1.76,False,14.7,0.84284,34
N05,漢翔,112,level,cost_per_child,每生成本,166493.618421,1.653,1.653,False,97.1,136616.71178800002,34
N05,漢翔,112,change,repair_execution,修繕購置費執行率 年變動,0.6159680000000001,2.649,2.649,False,93.8,-0.01305100000000009,32
N05,漢翔,112,change,personnel_execution,人事費執行率 年變動,-0.20906199999999997,-2.055,2.055,False,9.4,-0.014261999999999997,32
N05,漢翔,112,change,maintenance_execution,維護費執行率 年變動,-0.49720300000000006,-1.941,1.941,False,9.4,0.01649450000000005,32
N04,海工,113,level,repair_execution,修繕購置費執行率,3.482842,9.447,8.0,True,100.0,0.9534795,38
N04,海工,113,level,operating_share,業務費占支出比,0.04418615530376686,1.532,1.532,False,97.4,0.029921565868424968,38
N04,海工,113,level,surplus_margin,本期餘絀率,-0.06227518752858147,-1.026,1.026,False,13.5,0.02967699948537467,37
N04,海工,113,change,repair_execution,修繕購置費執行率 年變動,1.7704020000000003,5.358,5.358,True,100.0,-0.0031589999999999674,34
N04,海工,113,change,unbudgeted_share,未編列預算支出占比 年變動,-0.4686309392020702,-4.793,4.793,True,5.9,0.05920589352174077,34
N04,海工,113,change,personnel_execution,人事費執行率 年變動,0.28459900000000005,2.874,2.874,False,100.0,0.006665000000000032,34
N32,板橋員工子女,111,level,surplus_margin,本期餘絀率,0.10634869138977532,3.944,3.944,True,93.8,0.023286878832222573,32
N32,板橋員工子女,111,level,prepaid_coverage,預收款覆蓋倍數,1.664818,-1.242,1.242,False,9.4,2.169097,32
N32,板橋員工子女,111,level,operating_share,業務費占支出比,0.01999841365811758,-1.208,1.208,False,12.5,0.033348442615767,32
N09,安興,111,level,staff_ratio,師生比（每師幼兒數）,15.0,2.987,2.987,False,100.0,11.125,32
N09,安興,111,level,maintenance_execution,維護費執行率,1.466946,2.518,2.518,False,100.0,0.5969705000000001,32
N09,安興,111,level,cost_per_child,每生成本,148063.166667,1.791,1.791,False,96.9,125068.287718,32
N09,安興,111,change,staff_ratio,師生比（每師幼兒數） 年變動,3.0,9.021,8.0,True,100.0,0.0,28
N09,安興,111,change,operating_share,業務費占支出比 年變動,0.009040323627199105,3.031,3.031,False,100.0,-0.0024134526648067894,28
N09,安興,111,change,prepaid_coverage,預收款覆蓋倍數 年變動,-0.28291900000000014,-1.434,1.434,False,14.3,-0.0023285000000000666,28
N22,文仁,111,level,repair_execution,修繕購置費執行率,0.371286,-2.153,2.153,False,9.4,0.921075,32
N22,文仁,111,level,prepaid_coverage,預收款覆蓋倍數,2.88654,1.767,1.767,False,93.8,2.169097,32
N22,文仁,111,level,agency_share,代收代付等占收入比,0.031911346785844695,-1.744,1.744,False,11.1,0.12727953993333513,27
N22,文仁,111,change,prepaid_coverage,預收款覆蓋倍數 年變動,-0.37002099999999993,-1.879,1.879,False,7.1,-0.0023285000000000666,28
N22,文仁,111,change,agency_share,代收代付等占收入比 年變動,-0.10921058893853983,-1.363,1.363,False,8.7,-0.014423377115495434,23
N22,文仁,111,change,personnel_execution,人事費執行率 年變動,-0.05673499999999998,-1.11,1.11,False,7.1,0.001749500000000015,28
N16,中平,112,level,repair_execution,修繕購置費執行率,1.949155,6.928,6.928,True,100.0,0.9000075000000001,34
N16,中平,112,level,surplus_margin,本期餘絀率,-0.02468308818889033,-1.04,1.04,False,11.8,0.010057057267209894,34
N16,中平,112,level,maintenance_execution,維護費執行率,0.332105,-0.937,0.937,False,14.7,0.683822,34
N16,中平,112,change,repair_execution,修繕購置費執行率 年變動,1.246697,5.305,5.305,True,100.0,-0.01305100000000009,32
N16,中平,112,change,unbudgeted_share,未編列預算支出占比 年變動,-0.06150030157072961,-1.507,1.507,False,18.8,0.13144718628319257,32
N16,中平,112,change,cost_per_child,每生成本 年變動,-356.6083329999965,-1.393,1.393,False,6.2,12999.889775500007,32
N21,文創,111,level,personnel_execution,人事費執行率,0.756822,-1.998,1.998,False,6.2,0.855694,32
N21,文創,111,level,prepaid_coverage,預收款覆蓋倍數,2.877272,1.745,1.745,False,90.6,2.169097,32
N21,文創,111,level,repair_execution,修繕購置費執行率,0.491198,-1.683,1.683,False,18.8,0.921075,32
N21,文創,111,change,enrolment_utilisation,招收利用率 年變動,0.033334000000000086,2.867,2.867,False,100.0,0.0,28
N21,文創,111,change,liquidity,流動比率 年變動,0.17478933021136278,1.859,1.859,False,100.0,0.02431861559820392,28
N21,文創,111,change,cost_per_child,每生成本 年變動,1934.3276740000001,-1.478,1.478,False,10.7,13241.603875,28
N05,漢翔,111,level,cost_per_child,每生成本,156182.539474,2.424,2.424,False,100.0,125068.287718,32
N05,漢翔,111,level,repair_execution,修繕購置費執行率,0.433929,-1.907,1.907,False,15.6,0.921075,32
N05,漢翔,111,level,maintenance_execution,維護費執行率,1.248008,1.884,1.884,False,96.9,0.5969705000000001,32
N05,漢翔,111,change,maintenance_execution,維護費執行率 年變動,0.549754,1.671,1.671,False,96.4,0.08272000000000004,28
N05,漢翔,111,change,repair_execution,修繕購置費執行率 年變動,-0.615451,-1.657,1.657,False,10.7,-0.139139,28
N05,漢翔,111,change,material_share,材料費占支出比 年變動,0.009124455530038766,1.227,1.227,False,92.9,-0.005493257467774744,28
N24,佳林,113,level,prepaid_coverage,預收款覆蓋倍數,3.431504,3.027,3.027,False,97.1,2.2146965,34
N24,佳林,113,level,repair_execution,修繕購置費執行率,0.404011,-2.052,2.052,False,5.3,0.9534795,38
N24,佳林,113,level,personnel_execution,人事費執行率,0.7844,-1.869,1.869,False,10.5,0.8737079999999999,38
N24,佳林,113,change,staff_ratio,師生比（每師幼兒數） 年變動,-1.75,-1.279,1.279,False,23.5,-0.8730770000000003,34
N24,佳林,113,change,operating_share,業務費占支出比 年變動,0.0015124571968549855,1.098,1.098,False,88.2,-0.0017595773188904089,34
N24,佳林,113,change,material_share,材料費占支出比 年變動,-0.017945657728217657,-0.946,0.946,False,26.5,-0.008118120256628614,34
N27,育平,112,level,liquidity,流動比率,1.949678153427113,2.379,2.379,False,94.1,1.4487267346933002,34
N27,育平,112,level,liability_share,負債占資產比,0.7615633789789265,-2.089,2.089,False,11.8,0.8708870612773192,34
N27,育平,112,level,personnel_execution,人事費執行率,0.686925,-1.735,1.735,False,20.6,0.84284,34
N27,育平,112,change,enrolment_utilisation,招收利用率 年變動,0.09433999999999998,7.163,7.163,True,93.8,0.0,32
N27,育平,112,change,staff_ratio,師生比（每師幼兒數） 年變動,1.0,4.151,4.151,True,90.6,0.0,32
N27,育平,112,change,liquidity,流動比率 年變動,0.279668756945201,1.958,1.958,False,87.5,0.006183063287862556,32
N30,文中,112,level,surplus_margin,本期餘絀率,0.1149145361171294,3.138,3.138,False,94.1,0.010057057267209894,34
N30,文中,112,level,repair_execution,修繕購置費執行率,1.13343,1.541,1.541,False,85.3,0.9000075000000001,34
N30,文中,112,level,cost_per_child,每生成本,111031.716981,-1.415,1.415,False,8.8,136616.71178800002,34
N30,文中,112,change,enrolment_utilisation,招收利用率 年變動,0.301887,22.921,8.0,True,100.0,0.0,32
N30,文中,112,change,staff_ratio,師生比（每師幼兒數） 年變動,3.1999999999999993,13.282,8.0,True,100.0,0.0,32
N30,文中,112,change,liability_share,負債占資產比 年變動,-0.3106790293781241,-11.81,8.0,True,6.2,0.01710253368345449,32
N18,福營,113,level,liability_share,負債占資產比,0.7326266408376259,-2.885,2.885,False,15.8,0.8679265700642219,38
N18,福營,113,level,prepaid_coverage,預收款覆蓋倍數,3.070735,2.13,2.13,False,94.1,2.2146965,34
N18,福營,113,level,material_share,材料費占支出比,0.1088471071055534,1.77,1.77,False,94.7,0.08848002913557224,38
N18,福營,113,change,prepaid_coverage,預收款覆蓋倍數 年變動,0.7970290000000002,1.64,1.64,False,96.7,0.2649834999999999,30
N18,福營,113,change,surplus_margin,本期餘絀率 年變動,0.07307314638699833,0.672,0.672,False,78.8,0.00010936846277805577,33
N18,福營,113,change,liability_share,負債占資產比 年變動,-0.04967430215858437,-0.655,0.655,False,23.5,-0.004253444748014479,34
N09,安興,110,level,maintenance_execution,維護費執行率,1.204215,2.115,2.115,False,100.0,0.5819829999999999,28
N09,安興,110,level,personnel_share,人事費占支出比,0.5126079262897764,-1.779,1.779,False,10.7,0.5970925611927911,28
N09,安興,110,level,prepaid_coverage,預收款覆蓋倍數,2.862803,1.549,1.549,False,92.9,2.202604,28
N02,山北,113,level,repair_execution,修繕購置費執行率,2.396246,5.389,5.389,True,97.4,0.9534795,38
N02,山北,113,level,material_share,材料費占支出比,0.07373964263188099,-1.281,1.281,False,5.3,0.08848002913557224,38
N02,山北,113,level,maintenance_execution,維護費執行率,0.378212,-1.146,1.146,False,15.8,0.705515,38
N02,山北,113,change,repair_execution,修繕購置費執行率 年變動,1.5416670000000001,4.667,4.667,True,97.1,-0.0031589999999999674,34
N02,山北,113,change,maintenance_execution,維護費執行率 年變動,-0.316415,-1.395,1.395,False,5.9,0.0985965,34
N02,山北,113,change,staff_ratio,師生比（每師幼兒數） 年變動,-0.40000000000000036,0.69,0.69,False,88.2,-0.8730770000000003,34
N34,佳和,112,level,enrolment_utilisation,招收利用率,0.95283,-3.345,3.345,False,11.8,0.9976415000000001,34
N34,佳和,112,level,liability_share,負債占資產比,0.9872750810553328,2.224,2.224,False,100.0,0.8708870612773192,34
N34,佳和,112,level,admin_share,行政管理費占收入比,0.01916715824709882,1.649,1.649,False,100.0,0.016101454870890788,34
N24,佳林,112,level,prepaid_coverage,預收款覆蓋倍數,2.908186,2.483,2.483,False,94.1,2.026466,34
N24,佳林,112,level,repair_execution,修繕購置費執行率,0.680746,-1.448,1.448,False,11.8,0.9000075000000001,34
N24,佳林,112,level,surplus_margin,本期餘絀率,0.057263160089560616,1.413,1.413,False,85.3,0.010057057267209894,34
N24,佳林,112,change,liability_share,負債占資產比 年變動,-0.026494643319565858,-1.571,1.571,False,18.8,0.01710253368345449,32
N24,佳林,112,change,maintenance_execution,維護費執行率 年變動,-0.358009,-1.415,1.415,False,12.5,0.01649450000000005,32
N24,佳林,112,change,liquidity,流動比率 年變動,0.17545186308420324,1.212,1.212,False,84.4,0.006183063287862556,32
N14,積穗,110,level,repair_execution,修繕購置費執行率,0.442716,-2.538,2.538,False,14.3,0.9531855,28
N14,積穗,110,level,unbudgeted_share,未編列預算支出占比,0.5535868845627362,1.209,1.209,False,89.3,0.41060945732286497,28
N14,積穗,110,level,agency_share,代收代付等占收入比,0.1985059158451842,1.09,1.09,False,95.8,0.14748526509447646,24
N01,安溪,112,level,repair_execution,修繕購置費執行率,0.147447,-4.97,4.97,True,2.9,0.9000075000000001,34
N01,安溪,112,level,operating_share,業務費占支出比,0.021043819319031716,-1.176,1.176,False,11.8,0.031621612638859,34
N01,安溪,112,level,material_share,材料費占支出比,0.11825623481498644,1.176,1.176,False,85.3,0.09698103627057134,34
N01,安溪,112,change,admin_share,行政管理費占收入比 年變動,0.00029656189306339134,1.046,1.046,False,76.7,-0.0011523052073691125,30
N01,安溪,112,change,material_share,材料費占支出比 年變動,-0.006241429507392315,-0.651,0.651,False,25.0,-0.002298077168915197,32
N01,安溪,112,change,repair_execution,修繕購置費執行率 年變動,-0.15720099999999998,-0.607,0.607,False,28.1,-0.01305100000000009,32
N17,中正,110,level,personnel_share,人事費占支出比,0.4976465309180255,-2.094,2.094,False,7.1,0.5970925611927911,28
N17,中正,110,level,unbudgeted_share,未編列預算支出占比,0.6200581585429202,1.771,1.771,False,100.0,0.41060945732286497,28
N17,中正,110,level,prepaid_coverage,預收款覆蓋倍數,1.494743,-1.661,1.661,False,3.6,2.202604,28
N21,文創,112,level,enrolment_utilisation,招收利用率,0.933333,-4.8,4.8,True,2.9,0.9976415000000001,34
N21,文創,112,level,surplus_margin,本期餘絀率,-0.044037427889142576,-1.619,1.619,False,2.9,0.010057057267209894,34
N21,文創,112,level,admin_share,行政管理費占收入比,0.01828272122511462,1.173,1.173,False,97.1,0.016101454870890788,34
N21,文創,112,change,admin_share,行政管理費占收入比 年變動,0.008244003192396829,6.781,6.781,True,100.0,-0.0011523052073691125,30
N21,文創,112,change,enrolment_utilisation,招收利用率 年變動,-0.04444500000000007,-3.375,3.375,False,6.2,0.0,32
N21,文創,112,change,prepaid_coverage,預收款覆蓋倍數 年變動,-0.558948,-2.431,2.431,False,3.1,-0.08096199999999998,32
N20,柏翠,110,level,liability_share,負債占資產比,0.6984334057992111,-2.949,2.949,False,7.1,0.8405693418385198,28
N20,柏翠,110,level,liquidity,流動比率,1.7345494576829306,1.826,1.826,False,92.9,1.4473931643757774,28
N20,柏翠,110,level,maintenance_execution,維護費執行率,0.978294,1.347,1.347,False,96.4,0.5819829999999999,28
N11,新林,112,level,repair_execution,修繕購置費執行率,1.205546,2.018,2.018,False,88.2,0.9000075000000001,34
N11,新林,112,level,personnel_execution,人事費執行率,0.957046,1.271,1.271,False,97.1,0.84284,34
N11,新林,112,level,staff_ratio,師生比（每師幼兒數）,12.363636,1.256,1.256,False,94.1,11.0625,34
N11,新林,112,change,maintenance_execution,維護費執行率 年變動,0.29973400000000006,1.07,1.07,False,90.6,0.01649450000000005,32
N11,新林,112,change,operating_share,業務費占支出比 年變動,0.00234668092454042,0.961,0.961,False,90.6,-0.0015948503014797874,32
N11,新林,112,change,cost_per_child,每生成本 年變動,3842.2142699999968,-0.955,0.955,False,12.5,12999.889775500007,32
N18,福營,110,level,liability_share,負債占資產比,0.7040659526662175,-2.832,2.832,False,10.7,0.8405693418385198,28
N18,福營,110,level,liquidity,流動比率,1.7030321573140692,1.626,1.626,False,89.3,1.4473931643757774,28
N18,福營,110,level,staff_ratio,師生比（每師幼兒數）,12.714286,1.276,1.276,False,92.9,10.957237,28
N22,文仁,110,level,prepaid_coverage,預收款覆蓋倍數,3.256561,2.474,2.474,False,100.0,2.202604,28
N22,文仁,110,level,material_share,材料費占支出比,0.07803075142639489,-1.926,1.926,False,3.6,0.10767980692626358,28
N22,文仁,110,level,personnel_share,人事費占支出比,0.5198245388523756,-1.627,1.627,False,14.3,0.5970925611927911,28
N02,山北,111,level,repair_execution,修繕購置費執行率,0.196992,-2.835,2.835,False,3.1,0.921075,32
N02,山北,111,level,staff_ratio,師生比（每師幼兒數）,9.0,-1.638,1.638,False,9.4,11.125,32
N02,山北,111,level,admin_share,行政管理費占收入比,0.009875404408951181,-1.41,1.41,False,13.3,0.016088628980053695,30
N02,山北,111,change,maintenance_execution,維護費執行率 年變動,-0.341364,-1.517,1.517,False,14.3,0.08272000000000004,28
N02,山北,111,change,operating_share,業務費占支出比 年變動,0.0016671289188772767,1.08,1.08,False,82.1,-0.0024134526648067894,28
N02,山北,111,change,prepaid_coverage,預收款覆蓋倍數 年變動,-0.15337900000000015,-0.772,0.772,False,25.0,-0.0023285000000000666,28
N14,積穗,111,level,personnel_execution,人事費執行率,0.939002,1.683,1.683,False,96.9,0.855694,32
N14,積穗,111,level,repair_execution,修繕購置費執行率,0.524609,-1.552,1.552,False,21.9,0.921075,32
N14,積穗,111,level,cost_per_child,每生成本,142685.433962,1.372,1.372,False,90.6,125068.287718,32
N14,積穗,111,change,unbudgeted_share,未編列預算支出占比 年變動,-0.3024012708205129,-1.983,1.983,False,7.1,0.012367388014113828,28
N14,積穗,111,change,maintenance_execution,維護費執行率 年變動,0.583489,1.792,1.792,False,100.0,0.08272000000000004,28
N14,積穗,111,change,personnel_share,人事費占支出比 年變動,0.05141903752070354,1.073,1.073,False,82.1,-0.021225005721703438,28
N01,安溪,111,level,repair_execution,修繕購置費執行率,0.304648,-2.413,2.413,False,6.2,0.921075,32
N01,安溪,111,level,liability_share,負債占資產比,0.8915052535327298,1.146,1.146,False,84.4,0.8363614671922941,32
N01,安溪,111,level,material_share,材料費占支出比,0.12449766432237876,1.031,1.031,False,87.5,0.10388289883837544,32
N01,安溪,111,change,staff_ratio,師生比（每師幼兒數） 年變動,1.1666670000000003,3.508,3.508,True,89.3,0.0,28
N01,安溪,111,change,maintenance_execution,維護費執行率 年變動,-0.609486,-2.476,2.476,False,3.6,0.08272000000000004,28
N01,安溪,111,change,repair_execution,修繕購置費執行率 年變動,-0.692939,-1.927,1.927,False,7.1,-0.139139,28
N12,昌福,110,level,repair_execution,修繕購置費執行率,0.099071,-4.247,4.247,True,3.6,0.9531855,28
N12,昌福,110,level,agency_share,代收代付等占收入比,0.07387313954334158,-1.573,1.573,False,8.3,0.14748526509447646,24
N12,昌福,110,level,personnel_execution,人事費執行率,0.801874,-1.287,1.287,False,14.3,0.8699779999999999,28
N06,昌平,113,level,admin_share,行政管理費占收入比,0.018971792849596034,1.873,1.873,False,97.4,0.015088349207645482,38
N06,昌平,113,level,material_share,材料費占支出比,0.10752752892965416,1.656,1.656,False,92.1,0.08848002913557224,38
N06,昌平,113,level,liability_share,負債占資產比,0.9177544798816742,1.062,1.062,False,86.8,0.8679265700642219,38
N06,昌平,113,change,unbudgeted_share,未編列預算支出占比 年變動,-0.10192014717881637,-1.463,1.463,False,17.6,0.05920589352174077,34
N06,昌平,113,change,enrolment_utilisation,招收利用率 年變動,-0.04583300000000001,-1.257,1.257,False,20.6,-0.011814000000000047,34
N06,昌平,113,change,maintenance_execution,維護費執行率 年變動,-0.23263600000000006,-1.113,1.113,False,14.7,0.0985965,34
N32,板橋員工子女,113,level,operating_share,業務費占支出比,0.014120480681560596,-1.697,1.697,False,2.6,0.029921565868424968,38
N32,板橋員工子女,113,level,prepaid_coverage,預收款覆蓋倍數,1.606708,-1.513,1.513,False,5.9,2.2146965,34
N32,板橋員工子女,113,level,personnel_share,人事費占支出比,0.6624905133199164,1.432,1.432,False,84.2,0.5579522149125293,38
N32,板橋員工子女,113,change,staff_ratio,師生比（每師幼兒數） 年變動,-2.5761899999999986,-2.484,2.484,False,8.8,-0.8730770000000003,34
N32,板橋員工子女,113,change,enrolment_utilisation,招收利用率 年變動,0.018071999999999977,1.104,1.104,False,97.1,-0.011814000000000047,34
N32,板橋員工子女,113,change,repair_execution,修繕購置費執行率 年變動,0.2997980000000001,0.915,0.915,False,82.4,-0.0031589999999999674,34
N12,昌福,112,level,repair_execution,修繕購置費執行率,0.258357,-4.237,4.237,True,5.9,0.9000075000000001,34
N12,昌福,112,level,staff_ratio,師生比（每師幼兒數）,12.714286,1.595,1.595,False,97.1,11.0625,34
N12,昌福,112,level,admin_share,行政管理費占收入比,0.01782052600267194,0.924,0.924,False,91.2,0.016101454870890788,34
N12,昌福,112,change,staff_ratio,師生比（每師幼兒數） 年變動,1.5892859999999995,6.597,6.597,True,93.8,0.0,32
N12,昌福,112,change,repair_execution,修繕購置費執行率 年變動,-0.719786,-2.976,2.976,False,6.2,-0.01305100000000009,32
N12,昌福,112,change,surplus_margin,本期餘絀率 年變動,-0.04170661900651365,-0.639,0.639,False,25.0,-0.012099935637739836,32
N27,育平,113,level,maintenance_execution,維護費執行率,0.279196,-1.492,1.492,False,7.9,0.705515,38
N27,育平,113,level,liquidity,流動比率,1.6917196532236007,1.239,1.239,False,78.9,1.4548194416151203,38
N27,育平,113,level,unbudgeted_share,未編列預算支出占比,0.6116123899446272,1.239,1.239,False,89.5,0.4259262245674794,38
N27,育平,113,change,personnel_execution,人事費執行率 年變動,0.19030899999999995,1.899,1.899,False,88.2,0.006665000000000032,34
N27,育平,113,change,enrolment_utilisation,招收利用率 年變動,-0.06000000000000005,-1.781,1.781,False,11.8,-0.011814000000000047,34
N27,育平,113,change,liquidity,流動比率 年變動,-0.2579585002035123,-1.762,1.762,False,11.8,0.1230764853307057,34
N12,昌福,113,level,personnel_execution,人事費執行率,0.760805,-2.363,2.363,False,5.3,0.8737079999999999,38
N12,昌福,113,level,admin_share,行政管理費占收入比,0.019124297430388217,1.946,1.946,False,100.0,0.015088349207645482,38
N12,昌福,113,level,surplus_margin,本期餘絀率,-0.06493358035175743,-1.056,1.056,False,10.8,0.02967699948537467,37
N12,昌福,113,change,staff_ratio,師生比（每師幼兒數） 年變動,-3.5892859999999995,-3.961,3.961,True,5.9,-0.8730770000000003,34
N12,昌福,113,change,operating_share,業務費占支出比 年變動,-0.007587185954332994,-1.956,1.956,False,2.9,-0.0017595773188904089,34
N12,昌福,113,change,enrolment_utilisation,招收利用率 年變動,-0.05299200000000004,-1.522,1.522,False,14.7,-0.011814000000000047,34
N33,淡海,113,level,repair_execution,修繕購置費執行率,1.428816,1.775,1.775,False,89.5,0.9534795,38
N33,淡海,113,level,surplus_margin,本期餘絀率,-0.09429334020441497,-1.384,1.384,False,5.4,0.02967699948537467,37
N33,淡海,113,level,maintenance_execution,維護費執行率,0.388458,-1.11,1.11,False,18.4,0.705515,38
N33,淡海,113,change,cost_per_child,每生成本 年變動,71453.737679,3.345,3.345,False,97.1,26430.384738000008,34
N33,淡海,113,change,surplus_margin,本期餘絀率 年變動,-0.27124753457338335,-2.5,2.5,False,3.0,0.00010936846277805577,33
N33,淡海,113,change,liability_share,負債占資產比 年變動,0.15579540868544162,2.309,2.309,False,100.0,-0.004253444748014479,34
N24,佳林,110,level,agency_share,代收代付等占收入比,0.05036137694746893,-2.075,2.075,False,4.2,0.14748526509447646,24
N24,佳林,110,level,prepaid_coverage,預收款覆蓋倍數,2.833007,1.48,1.48,False,85.7,2.202604,28
N24,佳林,110,level,surplus_margin,本期餘絀率,0.15312358810088927,1.293,1.293,False,96.4,0.06996550580607824,28
N05,漢翔,110,level,cost_per_child,每生成本,144866.868421,1.684,1.684,False,100.0,114001.36568650001,28
N05,漢翔,110,level,material_share,材料費占支出比,0.08243675999433964,-1.64,1.64,False,10.7,0.10767980692626358,28
N05,漢翔,110,level,unbudgeted_share,未編列預算支出占比,0.5791558892275139,1.425,1.425,False,96.4,0.41060945732286497,28
N21,文創,113,level,enrolment_utilisation,招收利用率,0.910256,-1.528,1.528,False,18.4,0.9737865,38
N21,文創,113,level,cost_per_child,每生成本,192743.633803,1.267,1.267,False,94.7,164419.5546215,38
N21,文創,113,level,maintenance_execution,維護費執行率,0.347585,-1.253,1.253,False,10.5,0.705515,38
N21,文創,113,change,maintenance_execution,維護費執行率 年變動,-0.25795700000000005,-1.198,1.198,False,11.8,0.0985965,34
N21,文創,113,change,staff_ratio,師生比（每師幼兒數） 年變動,-1.625,-1.097,1.097,False,26.5,-0.8730770000000003,34
N21,文創,113,change,admin_share,行政管理費占收入比 年變動,-0.0035581784891438803,-0.95,0.95,False,8.8,-0.0009943702611826082,34
N22,文仁,113,level,repair_execution,修繕購置費執行率,0.397704,-2.076,2.076,False,2.6,0.9534795,38
N22,文仁,113,level,staff_ratio,師生比（每師幼兒數）,11.428571,1.654,1.654,False,94.7,9.5894735,38
N22,文仁,113,level,prepaid_coverage,預收款覆蓋倍數,2.766614,1.373,1.373,False,85.3,2.2146965,34
N22,文仁,113,change,staff_ratio,師生比（每師幼兒數） 年變動,0.3035709999999998,1.716,1.716,False,97.1,-0.8730770000000003,34
N22,文仁,113,change,enrolment_utilisation,招收利用率 年變動,-0.036507999999999985,-0.912,0.912,False,26.5,-0.011814000000000047,34
N22,文仁,113,change,prepaid_coverage,預收款覆蓋倍數 年變動,0.037505000000000344,-0.701,0.701,False,20.0,0.2649834999999999,30
N28,新樂,113,level,personnel_execution,人事費執行率,0.76983,-2.174,2.174,False,7.9,0.8737079999999999,38
N28,新樂,113,level,operating_share,業務費占支出比,0.04363469457327363,1.472,1.472,False,94.7,0.029921565868424968,38
N28,新樂,113,level,staff_ratio,師生比（每師幼兒數）,10.944444,1.219,1.219,False,84.2,9.5894735,38
N28,新樂,113,change,operating_share,業務費占支出比 年變動,0.0063123502163138015,2.71,2.71,False,100.0,-0.0017595773188904089,34
N28,新樂,113,change,material_share,材料費占支出比 年變動,-0.0008646973752823722,0.698,0.698,False,85.3,-0.008118120256628614,34
N28,新樂,113,change,cost_per_child,每生成本 年變動,17277.233670999995,-0.68,0.68,False,17.6,26430.384738000008,34
N18,福營,112,level,liability_share,負債占資產比,0.7823009429962102,-1.693,1.693,False,14.7,0.8708870612773192,34
N18,福營,112,level,material_share,材料費占支出比,0.12200039321297883,1.383,1.383,False,91.2,0.09698103627057134,34
N18,福營,112,level,personnel_execution,人事費執行率,0.957583,1.277,1.277,False,100.0,0.84284,34
N18,福營,112,change,enrolment_utilisation,招收利用率 年變動,-0.016666999999999987,-1.265,1.265,False,15.6,0.0,32
N18,福營,112,change,liability_share,負債占資產比 年變動,0.04776240920186969,1.105,1.105,False,87.5,0.01710253368345449,32
N18,福營,112,change,liquidity,流動比率 年變動,-0.1399127060536507,-1.046,1.046,False,6.2,0.006183063287862556,32
N14,積穗,113,level,personnel_share,人事費占支出比,0.6949477400811804,1.877,1.877,False,97.4,0.5579522149125293,38
N14,積穗,113,level,admin_share,行政管理費占收入比,0.01184350194800085,-1.565,1.565,False,10.5,0.015088349207645482,38
N14,積穗,113,level,cost_per_child,每生成本,136438.097561,-1.252,1.252,False,13.2,164419.5546215,38
N14,積穗,113,change,cost_per_child,每生成本 年變動,-8919.072249999997,-2.627,2.627,False,2.9,26430.384738000008,34
N14,積穗,113,change,maintenance_execution,維護費執行率 年變動,-0.448949,-1.84,1.84,False,2.9,0.0985965,34
N14,積穗,113,change,operating_share,業務費占支出比 年變動,-0.006387912394196477,-1.554,1.554,False,8.8,-0.0017595773188904089,34
N07,北大,110,level,material_share,材料費占支出比,0.13484551549661625,1.764,1.764,False,89.3,0.10767980692626358,28
N07,北大,110,level,admin_share,行政管理費占收入比,0.019553944325559715,1.54,1.54,False,96.4,0.010741628386169315,28
N07,北大,110,level,unbudgeted_share,未編列預算支出占比,0.27506416144669926,-1.146,1.146,False,17.9,0.41060945732286497,28
N11,新林,111,level,personnel_execution,人事費執行率,0.955868,2.024,2.024,False,100.0,0.855694,32
N11,新林,111,level,liability_share,負債占資產比,0.8928637517554242,1.174,1.174,False,87.5,0.8363614671922941,32
N11,新林,111,level,agency_share,代收代付等占收入比,0.07159032586118154,-1.019,1.019,False,22.2,0.12727953993333513,27
N11,新林,111,change,admin_share,行政管理費占收入比 年變動,0.012709006559829778,2.442,2.442,False,100.0,-0.0002574448942743524,28
N11,新林,111,change,personnel_share,人事費占支出比 年變動,0.06956122806963594,1.341,1.341,False,92.9,-0.021225005721703438,28
N11,新林,111,change,unbudgeted_share,未編列預算支出占比 年變動,-0.1602708776904202,-1.088,1.088,False,14.3,0.012367388014113828,28
N08,鷺江,112,level,unbudgeted_share,未編列預算支出占比,0.7818229723087794,1.484,1.484,False,91.2,0.40365975505225293,34
N08,鷺江,112,level,personnel_share,人事費占支出比,0.3935545178040741,-1.426,1.426,False,14.7,0.5742334262489819,34
N08,鷺江,112,level,material_share,材料費占支出比,0.07591778316415126,-1.164,1.164,False,5.9,0.09698103627057134,34
N08,鷺江,112,change,unbudgeted_share,未編列預算支出占比 年變動,0.4674121357215776,2.624,2.624,False,100.0,0.13144718628319257,32
N08,鷺江,112,change,cost_per_child,每生成本 年變動,26020.792991999988,1.358,1.358,False,90.6,12999.889775500007,32
N08,鷺江,112,change,personnel_execution,人事費執行率 年變動,-0.11279500000000009,-1.04,1.04,False,28.1,-0.014261999999999997,32
N15,新月,113,level,prepaid_coverage,預收款覆蓋倍數,1.444037,-1.917,1.917,False,2.9,2.2146965,34
N15,新月,113,level,liquidity,流動比率,1.204178520441447,-1.31,1.31,False,2.6,1.4548194416151203,38
N15,新月,113,level,liability_share,負債占資產比,0.9262215660736718,1.243,1.243,False,94.7,0.8679265700642219,38
N15,新月,113,change,prepaid_coverage,預收款覆蓋倍數 年變動,-0.43532100000000007,-2.159,2.159,False,3.3,0.2649834999999999,30
N15,新月,113,change,liquidity,流動比率 年變動,-0.3189023583354418,-2.043,2.043,False,5.9,0.1230764853307057,34
N15,新月,113,change,material_share,材料費占支出比 年變動,0.011360670649287072,1.874,1.874,False,100.0,-0.008118120256628614,34
N15,新月,112,level,staff_ratio,師生比（每師幼兒數）,9.263158,-1.737,1.737,False,8.8,11.0625,34
N15,新月,112,level,material_share,材料費占支出比,0.07049553556434605,-1.464,1.464,False,2.9,0.09698103627057134,34
N15,新月,112,level,admin_share,行政管理費占收入比,0.013602429260417721,-1.344,1.344,False,20.6,0.016101454870890788,34
N15,新月,112,change,staff_ratio,師生比（每師幼兒數） 年變動,-1.4427240000000001,-5.988,5.988,True,12.5,0.0,32
N15,新月,112,change,repair_execution,修繕購置費執行率 年變動,0.334999,1.466,1.466,False,84.4,-0.01305100000000009,32
N15,新月,112,change,cost_per_child,每生成本 年變動,26014.627123,1.358,1.358,False,87.5,12999.889775500007,32
N32,板橋員工子女,112,level,admin_share,行政管理費占收入比,0.013133106199389016,-1.596,1.596,False,14.7,0.016101454870890788,34
N32,板橋員工子女,112,level,operating_share,業務費占支出比,0.017389325213523477,-1.582,1.582,False,2.9,0.031621612638859,34
N32,板橋員工子女,112,level,prepaid_coverage,預收款覆蓋倍數,1.561468,-1.309,1.309,False,2.9,2.026466,34
N32,板橋員工子女,112,change,surplus_margin,本期餘絀率 年變動,-0.10434042945613019,-1.992,1.992,False,6.2,-0.012099935637739836,32
N32,板橋員工子女,112,change,material_share,材料費占支出比 年變動,-0.008143379700269557,-0.964,0.964,False,18.8,-0.002298077168915197,32
N32,板橋員工子女,112,change,liability_share,負債占資產比 年變動,0.03698895953843273,0.716,0.716,False,75.0,0.01710253368345449,32
N19,中園,111,level,enrolment_utilisation,招收利用率,0.948529,-3.111,3.111,False,15.6,0.9911165,32
N19,中園,111,level,agency_share,代收代付等占收入比,0.21988359832085297,1.694,1.694,False,100.0,0.12727953993333513,27
N19,中園,111,level,admin_share,行政管理費占收入比,0.010466846334785677,-1.276,1.276,False,23.3,0.016088628980053695,30
N19,中園,111,change,enrolment_utilisation,招收利用率 年變動,-0.03676500000000005,-3.162,3.162,False,7.1,0.0,28
N19,中園,111,change,operating_share,業務費占支出比 年變動,0.004976418914149058,1.955,1.955,False,89.3,-0.0024134526648067894,28
N19,中園,111,change,material_share,材料費占支出比 年變動,-0.020616017364632686,-1.269,1.269,False,17.9,-0.005493257467774744,28
N11,新林,113,level,personnel_execution,人事費執行率,0.96354,1.88,1.88,False,97.4,0.8737079999999999,38
N11,新林,113,level,staff_ratio,師生比（每師幼兒數）,11.636364,1.841,1.841,False,97.4,9.5894735,38
N11,新林,113,level,personnel_share,人事費占支出比,0.6332222335533348,1.031,1.031,False,78.9,0.5579522149125293,38
N11,新林,113,change,material_share,材料費占支出比 年變動,-0.02581641780262725,-1.703,1.703,False,14.7,-0.008118120256628614,34
N11,新林,113,change,maintenance_execution,維護費執行率 年變動,-0.28832100000000005,-1.3,1.3,False,8.8,0.0985965,34
N11,新林,113,change,repair_execution,修繕購置費執行率 年變動,-0.21315799999999996,-0.634,0.634,False,23.5,-0.0031589999999999674,34
N23,菁湖,111,level,enrolment_utilisation,招收利用率,0.962264,-2.108,2.108,False,21.9,0.9911165,32
N23,菁湖,111,level,admin_share,行政管理費占收入比,0.01133719246533641,-1.078,1.078,False,26.7,0.016088628980053695,30
N23,菁湖,111,level,operating_share,業務費占支出比,0.04416364153009652,0.978,0.978,False,84.4,0.033348442615767,32
N23,菁湖,111,change,enrolment_utilisation,招收利用率 年變動,-0.02830199999999994,-2.434,2.434,False,10.7,0.0,28
N23,菁湖,111,change,prepaid_coverage,預收款覆蓋倍數 年變動,0.2684090000000001,1.383,1.383,False,92.9,-0.0023285000000000666,28
N23,菁湖,111,change,liability_share,負債占資產比 年變動,-0.023826838896337077,-1.149,1.149,False,21.4,-0.0018480658889512003,28
N30,文中,113,level,material_share,材料費占支出比,0.12175045967022487,2.892,2.892,False,100.0,0.08848002913557224,38
N30,文中,113,level,personnel_execution,人事費執行率,0.790645,-1.738,1.738,False,13.2,0.8737079999999999,38
N30,文中,113,level,admin_share,行政管理費占收入比,0.017407275699828674,1.118,1.118,False,92.1,0.015088349207645482,38
N30,文中,113,change,personnel_share,人事費占支出比 年變動,-0.1676030880332643,-1.715,1.715,False,2.9,-0.015585894148825663,34
N30,文中,113,change,operating_share,業務費占支出比 年變動,-0.006063727484416193,-1.445,1.445,False,14.7,-0.0017595773188904089,34
N30,文中,113,change,material_share,材料費占支出比 年變動,0.006886374429240685,1.444,1.444,False,94.1,-0.008118120256628614,34
N03,龍埔成長,111,level,prepaid_coverage,預收款覆蓋倍數,2.915737,1.839,1.839,False,96.9,2.169097,32
N03,龍埔成長,111,level,liability_share,負債占資產比,0.7626836954564142,-1.531,1.531,False,15.6,0.8363614671922941,32
N03,龍埔成長,111,level,admin_share,行政管理費占收入比,0.009646401746437487,-1.462,1.462,False,10.0,0.016088628980053695,30
N03,龍埔成長,111,change,personnel_execution,人事費執行率 年變動,-0.0802250000000001,-1.556,1.556,False,3.6,0.001749500000000015,28
N03,龍埔成長,111,change,enrolment_utilisation,招收利用率 年變動,-0.011110999999999982,-0.956,0.956,False,21.4,0.0,28
N03,龍埔成長,111,change,personnel_share,人事費占支出比 年變動,-0.0788062930539547,-0.851,0.851,False,14.3,-0.021225005721703438,28
N10,大觀,113,level,agency_share,代收代付等占收入比,0.22898288016801255,1.198,1.198,False,96.0,0.09984041674854184,25
N10,大觀,113,level,liquidity,流動比率,1.2383523557488598,-1.132,1.132,False,7.9,1.4548194416151203,38
N10,大觀,113,level,personnel_execution,人事費執行率,0.923869,1.05,1.05,False,89.5,0.8737079999999999,38
N10,大觀,113,change,maintenance_execution,維護費執行率 年變動,0.509748,1.382,1.382,False,100.0,0.0985965,34
N10,大觀,113,change,operating_share,業務費占支出比 年變動,-0.005478645614292413,-1.249,1.249,False,17.6,-0.0017595773188904089,34
N10,大觀,113,change,liquidity,流動比率 年變動,-0.12780762604358942,-1.16,1.16,False,23.5,0.1230764853307057,34
N22,文仁,112,level,repair_execution,修繕購置費執行率,0.476452,-2.797,2.797,False,8.8,0.9000075000000001,34
N22,文仁,112,level,prepaid_coverage,預收款覆蓋倍數,2.729109,1.978,1.978,False,88.2,2.026466,34
N22,文仁,112,level,operating_share,業務費占支出比,0.023712798825957462,-0.879,0.879,False,20.6,0.031621612638859,34
N22,文仁,112,change,admin_share,行政管理費占收入比 年變動,0.007569036007665595,6.294,6.294,True,96.7,-0.0011523052073691125,30
N22,文仁,112,change,material_share,材料費占支出比 年變動,0.010762787081561045,2.155,2.155,False,96.9,-0.002298077168915197,32
N22,文仁,112,change,operating_share,業務費占支出比 年變動,0.0071297984644430115,2.128,2.128,False,100.0,-0.0015948503014797874,32
N08,鷺江,110,level,enrolment_utilisation,招收利用率,0.962264,-4.248,4.248,True,7.1,0.9972525,28
N08,鷺江,110,level,admin_share,行政管理費占收入比,0.017577961921713257,1.194,1.194,False,75.0,0.010741628386169315,28
N08,鷺江,110,level,personnel_execution,人事費執行率,0.819037,-0.962,0.962,False,17.9,0.8699779999999999,28
N11,新林,110,level,material_share,材料費占支出比,0.13615429516016503,1.849,1.849,False,92.9,0.10767980692626358,28
N11,新林,110,level,personnel_execution,人事費執行率,0.928008,1.096,1.096,False,92.9,0.8699779999999999,28
N11,新林,110,level,liquidity,流動比率,1.2833562355429584,-1.043,1.043,False,10.7,1.4473931643757774,28
N18,福營,111,level,liability_share,負債占資產比,0.7345385337943405,-2.116,2.116,False,9.4,0.8363614671922941,32
N18,福營,111,level,personnel_execution,人事費執行率,0.920641,1.312,1.312,False,90.6,0.855694,32
N18,福營,111,level,liquidity,流動比率,1.6736774552805027,1.165,1.165,False,87.5,1.4490537800989065,32
N18,福營,111,change,staff_ratio,師生比（每師幼兒數） 年變動,-0.7142859999999995,-2.148,2.148,False,10.7,0.0,28
N18,福營,111,change,liability_share,負債占資產比 年變動,0.03047258112812301,1.69,1.69,False,92.9,-0.0018480658889512003,28
N18,福營,111,change,cost_per_child,每生成本 年變動,499.81825799999933,-1.666,1.666,False,7.1,13241.603875,28
N29,東湖,113,level,maintenance_execution,維護費執行率,1.299479,2.079,2.079,False,100.0,0.705515,38
N29,東湖,113,level,admin_share,行政管理費占收入比,0.01177858278501822,-1.596,1.596,False,7.9,0.015088349207645482,38
N29,東湖,113,level,material_share,材料費占支出比,0.10320166724624413,1.28,1.28,False,86.8,0.08848002913557224,38
N29,東湖,113,change,maintenance_execution,維護費執行率 年變動,0.38821400000000006,0.973,0.973,False,88.2,0.0985965,34
N29,東湖,113,change,prepaid_coverage,預收款覆蓋倍數 年變動,0.5754330000000001,0.957,0.957,False,86.7,0.2649834999999999,30
N29,東湖,113,change,repair_execution,修繕購置費執行率 年變動,-0.28815500000000005,-0.861,0.861,False,11.8,-0.0031589999999999674,34
N03,龍埔成長,110,level,liability_share,負債占資產比,0.7513684883853462,-1.85,1.85,False,14.3,0.8405693418385198,28
N03,龍埔成長,110,level,prepaid_coverage,預收款覆蓋倍數,2.824999,1.461,1.461,False,82.1,2.202604,28
N03,龍埔成長,110,level,liquidity,流動比率,1.673335735116304,1.437,1.437,False,85.7,1.4473931643757774,28
N03,龍埔成長,113,level,staff_ratio,師生比（每師幼兒數）,7.888889,-1.529,1.529,False,5.3,9.5894735,38
N03,龍埔成長,113,level,cost_per_child,每生成本,191612.323944,1.217,1.217,False,92.1,164419.5546215,38
N03,龍埔成長,113,level,personnel_share,人事費占支出比,0.6402922567758036,1.128,1.128,False,81.6,0.5579522149125293,38
N03,龍埔成長,113,change,unbudgeted_share,未編列預算支出占比 年變動,-0.48025407192902886,-4.898,4.898,True,2.9,0.05920589352174077,34
N03,龍埔成長,113,change,personnel_share,人事費占支出比 年變動,0.2601882762590507,3.112,3.112,False,100.0,-0.015585894148825663,34
N03,龍埔成長,113,change,personnel_execution,人事費執行率 年變動,0.27901600000000004,2.816,2.816,False,94.1,0.006665000000000032,34
N10,大觀,111,level,liability_share,負債占資產比,0.9132735375291869,1.599,1.599,False,93.8,0.8363614671922941,32
N10,大觀,111,level,personnel_execution,人事費執行率,0.929233,1.486,1.486,False,93.8,0.855694,32
N10,大觀,111,level,cost_per_child,每生成本,142080.352381,1.325,1.325,False,87.5,125068.287718,32
N10,大觀,111,change,admin_share,行政管理費占收入比 年變動,0.009487973261554327,1.835,1.835,False,85.7,-0.0002574448942743524,28
N10,大觀,111,change,enrolment_utilisation,招收利用率 年變動,0.018867999999999996,1.623,1.623,False,92.9,0.0,28
N10,大觀,111,change,repair_execution,修繕購置費執行率 年變動,-0.513429,-1.302,1.302,False,14.3,-0.139139,28
N34,佳和,113,level,liability_share,負債占資產比,0.9893941718081587,2.59,2.59,False,100.0,0.8679265700642219,38
N34,佳和,113,level,prepaid_coverage,預收款覆蓋倍數,2.807943,1.476,1.476,False,91.2,2.2146965,34
N34,佳和,113,level,operating_share,業務費占支出比,0.04012652215770015,1.096,1.096,False,84.2,0.029921565868424968,38
N34,佳和,113,change,enrolment_utilisation,招收利用率 年變動,0.027170000000000027,1.44,1.44,False,100.0,-0.011814000000000047,34
N34,佳和,113,change,cost_per_child,每生成本 年變動,44793.63002600001,1.364,1.364,False,85.3,26430.384738000008,34
N34,佳和,113,change,prepaid_coverage,預收款覆蓋倍數 年變動,0.5438079999999998,0.859,0.859,False,83.3,0.2649834999999999,30
N16,中平,113,level,staff_ratio,師生比（每師幼兒數）,11.2,1.448,1.448,False,92.1,9.5894735,38
N16,中平,113,level,repair_execution,修繕購置費執行率,1.32669,1.394,1.394,False,84.2,0.9534795,38
N16,中平,113,level,material_share,材料費占支出比,0.10277412576613223,1.243,1.243,False,84.2,0.08848002913557224,38
N16,中平,113,change,repair_execution,修繕購置費執行率 年變動,-0.622465,-1.871,1.871,False,2.9,-0.0031589999999999674,34
N16,中平,113,change,prepaid_coverage,預收款覆蓋倍數 年變動,0.625926,1.113,1.113,False,90.0,0.2649834999999999,30
N16,中平,113,change,unbudgeted_share,未編列預算支出占比 年變動,0.14845211427800648,0.81,0.81,False,82.4,0.05920589352174077,34
N25,碧城,111,level,surplus_margin,本期餘絀率,-0.013341312864070642,-1.739,1.739,False,9.4,0.023286878832222573,32
N25,碧城,111,level,staff_ratio,師生比（每師幼兒數）,13.333333,1.702,1.702,False,93.8,11.125,32
N25,碧城,111,level,maintenance_execution,維護費執行率,0.144832,-1.309,1.309,False,3.1,0.5969705000000001,32
N25,碧城,111,change,surplus_margin,本期餘絀率 年變動,-0.15018111438485526,-2.565,2.565,False,7.1,-0.042477284670597165,28
N25,碧城,111,change,repair_execution,修繕購置費執行率 年變動,-0.8570900000000001,-2.498,2.498,False,3.6,-0.139139,28
N25,碧城,111,change,prepaid_coverage,預收款覆蓋倍數 年變動,-0.41502300000000014,-2.109,2.109,False,3.6,-0.0023285000000000666,28
N14,積穗,112,level,surplus_margin,本期餘絀率,-0.035231934239062006,-1.355,1.355,False,5.9,0.010057057267209894,34
N14,積穗,112,level,liquidity,流動比率,1.1925536888558756,-1.216,1.216,False,5.9,1.4487267346933002,34
N14,積穗,112,level,personnel_execution,人事費執行率,0.949328,1.185,1.185,False,94.1,0.84284,34
N14,積穗,112,change,material_share,材料費占支出比 年變動,0.013366308837572935,2.584,2.584,False,100.0,-0.002298077168915197,32
N14,積穗,112,change,repair_execution,修繕購置費執行率 年變動,0.46494599999999997,2.013,2.013,False,90.6,-0.01305100000000009,32
N14,積穗,112,change,agency_share,代收代付等占收入比 年變動,-0.12445633920356558,-1.897,1.897,False,8.3,0.07477147171133666,12
N02,山北,110,level,repair_execution,修繕購置費執行率,0.398421,-2.758,2.758,False,10.7,0.9531855,28
N02,山北,110,level,staff_ratio,師生比（每師幼兒數）,9.0,-1.422,1.422,False,3.6,10.957237,28
N02,山北,110,level,material_share,材料費占支出比,0.09613784745832059,-0.75,0.75,False,25.0,0.10767980692626358,28
N13,三多,113,level,liquidity,流動比率,1.717968117988483,1.376,1.376,False,81.6,1.4548194416151203,38
N13,三多,113,level,prepaid_coverage,預收款覆蓋倍數,2.75216,1.337,1.337,False,82.4,2.2146965,34
N13,三多,113,level,liability_share,負債占資產比,0.9161656736904322,1.029,1.029,False,84.2,0.8679265700642219,38
N13,三多,113,change,prepaid_coverage,預收款覆蓋倍數 年變動,0.72309,1.412,1.412,False,93.3,0.2649834999999999,30
N13,三多,113,change,operating_share,業務費占支出比 年變動,-0.004214845433723198,-0.824,0.824,False,26.5,-0.0017595773188904089,34
N13,三多,113,change,enrolment_utilisation,招收利用率 年變動,0.0,0.437,0.437,False,91.2,-0.011814000000000047,34
N01,安溪,110,level,liability_share,負債占資產比,0.8933889774327864,1.096,1.096,False,92.9,0.8405693418385198,28
N01,安溪,110,level,agency_share,代收代付等占收入比,0.0962656278951931,-1.094,1.094,False,12.5,0.14748526509447646,24
N01,安溪,110,level,maintenance_execution,維護費執行率,0.893864,1.06,1.06,False,85.7,0.5819829999999999,28
N13,三多,110,level,repair_execution,修繕購置費執行率,0.543516,-2.037,2.037,False,17.9,0.9531855,28
N13,三多,110,level,liability_share,負債占資產比,0.9091166137508085,1.422,1.422,False,96.4,0.8405693418385198,28
N13,三多,110,level,enrolment_utilisation,招收利用率,0.988889,-1.015,1.015,False,28.6,0.9972525,28
N16,中平,111,level,surplus_margin,本期餘絀率,0.0007586665738571205,-1.07,1.07,False,15.6,0.023286878832222573,32
N16,中平,111,level,prepaid_coverage,預收款覆蓋倍數,1.764313,-0.997,0.997,False,15.6,2.169097,32
N16,中平,111,level,repair_execution,修繕購置費執行率,0.702458,-0.856,0.856,False,31.2,0.921075,32
N16,中平,111,change,admin_share,行政管理費占收入比 年變動,0.010520172098068489,2.03,2.03,False,92.9,-0.0002574448942743524,28
N16,中平,111,change,maintenance_execution,維護費執行率 年變動,-0.464755,-1.959,1.959,False,7.1,0.08272000000000004,28
N16,中平,111,change,personnel_execution,人事費執行率 年變動,-0.04794799999999999,-0.944,0.944,False,17.9,0.001749500000000015,28
N15,新月,111,level,repair_execution,修繕購置費執行率,0.421641,-1.955,1.955,False,12.5,0.921075,32
N15,新月,111,level,material_share,材料費占支出比,0.07392709834182086,-1.499,1.499,False,3.1,0.10388289883837544,32
N15,新月,111,level,operating_share,業務費占支出比,0.01816151894852776,-1.374,1.374,False,6.2,0.033348442615767,32
N15,新月,111,change,cost_per_child,每生成本 年變動,28446.751958000008,1.988,1.988,False,89.3,13241.603875,28
N15,新月,111,change,material_share,材料費占支出比 年變動,-0.02670772826007234,-1.781,1.781,False,3.6,-0.005493257467774744,28
N15,新月,111,change,maintenance_execution,維護費執行率 年變動,-0.341689,-1.518,1.518,False,10.7,0.08272000000000004,28
N28,新樂,111,level,enrolment_utilisation,招收利用率,0.962264,-2.108,2.108,False,21.9,0.9911165,32
N28,新樂,111,level,surplus_margin,本期餘絀率,0.0616649798047877,1.822,1.822,False,84.4,0.023286878832222573,32
N28,新樂,111,level,operating_share,業務費占支出比,0.0452923231600854,1.08,1.08,False,87.5,0.033348442615767,32
N28,新樂,111,change,cost_per_child,每生成本 年變動,67265.401172,7.064,7.064,True,100.0,13241.603875,28
N28,新樂,111,change,liability_share,負債占資產比 年變動,-0.05527139166109685,-2.793,2.793,False,10.7,-0.0018480658889512003,28
N28,新樂,111,change,staff_ratio,師生比（每師幼兒數） 年變動,0.5438589999999994,1.635,1.635,False,82.1,0.0,28
N29,東湖,112,level,admin_share,行政管理費占收入比,0.013265893070534223,-1.525,1.525,False,17.6,0.016101454870890788,34
N29,東湖,112,level,material_share,材料費占支出比,0.11956134864340319,1.248,1.248,False,88.2,0.09698103627057134,34
N29,東湖,112,level,prepaid_coverage,預收款覆蓋倍數,1.683092,-0.967,0.967,False,8.8,2.026466,34
N29,東湖,112,change,material_share,材料費占支出比 年變動,-0.027277841951859408,-4.121,4.121,True,3.1,-0.002298077168915197,32
N29,東湖,112,change,enrolment_utilisation,招收利用率 年變動,0.05371899999999996,4.079,4.079,True,90.6,0.0,32
N29,東湖,112,change,staff_ratio,師生比（每師幼兒數） 年變動,0.6190479999999994,2.569,2.569,False,87.5,0.0,32
N25,碧城,112,level,staff_ratio,師生比（每師幼兒數）,13.222222,2.085,2.085,False,100.0,11.0625,34
N25,碧城,112,level,personnel_share,人事費占支出比,0.43844812346061934,-1.072,1.072,False,23.5,0.5742334262489819,34
N25,碧城,112,level,unbudgeted_share,未編列預算支出占比,0.6730658987456045,1.057,1.057,False,79.4,0.40365975505225293,34
N25,碧城,112,change,material_share,材料費占支出比 年變動,0.004147819881324025,1.063,1.063,False,87.5,-0.002298077168915197,32
N25,碧城,112,change,personnel_execution,人事費執行率 年變動,-0.1087459999999999,-0.997,0.997,False,31.2,-0.014261999999999997,32
N25,碧城,112,change,surplus_margin,本期餘絀率 年變動,0.02075693881770411,0.71,0.71,False,75.0,-0.012099935637739836,32
N13,三多,111,level,agency_share,代收代付等占收入比,0.04343138196633937,-1.534,1.534,False,14.8,0.12727953993333513,27
N13,三多,111,level,liability_share,負債占資產比,0.9047835446178566,1.422,1.422,False,90.6,0.8363614671922941,32
N13,三多,111,level,operating_share,業務費占支出比,0.045366766121055495,1.087,1.087,False,90.6,0.033348442615767,32
N13,三多,111,change,operating_share,業務費占支出比 年變動,0.005677438674749673,2.141,2.141,False,92.9,-0.0024134526648067894,28
N13,三多,111,change,repair_execution,修繕購置費執行率 年變動,0.46314299999999997,2.095,2.095,False,96.4,-0.139139,28
N13,三多,111,change,admin_share,行政管理費占收入比 年變動,0.010519720398327,2.03,2.03,False,89.3,-0.0002574448942743524,28
N01,安溪,113,level,liability_share,負債占資產比,0.9815622642405711,2.423,2.423,False,97.4,0.8679265700642219,38
N01,安溪,113,level,surplus_margin,本期餘絀率,-0.0986690400237587,-1.433,1.433,False,2.7,0.02967699948537467,37
N01,安溪,113,level,operating_share,業務費占支出比,0.01725957697691674,-1.36,1.36,False,5.3,0.029921565868424968,38
N01,安溪,113,change,material_share,材料費占支出比 年變動,-0.032869672068215186,-2.381,2.381,False,5.9,-0.008118120256628614,34
N01,安溪,113,change,repair_execution,修繕購置費執行率 年變動,0.618285,1.877,1.877,False,94.1,-0.0031589999999999674,34
N01,安溪,113,change,cost_per_child,每生成本 年變動,47785.11813799999,1.587,1.587,False,88.2,26430.384738000008,34
N06,昌平,112,level,repair_execution,修繕購置費執行率,0.694958,-1.354,1.354,False,14.7,0.9000075000000001,34
N06,昌平,112,level,enrolment_utilisation,招收利用率,0.983333,-1.068,1.068,False,32.4,0.9976415000000001,34
N06,昌平,112,level,personnel_share,人事費占支出比,0.4574534130748387,-0.922,0.922,False,26.5,0.5742334262489819,34
N06,昌平,112,change,enrolment_utilisation,招收利用率 年變動,-0.016666999999999987,-1.265,1.265,False,15.6,0.0,32
N06,昌平,112,change,personnel_execution,人事費執行率 年變動,-0.12271599999999994,-1.144,1.144,False,25.0,-0.014261999999999997,32
N06,昌平,112,change,operating_share,業務費占支出比 年變動,-0.005456331509626489,-0.942,0.942,False,25.0,-0.0015948503014797874,32
N17,中正,111,level,surplus_margin,本期餘絀率,0.06959866955688973,2.199,2.199,False,87.5,0.023286878832222573,32
N17,中正,111,level,staff_ratio,師生比（每師幼兒數）,12.363636,0.955,0.955,False,84.4,11.125,32
N17,中正,111,level,personnel_share,人事費占支出比,0.6742644751630221,0.84,0.84,False,81.2,0.5941368377994646,32
N17,中正,111,change,staff_ratio,師生比（每師幼兒數） 年變動,2.3636359999999996,7.108,7.108,True,92.9,0.0,28
N17,中正,111,change,cost_per_child,每生成本 年變動,-21134.79705899999,-4.495,4.495,True,3.6,13241.603875,28
N17,中正,111,change,prepaid_coverage,預收款覆蓋倍數 年變動,0.6810250000000002,3.491,3.491,False,100.0,-0.0023285000000000666,28
N19,中園,112,level,enrolment_utilisation,招收利用率,0.970588,-2.019,2.019,False,20.6,0.9976415000000001,34
N19,中園,112,level,operating_share,業務費占支出比,0.01898116963415002,-1.405,1.405,False,5.9,0.031621612638859,34
N19,中園,112,level,repair_execution,修繕購置費執行率,0.709013,-1.261,1.261,False,17.6,0.9000075000000001,34
N19,中園,112,change,admin_share,行政管理費占收入比 年變動,0.006342407326141376,5.408,5.408,True,86.7,-0.0011523052073691125,30
N19,中園,112,change,operating_share,業務費占支出比 年變動,-0.01294508241537774,-2.768,2.768,False,3.1,-0.0015948503014797874,32
N19,中園,112,change,unbudgeted_share,未編列預算支出占比 年變動,-0.15378619922065784,-2.227,2.227,False,9.4,0.13144718628319257,32
N31,翠中,113,level,maintenance_execution,維護費執行率,0.364466,-1.194,1.194,False,13.2,0.705515,38
N31,翠中,113,level,material_share,材料費占支出比,0.1015281493688557,1.134,1.134,False,81.6,0.08848002913557224,38
N31,翠中,113,level,liquidity,流動比率,1.2408703868168744,-1.119,1.119,False,10.5,1.4548194416151203,38
N31,翠中,113,change,material_share,材料費占支出比 年變動,-0.03166858424477208,-2.266,2.266,False,8.8,-0.008118120256628614,34
N31,翠中,113,change,operating_share,業務費占支出比 年變動,-0.004764455270749972,-1.009,1.009,False,23.5,-0.0017595773188904089,34
N31,翠中,113,change,unbudgeted_share,未編列預算支出占比 年變動,0.15222135042942336,0.845,0.845,False,85.3,0.05920589352174077,34
N07,北大,111,level,maintenance_execution,維護費執行率,1.009237,1.193,1.193,False,90.6,0.5969705000000001,32
N07,北大,111,level,agency_share,代收代付等占收入比,0.06207075438331433,-1.193,1.193,False,18.5,0.12727953993333513,27
N07,北大,111,level,personnel_share,人事費占支出比,0.6804620534634462,0.905,0.905,False,87.5,0.5941368377994646,32
N07,北大,111,change,staff_ratio,師生比（每師幼兒數） 年變動,-1.8284320000000012,-5.498,5.498,True,3.6,0.0,28
N07,北大,111,change,operating_share,業務費占支出比 年變動,-0.01927974792161502,-4.463,4.463,True,3.6,-0.0024134526648067894,28
N07,北大,111,change,material_share,材料費占支出比 年變動,-0.026423933313714898,-1.757,1.757,False,7.1,-0.005493257467774744,28
N06,昌平,110,level,admin_share,行政管理費占收入比,0.01869095195896156,1.389,1.389,False,85.7,0.010741628386169315,28
N06,昌平,110,level,personnel_execution,人事費執行率,0.828742,-0.779,0.779,False,25.0,0.8699779999999999,28
N06,昌平,110,level,staff_ratio,師生比（每師幼兒數）,12.0,0.757,0.757,False,82.1,10.957237,28
N08,鷺江,113,level,unbudgeted_share,未編列預算支出占比,0.6206967871562374,1.299,1.299,False,92.1,0.4259262245674794,38
N08,鷺江,113,level,agency_share,代收代付等占收入比,0.23903256490866553,1.292,1.292,False,100.0,0.09984041674854184,25
N08,鷺江,113,level,liability_share,負債占資產比,0.9226932429487988,1.168,1.168,False,92.1,0.8679265700642219,38
N08,鷺江,113,change,unbudgeted_share,未編列預算支出占比 年變動,-0.16112618515254196,-2.001,2.001,False,14.7,0.05920589352174077,34
N08,鷺江,113,change,material_share,材料費占支出比 年變動,0.009186926573146459,1.665,1.665,False,97.1,-0.008118120256628614,34
N08,鷺江,113,change,liquidity,流動比率 年變動,-0.16646649454172668,-1.339,1.339,False,20.6,0.1230764853307057,34
N10,大觀,112,level,maintenance_execution,維護費執行率,0.271413,-1.098,1.098,False,8.8,0.683822,34
N10,大觀,112,level,surplus_margin,本期餘絀率,0.04534174945228505,1.056,1.056,False,79.4,0.010057057267209894,34
N10,大觀,112,level,admin_share,行政管理費占收入比,0.014287143192484624,-0.976,0.976,False,23.5,0.016101454870890788,34
N10,大觀,112,change,liability_share,負債占資產比 年變動,-0.04820831228326006,-2.353,2.353,False,15.6,0.01710253368345449,32
N10,大觀,112,change,prepaid_coverage,預收款覆蓋倍數 年變動,0.22756500000000002,1.569,1.569,False,90.6,-0.08096199999999998,32
N10,大觀,112,change,material_share,材料費占支出比 年變動,-0.010923334866798057,-1.423,1.423,False,6.2,-0.002298077168915197,32
N02,山北,112,level,staff_ratio,師生比（每師幼兒數）,9.0,-1.991,1.991,False,5.9,11.0625,34
N02,山北,112,level,cost_per_child,每生成本,157774.388889,1.17,1.17,False,94.1,136616.71178800002,34
N02,山北,112,level,surplus_margin,本期餘絀率,-0.02518544884052284,-1.055,1.055,False,8.8,0.010057057267209894,34
N02,山北,112,change,admin_share,行政管理費占收入比 年變動,0.006701189599144347,5.667,5.667,True,93.3,-0.0011523052073691125,30
N02,山北,112,change,repair_execution,修繕購置費執行率 年變動,0.6575869999999999,2.824,2.824,False,96.9,-0.01305100000000009,32
N02,山北,112,change,unbudgeted_share,未編列預算支出占比 年變動,-0.17566977179210813,-2.398,2.398,False,6.2,0.13144718628319257,32
N06,昌平,111,level,surplus_margin,本期餘絀率,-0.004800523787238357,-1.334,1.334,False,12.5,0.023286878832222573,32
N06,昌平,111,level,repair_execution,修繕購置費執行率,0.685071,-0.924,0.924,False,25.0,0.921075,32
N06,昌平,111,level,staff_ratio,師生比（每師幼兒數）,12.0,0.674,0.674,False,78.1,11.125,32
N06,昌平,111,change,surplus_margin,本期餘絀率 年變動,-0.11944815439006957,-1.833,1.833,False,14.3,-0.042477284670597165,28
N06,昌平,111,change,liability_share,負債占資產比 年變動,0.0274994418414084,1.534,1.534,False,89.3,-0.0018480658889512003,28
N06,昌平,111,change,prepaid_coverage,預收款覆蓋倍數 年變動,0.21227699999999983,1.096,1.096,False,89.3,-0.0023285000000000666,28
N16,中平,110,level,personnel_execution,人事費執行率,0.940139,1.325,1.325,False,96.4,0.8699779999999999,28
N16,中平,110,level,surplus_margin,本期餘絀率,0.015607848829632837,-0.845,0.845,False,7.1,0.06996550580607824,28
N16,中平,110,level,prepaid_coverage,預收款覆蓋倍數,1.857937,-0.809,0.809,False,14.3,2.202604,28
N19,中園,110,level,enrolment_utilisation,招收利用率,0.985294,-1.452,1.452,False,17.9,0.9972525,28
N19,中園,110,level,material_share,材料費占支出比,0.12422883368917162,1.075,1.075,False,82.1,0.10767980692626358,28
N19,中園,110,level,personnel_execution,人事費執行率,0.912496,0.803,0.803,False,85.7,0.8699779999999999,28
N15,新月,110,level,repair_execution,修繕購置費執行率,0.594184,-1.785,1.785,False,21.4,0.9531855,28
N15,新月,110,level,operating_share,業務費占支出比,0.025688443490668914,-0.81,0.81,False,10.7,0.03564365701799557,28
N15,新月,110,level,surplus_margin,本期餘絀率,0.11977250300021938,0.774,0.774,False,85.7,0.06996550580607824,28
N12,昌福,111,level,agency_share,代收代付等占收入比,0.005590226255348307,-2.226,2.226,False,3.7,0.12727953993333513,27
N12,昌福,111,level,unbudgeted_share,未編列預算支出占比,0.19223043522536049,-1.028,1.028,False,15.6,0.4015723263595733,32
N12,昌福,111,level,liquidity,流動比率,1.6071076089605711,0.82,0.82,False,78.1,1.4490537800989065,32
N12,昌福,111,change,repair_execution,修繕購置費執行率 年變動,0.879072,3.542,3.542,True,100.0,-0.139139,28
N12,昌福,111,change,operating_share,業務費占支出比 年變動,0.00570012255077541,2.147,2.147,False,96.4,-0.0024134526648067894,28
N12,昌福,111,change,admin_share,行政管理費占收入比 年變動,0.010964181820281041,2.113,2.113,False,96.4,-0.0002574448942743524,28
N24,佳林,111,level,prepaid_coverage,預收款覆蓋倍數,2.799182,1.552,1.552,False,84.4,2.169097,32
N24,佳林,111,level,operating_share,業務費占支出比,0.02113019248844954,-1.105,1.105,False,15.6,0.033348442615767,32
N24,佳林,111,level,personnel_share,人事費占支出比,0.5135811155421754,-0.844,0.844,False,12.5,0.5941368377994646,32
N24,佳林,111,change,surplus_margin,本期餘絀率 年變動,-0.13853206348473224,-2.287,2.287,False,10.7,-0.042477284670597165,28
N24,佳林,111,change,cost_per_child,每生成本 年變動,25405.420600000012,1.59,1.59,False,85.7,13241.603875,28
N24,佳林,111,change,personnel_share,人事費占支出比 年變動,-0.1230055064292842,-1.504,1.504,False,3.6,-0.021225005721703438,28
N23,菁湖,113,level,material_share,材料費占支出比,0.07761410498122175,-0.945,0.945,False,10.5,0.08848002913557224,38
N23,菁湖,113,level,surplus_margin,本期餘絀率,-0.03988437558968099,-0.777,0.777,False,24.3,0.02967699948537467,37
N23,菁湖,113,level,maintenance_execution,維護費執行率,0.918685,0.746,0.746,False,86.8,0.705515,38
N23,菁湖,113,change,unbudgeted_share,未編列預算支出占比 年變動,-0.4040999397286267,-4.207,4.207,True,8.8,0.05920589352174077,34
N23,菁湖,113,change,admin_share,行政管理費占收入比 年變動,0.006851707277635469,2.908,2.908,False,100.0,-0.0009943702611826082,34
N23,菁湖,113,change,personnel_execution,人事費執行率 年變動,0.282386,2.851,2.851,False,97.1,0.006665000000000032,34
N08,鷺江,111,level,material_share,材料費占支出比,0.08186981050601264,-1.101,1.101,False,12.5,0.10388289883837544,32
N08,鷺江,111,level,liquidity,流動比率,1.6043163864953789,0.805,0.805,False,75.0,1.4490537800989065,32
N08,鷺江,111,level,agency_share,代收代付等占收入比,0.16805999613788972,0.746,0.746,False,81.5,0.12727953993333513,27
N08,鷺江,111,change,enrolment_utilisation,招收利用率 年變動,0.02830199999999994,2.434,2.434,False,96.4,0.0,28
N08,鷺江,111,change,liquidity,流動比率 年變動,0.14664733186798862,1.511,1.511,False,92.9,0.02431861559820392,28
N08,鷺江,111,change,material_share,材料費占支出比 年變動,-0.01839559292073073,-1.083,1.083,False,25.0,-0.005493257467774744,28
N17,中正,112,level,enrolment_utilisation,招收利用率,0.963235,-2.568,2.568,False,17.6,0.9976415000000001,34
N17,中正,112,level,operating_share,業務費占支出比,0.022601198345038178,-1.003,1.003,False,17.6,0.031621612638859,34
N17,中正,112,level,surplus_margin,本期餘絀率,-0.02160862645640285,-0.948,0.948,False,14.7,0.010057057267209894,34
N17,中正,112,change,staff_ratio,師生比（每師幼兒數） 年變動,-1.4469689999999993,-6.006,6.006,True,9.4,0.0,32
N17,中正,112,change,enrolment_utilisation,招收利用率 年變動,-0.03676500000000005,-2.791,2.791,False,9.4,0.0,32
N17,中正,112,change,surplus_margin,本期餘絀率 年變動,-0.09120729601329258,-1.708,1.708,False,12.5,-0.012099935637739836,32
N07,北大,112,level,liquidity,流動比率,1.292869678010598,-0.74,0.74,False,20.6,1.4487267346933002,34
N07,北大,112,level,enrolment_utilisation,招收利用率,0.989011,-0.644,0.644,False,44.1,0.9976415000000001,34
N07,北大,112,level,admin_share,行政管理費占收入比,0.01508192816791171,-0.548,0.548,False,38.2,0.016101454870890788,34
N07,北大,112,change,maintenance_execution,維護費執行率 年變動,-0.19085799999999997,-0.784,0.784,False,21.9,0.01649450000000005,32
N07,北大,112,change,material_share,材料費占支出比 年變動,-0.006166724618350453,-0.638,0.638,False,28.1,-0.002298077168915197,32
N07,北大,112,change,operating_share,業務費占支出比 年變動,-0.00019270918842159007,0.342,0.342,False,71.9,-0.0015948503014797874,32
N28,新樂,112,level,admin_share,行政管理費占收入比,0.014664066581021186,-0.773,0.773,False,29.4,0.016101454870890788,34
N28,新樂,112,level,surplus_margin,本期餘絀率,-0.012515340904904151,-0.675,0.675,False,23.5,0.010057057267209894,34
N28,新樂,112,level,staff_ratio,師生比（每師幼兒數）,11.722222,0.637,0.637,False,73.5,11.0625,34
N28,新樂,112,change,enrolment_utilisation,招收利用率 年變動,0.03301900000000002,2.507,2.507,False,87.5,0.0,32
N28,新樂,112,change,staff_ratio,師生比（每師幼兒數） 年變動,0.3888890000000007,1.614,1.614,False,84.4,0.0,32
N28,新樂,112,change,operating_share,業務費占支出比 年變動,-0.007969978803125569,-1.555,1.555,False,12.5,-0.0015948503014797874,32
N23,菁湖,110,level,agency_share,代收代付等占收入比,0.19055948149795418,0.92,0.92,False,83.3,0.14748526509447646,24
N23,菁湖,110,level,operating_share,業務費占支出比,0.04650347183239828,0.884,0.884,False,89.3,0.03564365701799557,28
N23,菁湖,110,level,enrolment_utilisation,招收利用率,0.990566,-0.812,0.812,False,39.3,0.9972525,28
N17,中正,113,level,enrolment_utilisation,招收利用率,0.933333,-0.973,0.973,False,21.1,0.9737865,38
N17,中正,113,level,personnel_execution,人事費執行率,0.829403,-0.927,0.927,False,23.7,0.8737079999999999,38
N17,中正,113,level,operating_share,業務費占支出比,0.024527601381954953,-0.579,0.579,False,23.7,0.029921565868424968,38
N17,中正,113,change,operating_share,業務費占支出比 年變動,0.0019264030369167753,1.237,1.237,False,91.2,-0.0017595773188904089,34
N17,中正,113,change,staff_ratio,師生比（每師幼兒數） 年變動,-1.5833340000000007,-1.036,1.036,False,29.4,-0.8730770000000003,34
N17,中正,113,change,unbudgeted_share,未編列預算支出占比 年變動,-0.016716985528739015,-0.689,0.689,False,26.5,0.05920589352174077,34
N13,三多,112,level,operating_share,業務費占支出比,0.03965539144198449,0.893,0.893,False,85.3,0.031621612638859,34
N13,三多,112,level,repair_execution,修繕購置費執行率,0.774794,-0.827,0.827,False,23.5,0.9000075000000001,34
N13,三多,112,level,liability_share,負債占資產比,0.9098386723326275,0.744,0.744,False,88.2,0.8708870612773192,34
N13,三多,112,change,operating_share,業務費占支出比 年變動,-0.005711374679071006,-1.004,1.004,False,18.8,-0.0015948503014797874,32
N13,三多,112,change,repair_execution,修繕購置費執行率 年變動,-0.231865,-0.922,0.922,False,15.6,-0.01305100000000009,32
N13,三多,112,change,enrolment_utilisation,招收利用率 年變動,0.011110999999999982,0.844,0.844,False,81.2,0.0,32
N19,中園,113,level,enrolment_utilisation,招收利用率,0.945312,-0.685,0.685,False,34.2,0.9737865,38
N19,中園,113,level,liability_share,負債占資產比,0.8971462558953782,0.623,0.623,False,73.7,0.8679265700642219,38
N19,中園,113,level,operating_share,業務費占支出比,0.02464913571722869,-0.566,0.566,False,26.3,0.029921565868424968,38
N19,中園,113,change,operating_share,業務費占支出比 年變動,0.005667966083078669,2.493,2.493,False,97.1,-0.0017595773188904089,34
N19,中園,113,change,maintenance_execution,維護費執行率 年變動,-0.20412600000000003,-1.017,1.017,False,20.6,0.0985965,34
N19,中園,113,change,prepaid_coverage,預收款覆蓋倍數 年變動,0.04707799999999973,-0.672,0.672,False,30.0,0.2649834999999999,30
