code,short_name,academic_year,balance_sheet_date,income_period,operator,contract_period,approved_capacity,actual_enrolment,total_staff,educators,cash,prepaid_receipts,current_assets_total,current_liabilities_total,reserve_asset,reserve_liability,severance_asset,severance_liability,accumulated_surplus,current_surplus,equity_total,total_assets,total_liabilities,人事費_預算,人事費_決算,業務費_預算,業務費_決算,材料費_預算,材料費_決算,維護費_預算,維護費_決算,修繕購置費_預算,修繕購置費_決算,雜支_預算,雜支_決算,行政管理費_預算,行政管理費_決算,業務發展費_預算,業務發展費_決算,支出合計_決算,收入合計_決算,prepaid_coverage,reserve_funding_gap,equity_erosion,maintenance_execution,repair_execution,personnel_execution,admin_fee_execution,related_party_priority,enrolment_utilisation,staff_ratio,cost_per_child,unbudgeted_spend,identity_passed,identity_failed,n_issues
N01,安溪,111,112年7月31日,111.8.1~112.7.31,社團法人桃園市教保服務人員協會,108年8月1日至112年7月31日,136,134,18,12,8824150,4798921,8984463,6767244,8091844,8091844,638981,638981,1570947,649872,2220819,20469369,18248550,13190571,11539967,883400,401715,2049520,2084531,143000,40666,190400,58005,53004,21679,293292,293292,,1300000,16743535,17393407,1.838778,0,0.413682,0.284378,0.304648,0.874865,1.0,0.442547,0.985294,11.166667,124951.753731,3359233,9,0,8
N01,安溪,113,民國114年7月31日,民國113年8月1日至114年7月31日,社團法人桃園市教保服務人員協會,112年8月1日至116年7月31日,120,118,18,12,8868744,4324548,8950842,6271595,13699844,15899844,790438,790438,2471618,-1988771,482847,26187977,25705130,13712011,11978248,809400,382209,2096400,1890864,143000,106064,168000,128643,48564,20662,290580,290580,,5420000,22144749,20155978,2.050791,2200000,-0.804643,0.741706,0.765732,0.873559,1.0,0.303229,0.983333,9.833333,187667.364407,9513457,9,0,6
N02,山北,111,112年7月31日,111.8.1~112.7.31,財團法人三之三生命教育基金會,108年8月1日至112年7月31日,90,90,13,10,5870141,2675641,6110592,3923543,5076723,5076723,302484,302484,1773188,413861,2187049,12172850,9985801,7982336,7286602,689200,505083,1401300,1115609,118000,52748,126000,24821,41352,3120,125430,125430,,620000,12287391,12701252,2.19392,0,0.233399,0.447017,0.196992,0.912841,1.0,0.47312,1.0,9.0,136526.566667,5618899,9,0,7
N02,山北,113,114年7月31日,民國113年8月1日至114年7月31日,財團法人三之三生命教育基金會,112年8月1日至116年7月31日,86,86,13,10,6615258,2714589,6619733,4106641,9114885,9114885,413891,413891,1838209,674883,2513092,16869798,14356706,10081983,9040242,723700,485428,1502420,1120241,118000,44629,120400,288508,43422,4794,222612,222612,,2204787,15191842,15866725,2.436928,0,0.367142,0.378212,2.396246,0.896673,1.0,0.13368,1.0,8.6,176649.325581,5764357,9,0,8
N03,龍埔成長,113,民國114年7月31日,民國113年8月1日至114年7月31日 (113.8.1~114.7.31),財團法人成長文教基金會,113年8月1日至117年7月31日,72,71,12,9,6149763,2720064,6167351,4037948,7629301,7629301,428137,428137,2896676,-760073,2136603,14987068,12850465,9548493,8710840,562700,498463,1257840,1183148,118000,98854,100800,91690,33762,5671,182054,182054,,1699800,13604475,12844402,2.260889,0,-0.262395,0.837746,0.909623,0.912274,1.0,0.224321,0.986111,7.888889,191612.323944,3747157,9,0,13
N04,海工,111,112年7月31日,111.8.1~112.7.31,社團法人新北市幼兒成長協會,109年8月1日至113年7月31日,60,60,6,4,2706430,1280861,2758013,1510307,2554000,2554000,139758,139758,1162404,85302,1247706,5928185,4680479,4663319,4018956,566000,375935,934200,1040430,93000,85436,84000,166999,33960,22233,90012,90012,,480000,7679993,7765295,2.112977,0,0.073384,0.918667,1.988083,0.861823,1.0,-0.033527,1.0,15.0,127999.883333,3430967,9,0,6
N04,海工,113,114年7月31日,民國113年8月1日至114年7月31日,社團法人新北市幼兒成長協會,113年8月1日至117年7月31日,48,48,7,5,3294879,1641672,3309865,2260002,5024000,5024000,198704,198704,1569931,-520068,1049863,9032432,7982569,5682706,5072224,546000,391984,838560,862438,93000,49846,67200,234047,32760,12400,138456,138456,,1170000,8871195,8351127,2.007026,0,-0.331268,0.535978,3.482842,0.892572,1.0,-0.172716,1.0,9.6,184816.5625,2852927,9,0,8
N05,漢翔,113,114年7月31日,民國113年8月1日至114年7月31日,財團法人三之三生命教育基金會,113年8月1日至117年7月31日,72,72,8,7,6877439,2468856,6973753,3424375,10767024,10767024,354784,354784,1957533,1606845,3564378,19443325,15878947,8784257,6363884,719700,298788,1257840,811922,118000,127280,100800,55784,43182,39257,197754,197754,,2575405,11597650,13204495,2.785678,0,0.820852,1.078644,0.553413,0.724465,1.0,0.278955,1.0,10.285714,161078.472222,4675476,9,0,12
N06,昌平,111,112年7月31日,111.8.1~112.7.31,財團法人三之三生命教育基金會,110年8月1日至114年7月31日,120,120,13,10,5654815,2440957,5765683,4024929,5660167,5660167,248269,248269,1819298,-67044,1752254,13342087,11589833,8783086,7770536,819400,559276,1808400,1575211,143000,73263,168000,115092,49164,12058,262780,262780,,1382600,14033020,13965976,2.316639,0,-0.036852,0.512329,0.685071,0.884716,1.0,0.353171,1.0,12.0,116941.833333,5886140,9,0,7
N06,昌平,113,114年7月31日,民國113年8月1日至114年7月31日,財團法人三之三生命教育基金會,110年8月1日至114年7月31日,112,105,13,10,4822001,2030400,4831707,3506324,9482365,9482365,333792,333792,1939396,-602513,1336883,16254782,14917899,9192044,7955962,819400,501842,1956640,1638179,143000,70966,156800,157505,49164,8140,277604,277604,,1783086,15234973,14632460,2.374902,0,-0.31067,0.496266,1.004496,0.865527,1.0,0.336409,0.9375,10.5,145094.980952,7491806,9,0,11
N07,北大,111,民國112年7月31日,民國111年8月1日至112年7月31日 (111.8.1~112.7.31),社團法人中華音樂舞蹈暨表演藝術教育協會,110年8月1日至114年7月31日,182,180,23,17,8778113,4416875,8932995,6757874,4087000,4087000,354383,354383,1652483,522638,2175121,16195719,14020598,16463139,14516199,1138500,588451,2450630,2312942,190000,191755,254800,227960,68310,30268,358913,358913,,1400000,21332856,21855494,1.987404,0,0.316274,1.009237,0.894662,0.881739,1.0,0.218431,0.989011,10.588235,118515.866667,4668831,9,0,4
N07,北大,113,民國114年7月31日,民國113年8月1日至114年7月31日 (113.8.1~114.7.31),社團法人中華音樂舞蹈暨表演藝術教育協會,110年8月1日至114年7月31日,162,137,23,17,10214084,,10535865,5786623,,,,,2123275,2625967,4749242,12687968,7938726,17082193,17915419,985400,596627,2570130,2067204,163000,129310,226800,172003,59124,13402,355553,355553,,1170239,25409886,29145666,,,1.236753,0.793313,0.758391,1.048777,1.0,0.293843,0.845679,8.058824,185473.620438,15352052,9,0,10
N08,鷺江,111,民國112年7月31日,民國111年8月1日至112年7月31日,財團法人彭婉如文教基金會,中華民國110年8月1日至114年7月31日,106,105,13,10,5697457,2539981,5905333,3680903,6550652,6550652,216452,240905,1746758,456219,2202977,14295302,12092325,8645267,7382340,819400,415654,1597420,1126007,143000,108915,148400,153431,49164,1310,241682,241682,,1573640,13753629,14209848,2.24311,0,0.26118,0.761643,1.033902,0.853917,1.0,0.351956,0.990566,10.5,130986.942857,4324290,9,0,4
N08,鷺江,113,民國114年7月31日,民國113年8月1日至114年7月31日,財團法人彭婉如文教基金會,中華民國110年8月1日至114年7月31日,100,96,13,10,4356499,2149620,4438663,3085621,11525647,11525647,342271,342271,2121702,-765660,1356042,17541054,16185012,9054090,7810400,819400,493617,1747000,1386265,143000,92427,140000,130993,49164,2222,256640,256640,,2245150,16288934,15523274,2.026637,0,-0.360871,0.646343,0.935664,0.862638,1.0,0.352373,0.96,9.6,169676.395833,10110489,9,0,10
N09,安興,111,民國112年7月31日,111.8.1~112.7.31,社團法人臺灣兒童教育發展協會,110年8月1日至114年7月31日,60,60,7,4,3830890,1484908,4374023,2683535,3375000,3375000,135733,135733,1448836,241652,1690488,9231968,7541480,5220945,4104465,568000,356779,904200,798212,93000,136426,84000,68974,34080,3487,147220,147220,,1375000,8883790,9125442,2.579884,0,0.16679,1.466946,0.821119,0.786154,1.0,0.218758,1.0,15.0,148063.166667,5339503,9,0,4
N09,安興,113,114年7月31日,民國113年8月1日至114年7月31日,社團法人臺灣兒童教育發展協會,110年8月1日至114年7月31日,52,45,8,5,8589308,,8666787,2986112,,,,,1767061,3913614,5680675,9560217,3879542,5355189,4817555,593000,345000,908440,850077,93000,116894,72800,98986,35580,28993,150144,150144,,1419000,10105038,15297334,,,2.214759,1.256925,1.359698,0.899605,1.0,0.025227,0.865385,9.0,224556.4,13858445,9,0,9
N10,大觀,113,114年7月31日,民國113年8月1日至114年7月31日,社團法人新北市中華國際嬰幼兒發展學會,111年8月1日至115年7月31日,100,99,13,10,6479455,3338598,6555425,5293667,5572550,5572550,335006,335006,1785125,-523367,1261758,14199205,12937447,10081901,9314356,799400,610060,1747000,1664885,143000,111706,140000,162717,47964,14453,254640,254640,,1709900,18076343,17552976,1.940771,0,-0.293182,0.781161,1.162264,0.923869,1.0,0.185872,0.99,9.9,182589.323232,10242282,9,0,6
N11,新林,111,112年7月31日,民國111年8月1日至112年7月31日,社團法人中華音樂舞蹈暨表演藝術教育協會,111年8月1日至115年7月31日,136,135,16,11,6469249,3189503,6574506,5162999,4383772,4383772,265732,265732,1352514,58993,1411507,13174878,11763371,11587994,11076596,879400,583371,2049520,1923090,143000,86949,190400,190213,52764,42042,292892,292892,,730000,16330931,16389924,2.028294,0,0.043617,0.608035,0.999018,0.955868,1.0,0.1731,0.992647,12.272727,120969.859259,3472110,8,0,5
N12,昌福,111,民國112年7月31日,民國111年8月1日至112年7月31日,中華民國文教產業發展暨補習服務品保協會,111年8月1日至115年7月31日,90,89,12,8,6746805,3110527,6936810,4316332,6504389,6504389,198858,198858,2302020,319958,2621978,15230003,12608025,8488051,7001260,676700,397097,1356300,948245,118000,70633,126000,123246,40602,5550,203300,203300,,1900000,10831469,11151427,2.169023,0,0.13899,0.598585,0.978143,0.824837,1.0,0.362631,0.988889,11.125,121701.898876,2082138,9,0,3
N14,積穗,111,112年7月31日,民國111年8月1日至112年7月31日,財團法人三之三生命教育基金會,111年8月1日至115年7月31日,106,106,13,10,5316025,2822922,5867623,4410665,5030766,5030766,222903,222903,1282819,177139,1459958,12699715,11239757,9825800,9226443,799400,390198,1597420,1261320,143000,126802,148400,77852,47964,3263,239682,239682,,1208000,15124656,15301795,1.883164,0,0.138086,0.886727,0.524609,0.939002,1.0,0.383987,1.0,10.6,142685.433962,3799096,9,0,9
N15,新月,111,112年7月31日,111.8.1~112.7.31,財團法人彭婉如文教基金會,111年8月1日至115年7月31日,182,182,23,17,9161384,4397976,9486167,6229997,9824521,9824521,371877,371877,2648523,607647,3256170,23613572,20357402,16878076,14262637,1090500,426214,2450630,1734919,190000,61619,254800,107434,65430,4150,354113,354113,,3653150,23467971,24075618,2.083091,0,0.229429,0.324311,0.421641,0.845039,1.0,0.541132,1.0,10.705882,128944.895604,9483109,9,0,9
N16,中平,111,民國112年7月31日,民國111年8月1日至112年7月31日 (111.8.1~112.7.31),社團法人新北市中華國際嬰幼兒發展學會,111年8月1日至115年7月31日,120,120,13,10,6801994,3855322,7388506,5429390,5743000,5743000,241124,241124,1947323,11793,1959116,14928099,12968983,9691500,8646665,799400,435252,1808400,1696640,143000,44892,168000,118013,47964,11161,260780,260780,,1396000,15532585,15544378,1.764313,0,0.006056,0.31393,0.702458,0.892191,1.0,0.396009,1.0,12.0,129438.208333,7215529,9,0,5
N17,中正,111,112年7月31日,111.8.1~112.7.31,財團法人三之三生命教育基金會,111年8月1日至115年7月31日,136,136,18,11,7166401,3293734,7524917,5243988,3128100,3128100,170445,170445,1105645,1180084,2285729,11995442,9709713,12579209,10636839,883400,442738,2049520,1677112,143000,68584,190400,167282,53004,35173,293292,293292,,509500,15775470,16955554,2.175768,0,1.067326,0.479608,0.878582,0.845589,1.0,0.302193,1.0,12.363636,115996.102941,4208188,9,0,7
N18,福營,111,112年7月31日,111.8.1~112.7.31,社團法人中華兆陽文教發展協會,111年8月1日至115年7月31日,120,120,13,10,6298300,2612000,6702551,4004685,2270773,2270773,80391,80391,2585843,117023,2702866,10181764,7478898,9607730,8845271,799400,435559,1808400,1819194,143000,135536,168000,167134,47964,13647,260780,260780,,890000,14859531,14980499,2.411294,0,0.045255,0.947804,0.994845,0.920641,1.0,0.216893,1.0,12.0,123829.425,5545403,9,0,6
N19,中園,111,112年7月31日,111.8.1~112.7.31,財團法人成長文教基金會,108年8月1日至112年7月31日,136,129,16,13,6714729,3095528,7063528,5189169,3282000,3282000,217841,217841,1689026,186833,1875859,12153842,10277983,9918549,8582980,759400,515572,2090320,1673227,141355,79128,190400,134338,45564,32666,170983,170983,,980000,16148842,16335675,2.169171,0,0.110616,0.559782,0.705557,0.865346,1.0,0.278834,0.948529,9.923077,125184.821705,9012097,9,0,6
N25,碧城,111,112年7月31日,民國111年8月1日至112年7月31日,社團法人中華音樂舞蹈暨表演藝術教育協會,110年8月1日至114年7月31日,120,120,13,9,5017424,2402005,5315722,3730977,2044000,2044000,66575,66575,1780717,-195372,1585345,10421178,8835833,8743585,7877577,631400,447536,1808400,1545579,143000,20711,168000,166399,37884,12468,243980,243980,,1678000,14839508,14644136,2.088848,0,-0.109715,0.144832,0.99047,0.900955,1.0,0.345194,1.0,13.333333,123662.566667,7393096,9,0,6
N29,東湖,111,112年7月31日,民國111年8月30日至112年7月31日,社團法人新北市巧湖溫馨關懷發展協會,111年8月1日至115年7月31日(111年8月30日開園),242,229,28,21,9605986,5200465,10346111,7595432,1390000,1390000,,105517,,2645162,2645162,16295950,13650788,17819480,14214119,1215133,817728,2986985,3159212,197084,78326,310567,343390,72908,4910,366667,366667,,1390000,21514774,24164251,1.84714,0,,0.397424,1.105687,0.797673,1.0,0.316876,0.946281,10.904762,93950.978166,3369131,9,0,9
N30,文中,111,112年7月31日,111.9.30~112.7.31,財團法人三之三生命教育基金會,111年8月1日至115年7月31日（111年9月30日開園）,106,74,13,10,2506789,2185603,2522559,3073247,,,43957,43957,,-550688,-550688,2672191,3222879,7412692,6055356,666166,219362,1331183,825802,119167,21079,123667,264795,39970,15878,199735,,,,7557889,7007201,1.146955,,,0.176886,2.141194,0.81689,0.0,-0.746977,0.698113,7.4,102133.635135,-1524736,8,0,10
