code,short_name,academic_year,available_from,panel_total_assets,panel_total_liabilities,panel_current_assets_total,panel_current_liabilities_total,panel_cash,panel_prepaid_receipts,panel_accumulated_surplus,panel_current_surplus,panel_equity_total,panel_收入合計_決算,panel_支出合計_決算,panel_total_staff,panel_educators,panel_approved_capacity,panel_actual_enrolment,pretax_surplus,cf_receivables,cf_prepaid_receipts,cash_open,cash_close,pay_educators,pay_support,pay_overtime,pay_insurance,pay_pension,pay_welfare,pay_health_check,pay_severance,tuition_gross,tuition_deduction,tuition_net,operating_cost,tuition_net_surplus,development_fee_fn,interest_income,approved_capacity_fn,operating_months,approved_total_fn,bt_人事費_budget,bt_人事費_actual,bt_業務費_budget,bt_業務費_actual,bt_材料費_budget,bt_材料費_actual,bt_維護費_budget,bt_維護費_actual,bt_修繕購置費_budget,bt_修繕購置費_actual,bt_雜支_budget,bt_雜支_actual,bt_行政管理費_budget,bt_行政管理費_actual,n_sections,tuition_per_child_month,cost_per_child_month,tuition_cost_ratio,personnel_detail_total,educator_pay_share,overtime_share,pension_share,cash_change,exec_人事費,exec_業務費,exec_材料費,exec_維護費,exec_修繕購置費,exec_雜支,exec_行政管理費,cf_payables
N01,安溪,110,111/7/31,14735315.0,13164368.0,6087164.0,4519817.0,5803751.0,3078815.0,1352390.0,218557.0,1570947.0,11284869.0,11066312.0,12.0,9.0,90.0,90.0,218557.0,36720.0,440750.0,5348001.0,5803751.0,4321755.0,1193144.0,299088.0,679824.0,330048.0,12000.0,1000.0,44678.0,10069260.0,-76932.0,9992328.0,-8687375.0,1304953.0,-1099000.0,43296.0,90.0,12.0,1080.0,7645622.0,6763467.0,676700.0,300404.0,1401300.0,1245534.0,118000.0,105476.0,126000.0,125696.0,40602.0,22118.0,124680.0,124680.0,4,9252.155555555555,-8043.865740740741,-1.1502125785982533,6881537.0,0.6280217631613403,0.04346238347624957,0.0479613783955532,455750.0,0.884619590139298,0.44392492980641346,0.8888417897666453,0.8938644067796611,0.9975873015873016,0.5447514900743806,1.0,
N01,安溪,111,112/7/31,20469369.0,18248550.0,8984463.0,6767244.0,8824150.0,4798921.0,1570947.0,649872.0,2220819.0,17393407.0,16743535.0,18.0,12.0,136.0,134.0,649872.0,-51242.0,1720106.0,5803751.0,8824150.0,6802112.0,2585737.0,995112.0,1261398.0,534684.0,18000.0,18000.0,74263.0,16337854.0,-110047.0,16227807.0,-14439855.0,1787952.0,-1300000.0,69934.0,136.0,12.0,1632.0,13190571.0,11539967.0,883400.0,401715.0,2049520.0,2084531.0,143000.0,40666.0,190400.0,58005.0,53004.0,21679.0,293292.0,293292.0,4,9943.50919117647,-8847.950367647058,-1.1238206339329584,12289306.0,0.5534984644372921,0.08097381577120791,0.043508071163660504,3020399.0,0.8748648561157815,0.45473737831107086,1.0170825363987666,0.2843776223776224,0.30464810924369745,0.4090068674062335,1.0,
N01,安溪,112,113/7/31,24140447.0,21668829.0,9740300.0,7272282.0,9654314.0,5207452.0,2220819.0,250799.0,2471618.0,18995020.0,18744221.0,18.0,12.0,136.0,134.0,250799.0,34121.0,408531.0,8824150.0,9654314.0,6859945.0,2602747.0,1003968.0,1378722.0,539460.0,18000.0,2000.0,74925.0,17324859.0,-94176.0,17230683.0,-14833193.0,2397490.0,-2388000.0,82077.0,136.0,12.0,1632.0,13414768.0,11797585.0,883400.0,394450.0,2375920.0,2216621.0,143000.0,51581.0,190400.0,28074.0,53004.0,18950.0,325932.0,325932.0,4,10558.016544117647,-9088.966299019608,-1.1616300684552543,12479767.0,0.5496853426830806,0.08044765579357371,0.04322676857668897,830164.0,0.8794475610759724,0.446513470681458,0.9329527088454157,0.3607062937062937,0.14744747899159663,0.35752018715568634,1.0,
N01,安溪,113,114/7/31,26187977.0,25705130.0,8950842.0,6271595.0,8868744.0,4324548.0,2471618.0,-1988771.0,482847.0,20155978.0,22144749.0,18.0,12.0,120.0,118.0,-1988771.0,-2979.0,-882904.0,9654314.0,8868744.0,7019031.0,2646110.0,1025568.0,1408282.0,551028.0,18000.0,18000.0,76532.0,17990000.0,-68050.0,17921950.0,-14797270.0,3124680.0,-5420000.0,211286.0,120.0,12.0,1440.0,13712011.0,11978248.0,809400.0,382209.0,2096400.0,1890864.0,143000.0,106064.0,168000.0,128643.0,48564.0,20662.0,290580.0,290580.0,4,12445.798611111111,-10275.881944444443,-1.2111659785892939,12762551.0,0.5499708483045435,0.08035760248871875,0.04317538084666615,-785570.0,0.873558809134561,0.47221275018532244,0.9019576416714368,0.7417062937062937,0.7657321428571429,0.4254591878757928,1.0,
N02,山北,110,111/7/31,10482506.0,8709318.0,4945771.0,3172583.0,4776291.0,2034803.0,707954.0,1065234.0,1773188.0,12382097.0,11291786.0,13.0,10.0,90.0,90.0,1090311.0,-4599.0,-48218.0,4282870.0,4776291.0,4525538.0,1128439.0,333840.0,696233.0,332784.0,13000.0,1000.0,45296.0,10232397.0,-83589.0,10148808.0,-8789542.0,1359266.0,-294400.0,25283.0,90.0,12.0,1080.0,7774379.0,6971731.0,689200.0,445333.0,1401300.0,1085568.0,118000.0,93029.0,126000.0,50201.0,41352.0,3850.0,125430.0,125430.0,4,9397.044444444446,-8138.464814814815,-1.154645827962367,7076130.0,0.639549866947046,0.047178330528127664,0.047029096412869745,493421.0,0.8967572844081824,0.6461593151479976,0.7746863626632413,0.7883813559322034,0.3984206349206349,0.09310311472238345,1.0,-38042.0
N02,山北,111,112/7/31,12172850.0,9985801.0,6110592.0,3923543.0,5870141.0,2675641.0,1773188.0,413861.0,2187049.0,12701252.0,12287391.0,13.0,10.0,90.0,90.0,,-2451.0,640838.0,4776291.0,5870141.0,4650683.0,1149093.0,342108.0,719094.0,343728.0,13000.0,13000.0,46428.0,10232832.0,-99244.0,10133588.0,-9136912.0,996676.0,-620000.0,37036.0,90.0,12.0,1080.0,7982336.0,7286602.0,689200.0,505083.0,1401300.0,1115609.0,118000.0,52748.0,126000.0,24821.0,41352.0,3120.0,125430.0,125430.0,4,9382.95185185185,-8460.103703703704,-1.1090823683099935,7277134.0,0.6390816769349033,0.047011364638881184,0.047233979750819485,1093850.0,0.9128408024919021,0.732854033662217,0.7961243131378006,0.44701694915254236,0.1969920634920635,0.07544979686593152,1.0,4860.0
N02,山北,112,113/7/31,14224642.0,12386433.0,6167364.0,4329155.0,6143624.0,3035595.0,2187049.0,-348840.0,1838209.0,13850855.0,14199695.0,13.0,10.0,90.0,90.0,-348840.0,-16681.0,359954.0,5870141.0,6143624.0,6081414.0,1355400.0,738192.0,1013688.0,396636.0,13000.0,1000.0,55088.0,12764928.0,-73967.0,12690961.0,-11286703.0,1404258.0,-1833375.0,68971.0,90.0,12.0,1080.0,9854366.0,9157815.0,723700.0,463878.0,1572300.0,1219134.0,118000.0,81966.0,126000.0,107677.0,43422.0,6095.0,229600.0,229600.0,4,11750.889814814815,-10450.650925925926,-1.1244170241743758,9654418.0,0.6299099541784912,0.07646157437972957,0.041083367221100224,273483.0,0.929315493254462,0.6409810695039381,0.775382560580042,0.6946271186440678,0.854579365079365,0.14036663442494587,1.0,102.0
N02,山北,113,114/7/31,16869798.0,14356706.0,6619733.0,4106641.0,6615258.0,2714589.0,1838209.0,674883.0,2513092.0,15866725.0,15191842.0,13.0,10.0,86.0,86.0,674883.0,23731.0,-321006.0,6143624.0,6615258.0,,1377069.0,754728.0,1036362.0,405504.0,13000.0,13000.0,56319.0,14066000.0,-50562.0,14015438.0,-11228210.0,2787228.0,-2204787.0,92442.0,86.0,12.0,1032.0,10081983.0,9040242.0,723700.0,485428.0,1502420.0,1120241.0,118000.0,44629.0,120400.0,288508.0,43422.0,4794.0,222612.0,222612.0,4,13580.8507751938,-10880.048449612403,-1.2482344024559568,3655982.0,,0.20643646494977272,0.11091520691294432,471634.0,0.8966730056973911,0.6707586016305099,0.7456243926465302,0.3782118644067797,2.39624584717608,0.11040486389387869,1.0,6258.0
N03,龍埔成長,110,111/7/31,9229892.0,6935050.0,5685118.0,3397476.0,5594770.0,1980450.0,1527169.0,767673.0,2294842.0,11955951.0,11188278.0,12.0,9.0,90.0,90.0,767673.0,-63151.0,-31933.0,4734132.0,5594770.0,4442664.0,1186961.0,612240.0,695743.0,338472.0,12000.0,4000.0,45682.0,10094201.0,-105823.0,9988378.0,-9124622.0,863756.0,-98000.0,1917.0,90.0,12.0,1080.0,7989599.0,7235004.0,562700.0,413394.0,1401300.0,1126043.0,118000.0,87399.0,126000.0,126641.0,33762.0,18301.0,117840.0,117840.0,4,9248.498148148148,-8448.724074074074,-1.0946621131264396,7337762.0,0.6054521801061413,0.08343688443424575,0.04612741596143347,860638.0,0.9055528318755421,0.7346614537053492,0.8035702561906801,0.7406694915254237,1.0050873015873016,0.5420591197203957,1.0,287547.0
N03,龍埔成長,111,112/7/31,11149432.0,8503490.0,6532802.0,3894060.0,6310506.0,2164292.0,2294842.0,351100.0,2645942.0,12215954.0,11864854.0,12.0,9.0,90.0,89.0,351100.0,-9215.0,183842.0,5594770.0,6310506.0,4546951.0,1207819.0,625920.0,706610.0,343656.0,12000.0,8000.0,46712.0,10081365.0,-90327.0,9991038.0,-8718245.0,1272793.0,-1000000.0,29028.0,90.0,12.0,1080.0,8163410.0,6737493.0,562700.0,419663.0,1401300.0,1198211.0,118000.0,104079.0,126000.0,125945.0,33762.0,15014.0,117840.0,117840.0,4,9250.961111111112,-8072.449074074074,-1.1459918825405802,7497668.0,0.6064486984486376,0.08348195732326372,0.04583505164539161,715736.0,0.8253282635565284,0.7458023813755109,0.8550710054948976,0.8820254237288135,0.999563492063492,0.444701143297198,1.0,64623.0
N03,龍埔成長,112,113/7/31,13476093.0,10579417.0,6441870.0,3552394.0,6426739.0,2400701.0,2645942.0,250734.0,2896676.0,14144106.0,13893372.0,12.0,9.0,90.0,90.0,250734.0,74339.0,236409.0,6310506.0,6426739.0,4651239.0,1228676.0,639840.0,723357.0,352800.0,12000.0,4000.0,47742.0,10090612.0,-70525.0,10020087.0,-7447788.0,2572299.0,-2393000.0,57597.0,90.0,12.0,1080.0,8339301.0,5280926.0,562700.0,480975.0,1401300.0,1350447.0,118000.0,105827.0,126000.0,105781.0,33762.0,5992.0,117840.0,117840.0,4,9277.858333333334,-6896.099999999999,-1.3453775805648602,7659654.0,0.6072387865039335,0.08353379930738386,0.04605952174863251,116233.0,0.6332576315448981,0.854762751021859,0.9637101263112824,0.8968389830508474,0.8395317460317461,0.17747763758071206,1.0,-540061.0
N03,龍埔成長,113,114/7/31,14987068.0,12850465.0,6167351.0,4037948.0,6149763.0,2720064.0,2896676.0,-760073.0,2136603.0,12844402.0,13604475.0,12.0,9.0,72.0,71.0,,6000.0,319363.0,6426739.0,6149763.0,5781781.0,1439870.0,716832.0,984364.0,385152.0,12000.0,1000.0,53494.0,11931000.0,-306130.0,11624870.0,-10770720.0,854150.0,-1699800.0,85197.0,72.0,12.0,864.0,9548493.0,8710840.0,562700.0,498463.0,1257840.0,1183148.0,118000.0,98854.0,100800.0,91690.0,33762.0,5671.0,182054.0,182054.0,4,13454.710648148148,-12466.111111111111,-1.079302962104669,9374493.0,0.6167566608668863,0.07646621529292304,0.041085101882309794,-276976.0,0.9122738006929471,0.8858414785853919,0.9406188386440246,0.8377457627118644,0.9096230158730159,0.16796990699603104,1.0,31596.0
N04,海工,110,111/7/31,5285338.0,4122934.0,2593148.0,1430744.0,2575148.0,1208580.0,789323.0,373081.0,1162404.0,7163219.0,6790138.0,7.0,5.0,60.0,60.0,373081.0,221460.0,105000.0,1803908.0,2575148.0,2563245.0,832222.0,343896.0,407864.0,188352.0,7000.0,1000.0,25667.0,6210921.0,-47772.0,6163149.0,-5478630.0,684519.0,-336000.0,11066.0,60.0,12.0,720.0,4548105.0,3798440.0,566000.0,356834.0,934200.0,956833.0,93000.0,70282.0,84000.0,195741.0,33960.0,10488.0,90012.0,90012.0,4,8559.929166666667,-7609.208333333333,-1.124943462142908,4369246.0,0.5866561415859853,0.0787083171787535,0.0431085821214919,771240.0,0.8351698124823416,0.6304487632508834,1.024227146221366,0.7557204301075269,2.33025,0.3088339222614841,1.0,49110.0
N04,海工,111,112/7/31,5928185.0,4680479.0,2758013.0,1510307.0,2706430.0,1280861.0,1162404.0,85302.0,1247706.0,7765295.0,7679993.0,6.0,4.0,60.0,60.0,85302.0,-33583.0,72281.0,2575148.0,2706430.0,,846125.0,352212.0,419532.0,193536.0,7000.0,7000.0,26285.0,6214320.0,-33835.0,6180485.0,-5801001.0,380484.0,-480000.0,32860.0,60.0,12.0,720.0,4663319.0,4018956.0,566000.0,375935.0,934200.0,1040430.0,93000.0,85436.0,84000.0,166999.0,33960.0,22233.0,90012.0,90012.0,4,8584.006944444443,-8056.945833333334,-1.0654169857926243,1851690.0,,0.19021110445052897,0.1045185749234483,131282.0,0.8618230920938499,0.6641961130742049,1.1137122671804753,0.9186666666666666,1.9880833333333334,0.6546819787985866,1.0,64412.0
N04,海工,112,113/7/31,7790743.0,6220812.0,3271040.0,1701109.0,3226040.0,1488338.0,1247706.0,322225.0,1569931.0,9031229.0,8709004.0,7.0,5.0,60.0,60.0,322225.0,51583.0,207477.0,2706430.0,3226040.0,2702295.0,860031.0,360528.0,431884.0,200160.0,7000.0,1000.0,26903.0,6202211.0,-37864.0,6164347.0,-4655946.0,1508401.0,-1300000.0,55146.0,60.0,12.0,720.0,4768660.0,2899218.0,566000.0,384913.0,934200.0,1098507.0,93000.0,33078.0,84000.0,143845.0,33960.0,6373.0,90012.0,90012.0,4,8561.593055555555,-6466.591666666667,-1.3239730443609097,4589801.0,0.5887608199135431,0.07854981076521618,0.04360973384249121,519610.0,0.6079733090637621,0.6800583038869258,1.1758798972382787,0.3556774193548387,1.7124404761904761,0.18766195524146054,1.0,-125922.0
N04,海工,113,114/7/31,9032432.0,7982569.0,3309865.0,2260002.0,3294879.0,1641672.0,1569931.0,-520068.0,1049863.0,8351127.0,8871195.0,7.0,5.0,48.0,48.0,-520068.0,,153334.0,3226040.0,3294879.0,2771820.0,1016389.0,429408.0,589647.0,230712.0,7000.0,1000.0,32043.0,7608000.0,-238368.0,7369632.0,-6761395.0,608237.0,-1170000.0,41695.0,48.0,12.0,576.0,5682706.0,5072224.0,546000.0,391984.0,838560.0,862438.0,93000.0,49846.0,67200.0,234047.0,32760.0,12400.0,138456.0,138456.0,4,12794.5,-11738.532986111111,-1.0899573238954388,5078019.0,0.5458467169973172,0.08456210975185402,0.045433465294241714,68839.0,0.8925719542767125,0.7179194139194139,1.0284750047700821,0.5359784946236559,3.482842261904762,0.3785103785103785,1.0,
N05,漢翔,110,111/7/31,12286520.0,10703714.0,4605175.0,3037369.0,4227113.0,2010759.0,790799.0,792007.0,1582806.0,11841923.0,11009882.0,11.0,8.0,76.0,76.0,832041.0,-405.0,-182584.0,4005885.0,4227113.0,3693101.0,1210114.0,535260.0,610951.0,293040.0,11000.0,11000.0,39941.0,9030884.0,-37992.0,8992892.0,-7484517.0,1508375.0,-766300.0,3836.0,76.0,12.0,912.0,7006576.0,5862148.0,694700.0,373048.0,1183320.0,907619.0,118000.0,82394.0,106400.0,111654.0,41682.0,34973.0,112681.0,112681.0,4,9860.627192982456,-8206.707236842105,-1.2015327107948315,6404407.0,0.5766499536959472,0.08357682452099,0.04575599270939527,221228.0,0.8366637284745074,0.5369915071253779,0.7670106142041037,0.6982542372881356,1.0493796992481204,0.8390432320905906,1.0,-26043.0
N05,漢翔,111,112/7/31,12882843.0,11193386.0,5152130.0,3477673.0,4718448.0,2088983.0,1582806.0,106651.0,1689457.0,11976524.0,11869873.0,11.0,8.0,76.0,76.0,106651.0,675.0,78224.0,4227113.0,4718448.0,3790436.0,1230971.0,548328.0,632579.0,303768.0,11000.0,1000.0,40920.0,9024121.0,-41192.0,8982929.0,-8252663.0,730266.0,-744800.0,39517.0,76.0,12.0,912.0,7175076.0,6412661.0,694700.0,412723.0,1183320.0,1086820.0,118000.0,147265.0,106400.0,46170.0,41682.0,34343.0,112681.0,112681.0,4,9849.702850877193,-9048.972587719298,-1.088488527884878,6559002.0,0.5778982839157543,0.08359930367455293,0.046313143371506826,491335.0,0.8937411952152144,0.5941024902835756,0.9184497853496941,1.2480084745762712,0.43392857142857144,0.823928794203733,1.0,4661.0
N05,漢翔,112,113/7/31,14672741.0,12715208.0,5253472.0,3310939.0,5236308.0,2195398.0,1689457.0,268076.0,1957533.0,12921591.0,12653515.0,11.0,8.0,76.0,76.0,268076.0,-742.0,106415.0,4718448.0,5236308.0,3887771.0,1251829.0,561396.0,644764.0,309816.0,11000.0,11000.0,41898.0,9017887.0,-65227.0,8952660.0,-6973272.0,1979388.0,-1782519.0,71207.0,76.0,12.0,912.0,7349453.0,5032018.0,694700.0,421276.0,1183320.0,1180578.0,118000.0,88595.0,106400.0,111709.0,41682.0,26415.0,112681.0,112681.0,4,9816.513157894737,-7646.131578947369,-1.283853548233885,6719474.0,0.5785826390577595,0.08354761101836244,0.046107180413228775,517860.0,0.6846792543608348,0.6064142795451274,0.9976827907920089,0.7508050847457627,1.0498966165413535,0.6337267885418166,1.0,89602.0
N05,漢翔,113,114/7/31,19443325.0,15878947.0,6973753.0,3424375.0,6877439.0,2468856.0,1957533.0,1606845.0,3564378.0,13204495.0,11597650.0,8.0,7.0,72.0,72.0,1606845.0,742.0,273458.0,5236308.0,6877439.0,5223894.0,1409792.0,658416.0,904221.0,353796.0,11000.0,1000.0,49138.0,12232000.0,-260968.0,11971032.0,-7894669.0,4076363.0,-2575405.0,105887.0,72.0,12.0,864.0,8784257.0,6363884.0,719700.0,298788.0,1257840.0,811922.0,118000.0,127280.0,100800.0,55784.0,43182.0,39257.0,197754.0,197754.0,4,13855.361111111111,-9137.34837962963,-1.5163437504472954,8611257.0,0.6066354772595918,0.076459917524236,0.041085291032424184,1641131.0,0.7244646872239735,0.4151563151313047,0.6454890924123895,1.0786440677966103,0.5534126984126985,0.9091056458709648,1.0,-95945.0
N06,昌平,110,111/7/31,11454209.0,9634911.0,5614254.0,3806456.0,5319138.0,2527673.0,207443.0,1611855.0,1819298.0,14059209.0,12416699.0,13.0,10.0,120.0,120.0,1642510.0,-10362.0,321423.0,3674287.0,5319138.0,5365305.0,1195804.0,651300.0,777552.0,349920.0,13000.0,1000.0,48600.0,11741812.0,-89167.0,11652645.0,-9575594.0,2077051.0,-613100.0,28253.0,120.0,12.0,1440.0,8566753.0,7099629.0,819400.0,532499.0,1808400.0,1462619.0,143000.0,54588.0,168000.0,140166.0,49164.0,23313.0,262780.0,262780.0,4,8092.114583333333,-6649.718055555556,-1.2169109300164564,8402481.0,0.6385381888992072,0.07751282032056961,0.0416448427553719,1644851.0,0.8287421150113701,0.6498645350256285,0.8087917496129174,0.3817342657342657,0.8343214285714285,0.47418843055894555,1.0,-70507.0
N06,昌平,111,112/7/31,13342087.0,11589833.0,5765683.0,4024929.0,5654815.0,2440957.0,1819298.0,-67044.0,1752254.0,13965976.0,14033020.0,13.0,10.0,120.0,120.0,-67044.0,3522.0,-86716.0,5319138.0,5654815.0,5504355.0,1216661.0,667056.0,796505.0,358452.0,13000.0,13000.0,49785.0,11744640.0,-99799.0,11644841.0,-10368216.0,1276625.0,-1382600.0,38872.0,120.0,12.0,1440.0,8783086.0,7770536.0,819400.0,559276.0,1808400.0,1575211.0,143000.0,73263.0,168000.0,115092.0,49164.0,12058.0,262780.0,262780.0,4,8086.695138888888,-7200.150000000001,-1.1231287041087878,8618814.0,0.63864413363602,0.07739533536748791,0.0415894808728904,335677.0,0.8847159187556629,0.6825433243836954,0.8710523114355231,0.5123286713286713,0.6850714285714286,0.245260759905622,1.0,-6780.0
N06,昌平,112,113/7/31,15705283.0,13765887.0,6039073.0,4111177.0,5823963.0,2737503.0,1752254.0,187142.0,1939396.0,15138118.0,14950976.0,13.0,10.0,120.0,118.0,187142.0,630.0,296546.0,5654815.0,5823963.0,5643405.0,1237519.0,682968.0,815448.0,366972.0,13000.0,1000.0,50969.0,11753640.0,-148475.0,11605165.0,-9459498.0,2145667.0,-2039112.0,71787.0,120.0,12.0,1440.0,8975553.0,6839375.0,819400.0,514283.0,1808400.0,1602786.0,143000.0,104233.0,168000.0,116753.0,49164.0,19288.0,262780.0,262780.0,4,8059.14236111111,-6569.095833333333,-1.226826730128808,8811281.0,0.6404749774748983,0.07751063664863259,0.04164797377362043,169148.0,0.7620004026492853,0.6276336343666097,0.886300597213006,0.7289020979020979,0.6949583333333333,0.39231958343503376,1.0,112579.0
N06,昌平,113,114/7/31,16254782.0,14917899.0,4831707.0,3506324.0,4822001.0,2030400.0,1939396.0,-602513.0,1336883.0,14632460.0,15234973.0,13.0,10.0,112.0,105.0,-602513.0,-780.0,-707103.0,5823963.0,4822001.0,5782455.0,1258376.0,698880.0,834403.0,375504.0,13000.0,13000.0,52154.0,11765429.0,-76214.0,11689215.0,-10610198.0,1079017.0,-1783086.0,94566.0,112.0,12.0,1344.0,9192044.0,7955962.0,819400.0,501842.0,1956640.0,1638179.0,143000.0,70966.0,156800.0,157505.0,49164.0,8140.0,277604.0,277604.0,4,8697.332589285714,-7894.492559523809,-1.101696217167672,9027772.0,0.6405185022395338,0.0774144495452477,0.041594315851131373,-1001962.0,0.8655269709326892,0.612450573590432,0.8372408823288904,0.4962657342657343,1.0044961734693878,0.16556830200960052,1.0,-100804.0
N07,北大,110,111/7/31,11779938.0,10127455.0,6061415.0,4408932.0,6036334.0,2664450.0,129477.0,1523006.0,1652483.0,16159911.0,14636905.0,16.0,12.0,150.0,149.0,,,,,,,1619366.0,794496.0,948542.0,426876.0,16000.0,2000.0,59289.0,14247593.0,-135167.0,14112426.0,-12523135.0,1589291.0,-99000.0,27037.0,150.0,12.0,1800.0,10473539.0,9226416.0,899400.0,685944.0,2260500.0,1973721.0,143000.0,67720.0,210000.0,202136.0,53964.0,51208.0,315990.0,315990.0,3,7840.236666666667,-6957.297222222222,-1.126908397937098,3866569.0,,0.2054782935465525,0.110401754113272,,0.8809263038978515,0.7626684456304202,0.873134704711347,0.4735664335664336,0.9625523809523809,0.9489289155733452,1.0,
N07,北大,111,112/7/31,16195719.0,14020598.0,8932995.0,6757874.0,8778113.0,4416875.0,1652483.0,522638.0,2175121.0,21855494.0,21332856.0,23.0,17.0,182.0,180.0,,-108139.0,1752425.0,6036334.0,8778113.0,9394761.0,2600628.0,1240896.0,1573088.0,666816.0,23000.0,23000.0,92614.0,20293031.0,-209772.0,20083259.0,-18226488.0,1856771.0,-1400000.0,67581.0,182.0,12.0,2184.0,16463139.0,14516199.0,1138500.0,588451.0,2450630.0,2312942.0,190000.0,191755.0,254800.0,227960.0,68310.0,30268.0,358913.0,358913.0,4,9195.63141025641,-8345.461538461539,-1.1018721214970213,15614803.0,0.6016573504001299,0.07946920623974571,0.042704093032745916,2741779.0,0.8817394422776847,0.5168651734738692,0.9438152638301172,1.009236842105263,0.8946624803767661,0.4430976430976431,1.0,
N07,北大,112,113/7/31,18129973.0,16006698.0,9373172.0,7249897.0,9280051.0,4846095.0,2175121.0,-51846.0,2123275.0,23797554.0,23849400.0,23.0,17.0,182.0,180.0,,,,,,9626113.0,2643963.0,1269600.0,1609459.0,682236.0,23000.0,2000.0,94756.0,20772125.0,-331875.0,20440250.0,-18878559.0,1561691.0,-1772000.0,125882.0,182.0,12.0,2184.0,16813922.0,14991246.0,1138500.0,653272.0,2450630.0,2438717.0,190000.0,155492.0,254800.0,243262.0,68310.0,37657.0,358913.0,358913.0,3,9359.088827838828,-8644.028846153846,-1.0827229980847586,15951127.0,0.6034754158750036,0.07959312216622688,0.04277039484420129,,0.8915972133093041,0.5738006148440931,0.9951388010429971,0.8183789473684211,0.9547174254317111,0.5512662860488947,1.0,
N07,北大,113,114/7/31,12687968.0,7938726.0,10535865.0,5786623.0,10214084.0,,2123275.0,2625967.0,4749242.0,29145666.0,25409886.0,23.0,17.0,162.0,137.0,,-11360.0,-4846095.0,9280051.0,10214084.0,9857485.0,2687351.0,1298304.0,1550232.0,697668.0,23000.0,,,19063795.0,-135318.0,18928477.0,-21249518.0,-2321041.0,-1170239.0,197821.0,162.0,12.0,1944.0,17082193.0,17915419.0,985400.0,596627.0,2570130.0,2067204.0,163000.0,129310.0,226800.0,172003.0,59124.0,13402.0,355553.0,355553.0,4,9736.870884773662,-10930.822016460907,-0.8907720636298668,16114040.0,0.6117326877679341,0.08056973918396627,0.04329566018205242,934033.0,1.048777460833044,0.6054668155063934,0.8043188476847475,0.7933128834355828,0.7583906525573192,0.22667613828563696,1.0,18326.0
N08,鷺江,110,111/7/31,12511079.0,10764321.0,5553843.0,3810085.0,4995159.0,2206092.0,190412.0,1556346.0,1746758.0,13749148.0,12190875.0,13.0,10.0,106.0,102.0,1558273.0,280887.0,173850.0,3399462.0,4995159.0,,1174946.0,639444.0,763490.0,343596.0,13000.0,1000.0,47722.0,11370572.0,-72811.0,11297761.0,-9029510.0,2268251.0,-836278.0,1094.0,106.0,12.0,1272.0,8428787.0,6903487.0,819400.0,443209.0,1597420.0,1222323.0,143000.0,73357.0,148400.0,139375.0,49164.0,6077.0,241682.0,241682.0,4,8881.887578616352,-7098.671383647798,-1.2512042181690923,2983198.0,,0.2143484944680172,0.11517706836757063,1595697.0,0.8190368317528963,0.5408945569929217,0.765185737000914,0.512986013986014,0.9391846361185984,0.12360670409242536,1.0,-47998.0
N08,鷺江,111,112/7/31,14295302.0,12092325.0,5905333.0,3680903.0,5697457.0,2539981.0,1746758.0,456219.0,2202977.0,14209848.0,13753629.0,13.0,10.0,106.0,105.0,456219.0,-5461.0,333889.0,4995159.0,5697457.0,5406615.0,1195804.0,655356.0,782434.0,352128.0,13000.0,13000.0,48906.0,11365099.0,-61408.0,11303691.0,-9429339.0,1874352.0,-1573640.0,35454.0,106.0,12.0,1272.0,8645267.0,7382340.0,819400.0,415654.0,1597420.0,1126007.0,143000.0,108915.0,148400.0,153431.0,49164.0,1310.0,241682.0,241682.0,4,8886.549528301886,-7413.002358490566,-1.1987787266954768,8467243.0,0.6385331093013393,0.07739898335266863,0.04158709039057932,702298.0,0.853916946694648,0.5072662924090798,0.7048910117564573,0.7616433566433567,1.0339016172506739,0.02664551297697502,1.0,63804.0
N08,鷺江,112,113/7/31,16625634.0,14503932.0,5620888.0,3502186.0,5361714.0,2696859.0,2202977.0,-81275.0,2121702.0,16561545.0,16642820.0,13.0,10.0,106.0,106.0,,1285.0,156878.0,5697457.0,5361714.0,5545665.0,1216661.0,671268.0,801401.0,360648.0,13000.0,1000.0,50091.0,11397036.0,-166087.0,11230949.0,-8795590.0,2435359.0,-2729845.0,107460.0,106.0,12.0,1272.0,8837758.0,6549857.0,819400.0,481885.0,1597420.0,1263486.0,143000.0,122799.0,148400.0,135491.0,49164.0,390.0,241682.0,241682.0,4,8829.362421383648,-6914.772012578617,-1.2768840975989104,8659734.0,0.640396691168574,0.0775160068427044,0.041646544801491596,-335743.0,0.741122013071641,0.5880949475225775,0.7909541635887869,0.8587342657342657,0.9130121293800539,0.00793263363436661,1.0,-104531.0
N08,鷺江,113,114/7/31,17541054.0,16185012.0,4438663.0,3085621.0,4356499.0,2149620.0,2121702.0,-765660.0,1356042.0,15523274.0,16288934.0,13.0,10.0,100.0,96.0,-765660.0,1496.0,-547239.0,5361714.0,4356499.0,5684715.0,1237519.0,687024.0,820353.0,369180.0,13000.0,13000.0,51275.0,11529155.0,-102267.0,11426888.0,-10172564.0,1254324.0,-2245150.0,178840.0,100.0,12.0,1200.0,9054090.0,7810400.0,819400.0,493617.0,1747000.0,1386265.0,143000.0,92427.0,140000.0,130993.0,49164.0,2222.0,256640.0,256640.0,4,9522.406666666668,-8477.136666666667,-1.1233046063902867,8876066.0,0.6404543409208538,0.07740185798528312,0.04159275066228665,-1005215.0,0.862637769229155,0.602412741030022,0.7935117344018318,0.6463426573426574,0.9356642857142857,0.04519567162964771,1.0,-1042.0
N09,安興,110,111/7/31,7824765.0,6375929.0,4175291.0,2726455.0,3960631.0,1383480.0,840053.0,608783.0,1448836.0,8902973.0,8259804.0,8.0,5.0,60.0,60.0,643169.0,-214660.0,90000.0,3345960.0,3960631.0,2757915.0,1162797.0,389184.0,464651.0,209100.0,8000.0,1000.0,29042.0,6990138.0,-57961.0,6932177.0,-5593641.0,1338536.0,-820000.0,11218.0,60.0,12.0,720.0,5098449.0,4234041.0,568000.0,257048.0,904200.0,708169.0,93000.0,111992.0,84000.0,62469.0,34080.0,342.0,147220.0,147220.0,4,9628.023611111112,-7768.945833333334,-1.2392960148854744,5021689.0,0.5492006773019994,0.07750061782002031,0.04163937671169999,614671.0,0.8304566741767938,0.45254929577464786,0.7831995133819951,1.2042150537634408,0.7436785714285714,0.010035211267605634,1.0,-302944.0
N09,安興,111,112/7/31,9231968.0,7541480.0,4374023.0,2683535.0,3830890.0,1484908.0,1448836.0,241652.0,1690488.0,9125442.0,8883790.0,7.0,4.0,60.0,60.0,241652.0,-286576.0,101428.0,3960631.0,3830890.0,2827440.0,1183653.0,398112.0,475345.0,213924.0,8000.0,8000.0,29711.0,6981806.0,-24171.0,6957635.0,-5687923.0,1269712.0,-1375000.0,41897.0,60.0,12.0,720.0,5220945.0,4104465.0,568000.0,356779.0,904200.0,798212.0,93000.0,136426.0,84000.0,68974.0,34080.0,3487.0,147220.0,147220.0,4,9663.381944444443,-7899.893055555555,-1.2232294635493484,5144185.0,0.5496380864996108,0.07739068482179393,0.041585596163435025,-129741.0,0.786153656090995,0.6281320422535212,0.8827825702278257,1.4669462365591397,0.8211190476190476,0.10231807511737089,1.0,-76740.0
N09,安興,112,113/7/31,11035497.0,9268436.0,4495140.0,2728079.0,4398152.0,1596474.0,1690488.0,76573.0,1767061.0,9878078.0,9801505.0,8.0,5.0,60.0,57.0,76573.0,439980.0,111566.0,3830890.0,4398152.0,,1204512.0,400224.0,477829.0,215028.0,8000.0,1000.0,29866.0,6873638.0,-165993.0,6707645.0,-4968509.0,1739136.0,-1930000.0,77347.0,60.0,12.0,720.0,5268163.0,3361395.0,568000.0,356119.0,904200.0,868837.0,93000.0,87109.0,84000.0,67046.0,34080.0,8923.0,147220.0,147220.0,4,9316.173611111111,-6900.706944444445,-1.3500317700944087,2336459.0,,0.17129510939417297,0.09203157427543132,567262.0,0.6380582757215371,0.6269700704225352,0.9608902897589029,0.9366559139784946,0.7981666666666667,0.26182511737089204,1.0,-5938.0
N09,安興,113,114/7/31,9560217.0,3879542.0,8666787.0,2986112.0,8589308.0,,1767061.0,3913614.0,5680675.0,15297334.0,10105038.0,8.0,5.0,52.0,45.0,5192296.0,-16223.0,-1596474.0,4398152.0,8589308.0,2869155.0,1225368.0,406464.0,485245.0,218364.0,8000.0,8000.0,30329.0,6342600.0,-88005.0,6254595.0,-6480009.0,-225414.0,-1419000.0,120327.0,52.0,12.0,624.0,5355189.0,4817555.0,593000.0,345000.0,908440.0,850077.0,93000.0,116894.0,72800.0,98986.0,35580.0,28993.0,150144.0,150144.0,4,10023.389423076924,-10384.629807692307,-0.965213937202865,5250925.0,0.5464094421459076,0.0774080757199922,0.04158581583244857,4191156.0,0.899605037282531,0.581787521079258,0.9357547003654617,1.2569247311827958,1.3596978021978021,0.81486790331647,1.0,157618.0
N10,大觀,110,111/7/31,10628680.0,9798177.0,5467389.0,4636886.0,5235310.0,3169576.0,663160.0,167343.0,830503.0,13298222.0,13109480.0,13.0,10.0,106.0,103.0,188742.0,-69229.0,-79019.0,6373688.0,5235310.0,,1134243.0,325260.0,713444.0,356400.0,13000.0,13000.0,48907.0,10711120.0,-90465.0,10620655.0,-10382132.0,238523.0,-116000.0,25941.0,106.0,12.0,1272.0,8228230.0,8041532.0,799400.0,584686.0,1650420.0,1402811.0,143000.0,38191.0,148400.0,221493.0,47964.0,8683.0,84736.0,84736.0,4,8349.571540880503,-8162.053459119496,-1.0229743755906784,2604254.0,,0.12489565149943131,0.13685301049743995,-1138378.0,0.9773100654697304,0.7314060545409057,0.8499721283067341,0.2670699300699301,1.4925404312668464,0.1810316070386123,1.0,6000.0
N10,大觀,111,112/7/31,11812646.0,10788177.0,6285805.0,5261336.0,5877595.0,3530455.0,830503.0,193966.0,1024469.0,15112403.0,14918437.0,13.0,10.0,106.0,105.0,193966.0,69229.0,360879.0,5235310.0,5877595.0,6063162.0,1289250.0,729768.0,925076.0,392124.0,13000.0,1000.0,54462.0,12450187.0,-124758.0,12325429.0,-11627341.0,698088.0,-570000.0,53302.0,106.0,12.0,1272.0,9654182.0,8970981.0,799400.0,607365.0,1597420.0,1596789.0,143000.0,62802.0,148400.0,145300.0,47964.0,4422.0,239682.0,239682.0,4,9689.802672955975,-9140.991352201258,-1.0600384903134774,9467842.0,0.6403953509152349,0.07707859932601326,0.04141640724464984,642285.0,0.9292326372135931,0.7597760820615461,0.9996049880432197,0.4391748251748252,0.97911051212938,0.0921941456092069,1.0,9350.0
N10,大觀,112,113/7/31,13229540.0,11444415.0,7527271.0,5509802.0,7036258.0,3718185.0,1024469.0,760656.0,1785125.0,16776062.0,16015406.0,13.0,10.0,106.0,106.0,760656.0,-8000.0,187730.0,5877595.0,7036258.0,6207775.0,1310932.0,746304.0,945987.0,400992.0,13000.0,13000.0,55694.0,12476283.0,-114552.0,12361731.0,-11508573.0,853158.0,-176650.0,84148.0,106.0,12.0,1272.0,9880024.0,8924216.0,799400.0,628248.0,1597420.0,1539261.0,143000.0,38812.0,148400.0,136372.0,47964.0,1982.0,239682.0,239682.0,4,9718.341981132076,-9047.620283018869,-1.0741323880901654,9693684.0,0.640393786304567,0.07698868665411417,0.04136631645925326,1158663.0,0.9032585345946528,0.7858994245684263,0.9635919169661078,0.2714125874125874,0.9189487870619946,0.04132265866066216,1.0,-10674.0
N10,大觀,113,114/7/31,14199205.0,12937447.0,6555425.0,5293667.0,6479455.0,3338598.0,1785125.0,-523367.0,1261758.0,17552976.0,18076343.0,13.0,10.0,100.0,99.0,-523367.0,-16220.0,-379587.0,7036258.0,6479455.0,6352399.0,1332626.0,762840.0,966910.0,409860.0,13000.0,1000.0,56926.0,13254220.0,-36111.0,13218109.0,-12132817.0,1085292.0,-1709900.0,101241.0,100.0,12.0,1200.0,10081901.0,9314356.0,799400.0,610060.0,1747000.0,1664885.0,143000.0,111706.0,140000.0,162717.0,47964.0,14453.0,254640.0,254640.0,4,11015.090833333334,-10110.680833333334,-1.0894509494373812,9895561.0,0.6419443020966674,0.07708911096601799,0.04141857141803279,-556803.0,0.9238690203365417,0.7631473605203903,0.9529965655409273,0.7811608391608391,1.1622642857142857,0.3013301642898841,1.0,-4676.0
N11,新林,110,111/7/31,11726758.0,10374244.0,6125707.0,4773193.0,5791048.0,2984568.0,1077798.0,274716.0,1352514.0,15892108.0,15617392.0,16.0,11.0,136.0,136.0,274716.0,-152715.0,751680.0,5406620.0,5791048.0,5912595.0,1588924.0,393984.0,889166.0,442440.0,16000.0,16000.0,59239.0,13019354.0,-131505.0,12887849.0,-12666728.0,221121.0,,47541.0,136.0,12.0,1632.0,10243736.0,9506267.0,773800.0,612060.0,2117520.0,2126375.0,143000.0,103833.0,190400.0,189839.0,46428.0,46331.0,82023.0,82023.0,4,7896.966299019608,-7761.475490196078,-1.0174568365247916,9318348.0,0.6345110742805484,0.042280455720262865,0.04748051907913291,384428.0,0.9280078088697327,0.7909795812871543,1.0041817786844989,0.7261048951048951,0.9970535714285714,0.9979107435168433,1.0,-677567.0
N11,新林,111,112/7/31,13174878.0,11763371.0,6574506.0,5162999.0,6469249.0,3189503.0,1352514.0,58993.0,1411507.0,16389924.0,16330931.0,16.0,11.0,136.0,135.0,58993.0,216335.0,204935.0,5791048.0,6469249.0,6469512.0,1782351.0,875136.0,1109369.0,470244.0,16000.0,2000.0,65313.0,15053592.0,-160328.0,14893264.0,-14195153.0,698111.0,-730000.0,90882.0,136.0,12.0,1632.0,11587994.0,11076596.0,879400.0,583371.0,2049520.0,1923090.0,143000.0,86949.0,190400.0,190213.0,52764.0,42042.0,292892.0,292892.0,4,9125.774509803921,-8698.010416666666,-1.0491795333238043,10789925.0,0.5995882269802617,0.0811067732166813,0.04358176725046745,678201.0,0.9558682891965599,0.6633738912895156,0.9383123853390062,0.608034965034965,0.9990178571428572,0.7967932681373664,1.0,-32870.0
N11,新林,112,113/7/31,14158405.0,12900800.0,7010924.0,5753319.0,6934274.0,3607054.0,1411507.0,-153902.0,1257605.0,16820540.0,16974442.0,16.0,11.0,136.0,136.0,,,,,,6628597.0,1811242.0,895296.0,1134845.0,481044.0,16000.0,16000.0,66812.0,15066772.0,-159377.0,14907395.0,-14663287.0,244108.0,-520000.0,121990.0,136.0,12.0,1632.0,11862363.0,11352830.0,879400.0,646192.0,2049520.0,1964690.0,143000.0,129811.0,190400.0,229536.0,52764.0,47336.0,292892.0,292892.0,3,9134.433210784313,-8984.857230392157,-1.0166475634010301,11049836.0,0.5998819348993053,0.0810234649636429,0.0435340397812239,,0.9570462478681524,0.7348100977939505,0.9586098208360982,0.9077692307692308,1.2055462184873948,0.8971268288984914,1.0,
N11,新林,113,114/7/31,15965739.0,14153289.0,7168652.0,5356202.0,7125061.0,3085506.0,1257605.0,554845.0,1812450.0,18980024.0,18425179.0,16.0,11.0,128.0,128.0,554845.0,-330.0,-521548.0,6934274.0,7125061.0,6787641.0,1840172.0,915456.0,1160309.0,491844.0,16000.0,2000.0,68312.0,16546000.0,-116098.0,16429902.0,-14619205.0,1810697.0,-1400000.0,144148.0,128.0,12.0,1536.0,12108720.0,11667233.0,879400.0,664439.0,2236160.0,1656932.0,143000.0,88581.0,179200.0,177836.0,52764.0,52628.0,311556.0,311556.0,4,10696.55078125,-9517.711588541666,-1.123857419059381,11281734.0,0.601648735912405,0.08114497292703408,0.043596489688553196,190787.0,0.9635397465628076,0.7555594723675233,0.7409720234688036,0.6194475524475525,0.9923883928571429,0.9974224850276704,1.0,12359.0
N12,昌福,110,111/7/31,12869777.0,10567757.0,6334413.0,4033893.0,6205227.0,2949690.0,1532318.0,769702.0,2302020.0,9871098.0,9101396.0,12.0,8.0,90.0,90.0,769702.0,182207.0,1074295.0,4401708.0,6205227.0,4046625.0,1168601.0,278496.0,612837.0,301589.0,12000.0,12000.0,41887.0,8993315.0,-55566.0,8937749.0,-6996707.0,1941042.0,-1200000.0,530.0,90.0,12.0,1080.0,6932128.0,5558696.0,676700.0,281791.0,1401300.0,996628.0,118000.0,66107.0,126000.0,12483.0,40602.0,9272.0,71730.0,71730.0,4,8275.69351851852,-6478.4324074074075,-1.2774222216251159,6474035.0,0.6250545448086086,0.04301737633485145,0.046584394430984694,1803519.0,0.8018744027807911,0.4164193882074775,0.7112167273246272,0.5602288135593221,0.09907142857142857,0.22836313482094478,1.0,
N12,昌福,111,112/7/31,15230003.0,12608025.0,6936810.0,4316332.0,6746805.0,3110527.0,2302020.0,319958.0,2621978.0,11151427.0,10831469.0,12.0,8.0,90.0,89.0,319958.0,,160837.0,6205227.0,6746805.0,4690360.0,1303709.0,641088.0,812568.0,344436.0,12000.0,1000.0,47838.0,11018441.0,-101211.0,10917230.0,-8749331.0,2167899.0,-1900000.0,35381.0,90.0,12.0,1080.0,8488051.0,7001260.0,676700.0,397097.0,1356300.0,948245.0,118000.0,70633.0,126000.0,123246.0,40602.0,5550.0,203300.0,203300.0,4,10108.546296296297,-8101.232407407407,-1.2477788301757013,7852999.0,0.5972699092410428,0.08163607304674303,0.04386044108753866,541578.0,0.8248371740461974,0.5868139500517215,0.6991410454914104,0.5985847457627118,0.9781428571428571,0.13669277375498745,1.0,
N12,昌福,112,113/7/31,17984378.0,15510872.0,6748597.0,4276591.0,6646076.0,3153462.0,2621978.0,-148472.0,2473506.0,11408193.0,11556665.0,10.0,7.0,90.0,89.0,-148472.0,,42935.0,6746805.0,6646076.0,4690360.0,1325404.0,655344.0,830764.0,352152.0,12000.0,12000.0,48910.0,10867725.0,-111478.0,10756247.0,-8768457.0,1987790.0,-2249000.0,71146.0,90.0,12.0,1080.0,8684918.0,7038621.0,676700.0,396623.0,1356300.0,1009594.0,118000.0,81697.0,126000.0,32553.0,40602.0,6069.0,203300.0,203300.0,4,9959.487962962963,-8118.941666666667,-1.2266978101164208,7926934.0,0.5916991361351059,0.08267307385175655,0.04442474227740511,-100729.0,0.8104418487313294,0.5861134919462095,0.7443736636437366,0.6923474576271187,0.25835714285714284,0.1494753953007241,1.0,
N12,昌福,113,114/7/31,18298425.0,16517352.0,5067539.0,3287966.0,4960189.0,2206528.0,2473506.0,-692433.0,1781073.0,10663712.0,11356145.0,12.0,8.0,78.0,73.0,-692433.0,,-946934.0,6646076.0,4960189.0,4806056.0,1347071.0,669744.0,848951.0,359856.0,12000.0,1000.0,49980.0,9835310.0,-88755.0,9746555.0,-8331402.0,1415153.0,-2247000.0,105646.0,78.0,12.0,936.0,8859850.0,6740619.0,676700.0,303580.0,1362660.0,927786.0,118000.0,68815.0,109200.0,80585.0,40602.0,6081.0,203936.0,203936.0,4,10412.986111111111,-8901.070512820514,-1.1698577262266303,8094658.0,0.5937318167117128,0.0827390113331533,0.04445598566363149,-1685887.0,0.7608050926370086,0.4486182946652874,0.6808638985513628,0.5831779661016949,0.7379578754578755,0.14977094724397813,1.0,
N13,三多,110,111/7/31,8749740.0,7954534.0,5457088.0,3761882.0,5450460.0,2956545.0,515843.0,279363.0,795206.0,10568653.0,10289290.0,12.0,8.0,90.0,89.0,279363.0,961.0,411350.0,5748823.0,5450460.0,4057560.0,1159827.0,279072.0,590925.0,302112.0,12000.0,12000.0,41959.0,8997480.0,-70462.0,8927018.0,-7856370.0,1070648.0,-900000.0,28266.0,90.0,12.0,1080.0,6922972.0,6256592.0,674200.0,408375.0,1401300.0,961266.0,118000.0,64776.0,126000.0,68483.0,40452.0,25413.0,71465.0,71465.0,4,8265.757407407407,-7274.416666666667,-1.1362776956787932,6455455.0,0.6285474842594364,0.04323041520698386,0.04679948973387623,-298363.0,0.9037436522926858,0.6057178878671018,0.6859815885249412,0.5489491525423729,0.543515873015873,0.6282260456837734,1.0,
N13,三多,111,112/7/31,10580125.0,9572723.0,6334123.0,4226721.0,6175564.0,3160194.0,795206.0,212196.0,1007402.0,11763890.0,11551694.0,12.0,8.0,90.0,89.0,212196.0,-109671.0,203649.0,5450460.0,6175564.0,,1326807.0,663408.0,840940.0,356460.0,12000.0,1000.0,49509.0,11124960.0,-95341.0,11029619.0,-9835035.0,1194584.0,-1100000.0,69407.0,90.0,12.0,1080.0,8777982.0,7732482.0,676700.0,524063.0,1356300.0,1135621.0,118000.0,85724.0,126000.0,126839.0,40602.0,27006.0,203300.0,203300.0,4,10212.610185185185,-9106.513888888889,-1.121462099524811,3250124.0,,0.2041177505842854,0.10967581544581068,725104.0,0.880895176135016,0.7744391901876755,0.8372933716729337,0.7264745762711864,1.0066587301587302,0.6651396482931875,1.0,838144.0
N13,三多,112,113/7/31,12140571.0,11045961.0,6818715.0,4524105.0,6688122.0,3296152.0,1007402.0,87208.0,1094610.0,12556080.0,12468872.0,12.0,8.0,90.0,90.0,87208.0,19078.0,135958.0,6175564.0,6688122.0,4777111.0,1348476.0,678528.0,860035.0,364560.0,12000.0,12000.0,50634.0,11158290.0,-103435.0,11054855.0,-9984456.0,1070399.0,-1200000.0,102349.0,90.0,12.0,1080.0,8984246.0,7834805.0,676700.0,494458.0,1356300.0,1254733.0,118000.0,79685.0,126000.0,97624.0,40602.0,19851.0,203300.0,203300.0,4,10235.976851851852,-9244.866666666667,-1.1072065418486496,8103344.0,0.5895234115693472,0.08373432005354826,0.04498883423929676,512558.0,0.872060382140026,0.7306901137874982,0.9251146501511465,0.6752966101694915,0.7747936507936508,0.488916802127974,1.0,162158.0
N13,三多,113,114/7/31,14243879.0,13049753.0,7642967.0,4448841.0,7589528.0,2757662.0,1094610.0,99516.0,1194126.0,14106044.0,14006528.0,12.0,8.0,84.0,84.0,99516.0,47631.0,-538490.0,6688122.0,7589528.0,5008475.0,1370170.0,693504.0,879151.0,372660.0,12000.0,1000.0,51758.0,12364000.0,-56881.0,12307119.0,-10447185.0,1859934.0,-2000000.0,132017.0,84.0,12.0,1008.0,9168382.0,8185812.0,676700.0,496399.0,1467480.0,1334287.0,118000.0,101531.0,117600.0,95420.0,40602.0,19318.0,214418.0,214418.0,4,12209.443452380952,-10364.270833333334,-1.1780320727545266,8388718.0,0.5970489173673498,0.08267103507353567,0.0444239513117499,901406.0,0.8928305997721299,0.7335584453967785,0.9092369231607926,0.8604322033898305,0.8113945578231293,0.4757893699817743,1.0,-1000302.0
N14,積穗,110,111/7/31,11337582.0,10054763.0,5536284.0,4256465.0,5044732.0,2646839.0,518039.0,764780.0,1282819.0,13998676.0,13188367.0,13.0,10.0,106.0,105.0,-810309.0,-450.0,473855.0,4876918.0,5044732.0,4712445.0,1217067.0,410904.0,705463.0,340584.0,13000.0,13000.0,47183.0,10687800.0,-87791.0,10600009.0,-9243865.0,1356144.0,-582900.0,3977.0,106.0,12.0,1272.0,8068814.0,7367122.0,799400.0,355950.0,1650420.0,1225239.0,143000.0,43363.0,148400.0,65699.0,47964.0,7845.0,146989.0,146989.0,4,8333.340408805032,-7267.1894654088055,-1.1467074648969884,7459646.0,0.6317250175142359,0.055083579033106934,0.04565685824769701,167814.0,0.9130365379596059,0.44527145359019266,0.7423801214236376,0.3032377622377622,0.4427156334231806,0.1635601701275957,1.0,57820.0
N14,積穗,111,112/7/31,12699715.0,11239757.0,5867623.0,4410665.0,5316025.0,2822922.0,1282819.0,177139.0,1459958.0,15301795.0,15124656.0,13.0,10.0,106.0,106.0,,-4953.0,176083.0,5044732.0,5316025.0,5627934.0,1307004.0,743028.0,941869.0,399240.0,13000.0,1000.0,55450.0,12748088.0,-106513.0,12641575.0,-11325560.0,1316015.0,-1208000.0,35946.0,106.0,12.0,1272.0,9825800.0,9226443.0,799400.0,390198.0,1597420.0,1261320.0,143000.0,126802.0,148400.0,77852.0,47964.0,3263.0,239682.0,239682.0,4,9938.345125786163,-8903.74213836478,-1.1161986692048782,9088525.0,0.619235134414,0.08175452012290223,0.04392792009704545,271293.0,0.9390017097844451,0.48811358518889164,0.7895982271412653,0.8867272727272727,0.5246091644204852,0.06803018930864815,1.0,-87175.0
N14,積穗,112,113/7/31,13642596.0,12707012.0,5458676.0,4577300.0,5458676.0,3076134.0,1459958.0,-524374.0,935584.0,14883486.0,15407860.0,13.0,10.0,106.0,106.0,-524374.0,4603.0,253212.0,5316025.0,5458676.0,5758078.0,1328684.0,759564.0,962779.0,408108.0,13000.0,13000.0,56682.0,12749088.0,-88039.0,12661049.0,-11964041.0,697008.0,-1285374.0,63992.0,106.0,12.0,1272.0,10051629.0,9542297.0,799400.0,410927.0,1597420.0,1490884.0,143000.0,128161.0,148400.0,146850.0,47964.0,5240.0,239682.0,239682.0,4,9953.654874213837,-9405.692610062893,-1.0582585766799026,9299895.0,0.6191551625045228,0.08167447051821553,0.043883076099246285,142651.0,0.9493284123399301,0.5140442832124094,0.9333074582764708,0.8962307692307693,0.9895552560646901,0.10924860311900592,1.0,6392.0
N14,積穗,113,114/7/31,20349085.0,17898189.0,9167292.0,6719396.0,9100428.0,4233336.0,935584.0,1515312.0,2450896.0,23891160.0,22375848.0,22.0,17.0,172.0,164.0,,800.0,1157202.0,5458676.0,9100428.0,10070400.0,2673597.0,1350192.0,1854250.0,725520.0,23000.0,2000.0,100766.0,21363539.0,-50450.0,21313089.0,-18616023.0,2697066.0,-1274758.0,92854.0,172.0,12.0,2064.0,17686827.0,15550045.0,967400.0,453828.0,2728780.0,2095276.0,163000.0,72907.0,240800.0,153048.0,58044.0,7964.0,282955.0,282955.0,4,10326.109011627907,-9019.390988372093,-1.1448787423608147,16799725.0,0.5994383836640184,0.08036988700707899,0.04318642120629951,3641752.0,0.8791879402676354,0.46912135621252843,0.7678435051561504,0.44728220858895706,0.6355813953488372,0.13720625732203157,1.0,-15195.0
N15,新月,110,111/7/31,19401326.0,16766851.0,9018996.0,6370473.0,8660900.0,4185420.0,173206.0,2475317.0,2648523.0,20666822.0,18190164.0,23.0,17.0,182.0,181.0,2476658.0,41238.0,1395042.0,7003828.0,8660900.0,8841960.0,1762601.0,177600.0,1192756.0,592440.0,23000.0,23000.0,79552.0,16615323.0,-178591.0,16436732.0,-13924833.0,2511899.0,-205788.0,5196.0,182.0,12.0,2184.0,12846439.0,11149982.0,990000.0,467277.0,2532530.0,1830564.0,165000.0,109890.0,254800.0,151398.0,59400.0,4370.0,211352.0,211352.0,4,7525.976190476191,-6375.839285714286,-1.1803898833113475,12692909.0,0.6966062704774768,0.013992064388076838,0.04667487965130767,1657072.0,0.8679434043940114,0.4719969696969697,0.7228202627412114,0.666,0.5941836734693877,0.07356902356902358,1.0,-1576470.0
N15,新月,111,112/7/31,23613572.0,20357402.0,9486167.0,6229997.0,9161384.0,4397976.0,2648523.0,607647.0,3256170.0,24075618.0,23467971.0,23.0,17.0,182.0,182.0,607647.0,-800.0,212556.0,8660900.0,9161384.0,10191503.0,2550002.0,1264632.0,1617852.0,686016.0,23000.0,1000.0,95281.0,21109394.0,-178660.0,20930734.0,-16951086.0,3979648.0,-3653150.0,44030.0,182.0,12.0,2184.0,16878076.0,14262637.0,1090500.0,426214.0,2450630.0,1734919.0,190000.0,61619.0,254800.0,107434.0,65430.0,4150.0,354113.0,354113.0,4,9583.669413919413,-7761.486263736264,-1.234772450567474,16429286.0,0.6203253750649906,0.07697425195471064,0.04175567946166376,500484.0,0.8450392686938961,0.39084273269142594,0.7079481602689921,0.3243105263157895,0.42164050235478806,0.06342656273880483,1.0,-23013.0
N15,新月,112,113/7/31,28197721.0,24560249.0,10591410.0,6953938.0,10440697.0,5555460.0,3256170.0,381302.0,3637472.0,27654178.0,27272876.0,24.0,19.0,176.0,176.0,381302.0,1950.0,1157484.0,9161384.0,10440697.0,11539224.0,2624009.0,1528200.0,1949423.0,761844.0,25000.0,25000.0,105812.0,23225592.0,-124255.0,23101337.0,-18912977.0,4188360.0,-4204827.0,145829.0,176.0,12.0,2112.0,19034250.0,15815742.0,969400.0,565610.0,2792240.0,1922616.0,163000.0,39576.0,246400.0,186436.0,58164.0,6833.0,376164.0,376164.0,4,10938.133049242424,-8955.008049242424,-1.2214542956405012,18558512.0,0.6217752802595381,0.08234496386348215,0.041050920461726675,1279313.0,0.8309096497103905,0.5834639983494946,0.6885568575767126,0.24279754601226994,0.7566396103896104,0.11747816518808885,1.0,40993.0
N15,新月,113,114/7/31,38951884.0,36078075.0,16948791.0,14074982.0,16792055.0,11628552.0,3637472.0,-763663.0,2873809.0,28187129.0,28950792.0,26.0,19.0,176.0,174.0,-763663.0,370.0,6073092.0,10440697.0,16792055.0,11813973.0,2689079.0,1564800.0,1995800.0,779976.0,25000.0,2000.0,108330.0,23221261.0,-171324.0,23049937.0,-19810405.0,3239532.0,-4485615.0,277653.0,176.0,12.0,2112.0,19454696.0,16137029.0,1094500.0,601854.0,2792240.0,2369802.0,163000.0,105887.0,246400.0,198700.0,65670.0,8459.0,388674.0,388674.0,4,10913.795928030302,-9379.926609848486,-1.1635267931170514,18978958.0,0.6224774300043238,0.08244920506173205,0.041096882136521934,6351358.0,0.8294670345915454,0.5498894472361809,0.8487099962753918,0.6496134969325154,0.8064123376623377,0.1288107202680067,1.0,228429.0
N16,中平,110,111/7/31,13245586.0,11298263.0,7165107.0,5217784.0,6804927.0,3662625.0,1735929.0,211394.0,1947323.0,13544083.0,13222267.0,13.0,10.0,120.0,120.0,321816.0,-354615.0,340545.0,7817854.0,6804927.0,4907115.0,1175959.0,324012.0,722106.0,350868.0,13000.0,13000.0,48732.0,11021571.0,-113142.0,10908429.0,-10019708.0,888721.0,-607000.0,30277.0,120.0,12.0,1440.0,8206380.0,7715140.0,799400.0,423460.0,1868400.0,1526215.0,143000.0,111352.0,168000.0,146276.0,47964.0,12529.0,84736.0,84736.0,4,7575.297916666666,-6958.1305555555555,-1.0886972953702843,7554792.0,0.6495367443604007,0.04288827541512725,0.04644310525028353,-1012927.0,0.940139257504527,0.529722291718789,0.8168566688075358,0.7786853146853147,0.8706904761904762,0.2612167458927529,1.0,-756501.0
N16,中平,111,112/7/31,14928099.0,12968983.0,7388506.0,5429390.0,6801994.0,3855322.0,1947323.0,11793.0,1959116.0,15544378.0,15532585.0,13.0,10.0,120.0,120.0,11793.0,-226332.0,192697.0,6804927.0,6801994.0,5541184.0,1289251.0,732732.0,928710.0,393672.0,13000.0,1000.0,54676.0,12648031.0,-84739.0,12563292.0,-11213403.0,1349889.0,-1396000.0,57904.0,120.0,12.0,1440.0,9691500.0,8646665.0,799400.0,435252.0,1808400.0,1696640.0,143000.0,44892.0,168000.0,118013.0,47964.0,11161.0,260780.0,260780.0,4,8724.508333333333,-7787.085416666666,-1.1203817431693126,8954225.0,0.6188345725062749,0.08183086755135145,0.043964943923120094,-2933.0,0.892190579373678,0.5444733550162622,0.9381995133819951,0.31393006993006994,0.7024583333333333,0.23269535484947043,1.0,-138068.0
N16,中平,112,113/7/31,16508965.0,14922975.0,7328115.0,5742125.0,7273546.0,4074703.0,1959116.0,-373126.0,1585990.0,15116666.0,15489792.0,13.0,10.0,120.0,120.0,-373126.0,583422.0,219381.0,6801994.0,7273546.0,5671326.0,1310932.0,749112.0,949630.0,402540.0,13000.0,13000.0,55908.0,12652426.0,-99149.0,12553277.0,-11711009.0,842268.0,-1330000.0,114606.0,120.0,12.0,1440.0,9917182.0,8916311.0,799400.0,430887.0,1808400.0,1726133.0,143000.0,47491.0,168000.0,327458.0,47964.0,1949.0,260780.0,260780.0,4,8717.553472222222,-8132.645138888889,-1.0719210445487661,9165448.0,0.6187723720651734,0.08173217501206706,0.043919293415881036,471552.0,0.8990770765324263,0.539013009757318,0.9545084052200841,0.3321048951048951,1.949154761904762,0.04063464264865316,1.0,2775.0
N16,中平,113,114/7/31,18939217.0,16301808.0,8267019.0,5629610.0,8226585.0,3412140.0,1585990.0,1051419.0,2637409.0,18029885.0,16978466.0,13.0,10.0,112.0,112.0,,-37344.0,-662563.0,7273546.0,8226585.0,5801451.0,1332612.0,765648.0,970553.0,411408.0,13000.0,1000.0,57140.0,14032434.0,-57571.0,13974863.0,-11612408.0,2362455.0,-1465000.0,153964.0,112.0,12.0,1344.0,10119004.0,8896657.0,799400.0,429039.0,1956640.0,1744947.0,143000.0,56656.0,156800.0,208025.0,47964.0,1480.0,275604.0,275604.0,4,10397.963541666666,-8640.184523809525,-1.2034423006838892,9352812.0,0.6202894915454304,0.08186286648336351,0.04398762639514191,953039.0,0.8792028345872775,0.5367012759569677,0.8918078951672255,0.3961958041958042,1.3266900510204083,0.030856475690100908,1.0,-133957.0
N17,中正,110,111/7/31,9051665.0,7946020.0,5309533.0,4208688.0,4985223.0,3335171.0,493616.0,612029.0,1105645.0,8865015.0,8227854.0,8.0,6.0,60.0,60.0,637161.0,,1198802.0,3396754.0,4985223.0,3066795.0,844804.0,330048.0,440800.0,215640.0,8000.0,8000.0,28975.0,6531154.0,-45811.0,6485343.0,-5485099.0,1000244.0,-577600.0,16106.0,60.0,12.0,720.0,4999062.0,4094563.0,548000.0,273219.0,934200.0,875562.0,93000.0,40402.0,84000.0,86728.0,32880.0,24666.0,88932.0,88932.0,4,9007.420833333334,-7618.1930555555555,-1.1823565992154381,4943062.0,0.620424141958972,0.06676994947666041,0.04362478156252137,1588469.0,0.8190662568297813,0.49857481751824817,0.9372318561335903,0.4344301075268817,1.0324761904761905,0.7501824817518248,1.0,48135.0
N17,中正,111,112/7/31,11995442.0,9709713.0,7524917.0,5243988.0,7166401.0,3293734.0,1105645.0,1180084.0,2285729.0,16955554.0,15775470.0,18.0,11.0,136.0,136.0,1180084.0,-9510.0,2181178.0,4985223.0,7166401.0,,2557238.0,949320.0,1203224.0,510036.0,18000.0,1000.0,70838.0,15201816.0,-275455.0,14926361.0,-13321020.0,1605341.0,-509500.0,45858.0,136.0,12.0,1556.0,12579209.0,10636839.0,883400.0,442738.0,2049520.0,1677112.0,143000.0,68584.0,190400.0,167282.0,53004.0,35173.0,293292.0,293292.0,4,9146.054534313726,-8162.389705882353,-1.12051186770983,5309656.0,,0.1787912437265239,0.09605820038058963,2181178.0,0.8455888601580592,0.5011750056599502,0.8182950154182442,0.4796083916083916,0.8785819327731093,0.6635914270621085,1.0,880054.0
N17,中正,112,113/7/31,14697505.0,12805442.0,7558315.0,5671052.0,7496447.0,3758766.0,2285729.0,-393666.0,1892063.0,18218002.0,18611668.0,17.0,12.0,136.0,131.0,-393666.0,1040.0,,7166401.0,7496447.0,6455053.0,2600601.0,970704.0,1230511.0,521604.0,18000.0,18000.0,72445.0,15798728.0,-217113.0,15581615.0,-13483222.0,2098393.0,-2594685.0,84318.0,136.0,12.0,1632.0,12874950.0,10661543.0,883400.0,420646.0,2049520.0,1812187.0,143000.0,117340.0,190400.0,155784.0,53004.0,22430.0,293292.0,293292.0,4,9547.558210784313,-8261.778186274509,-1.1556299377107342,11886918.0,0.5430384057499177,0.08166153749861822,0.043880507966825376,330046.0,0.828084225569808,0.47616708172968075,0.8842006908934775,0.8205594405594405,0.8181932773109244,0.4231756093879707,1.0,136645.0
N17,中正,113,114/7/31,16974791.0,14765196.0,7375083.0,5170288.0,7357228.0,3145383.0,1892063.0,317532.0,2209595.0,18611616.0,18294084.0,18.0,12.0,120.0,112.0,317532.0,2760.0,,7496447.0,7357228.0,6773181.0,2643963.0,992304.0,1257792.0,533172.0,18000.0,1000.0,74051.0,16276000.0,-111572.0,16164428.0,-13516594.0,2647834.0,-2565534.0,157355.0,120.0,12.0,1440.0,13136880.0,10895768.0,809400.0,448710.0,2096400.0,1623097.0,143000.0,108593.0,168000.0,137352.0,48564.0,12494.0,290580.0,290580.0,4,11225.297222222223,-9386.523611111112,-1.1958950605455783,12293463.0,0.5509579359371725,0.08071802062608396,0.043370366836423556,-139219.0,0.8294030241579431,0.5543736100815418,0.7742305857660752,0.7593916083916084,0.8175714285714286,0.2572687587513384,1.0,-13905.0
N18,福營,110,111/7/31,8737903.0,6152060.0,6256465.0,3673721.0,5998034.0,2439000.0,1748332.0,837511.0,2585843.0,11813846.0,10976335.0,11.0,7.0,90.0,89.0,837511.0,-234124.0,834390.0,6780657.0,5998034.0,3708450.0,1163201.0,522060.0,584750.0,287424.0,11000.0,11000.0,38959.0,9103583.0,-64430.0,9039153.0,-8188300.0,850853.0,-80773.0,15701.0,90.0,12.0,1080.0,6907621.0,6042382.0,674700.0,389940.0,1401300.0,1385503.0,118000.0,108363.0,126000.0,125222.0,40482.0,12330.0,124560.0,124560.0,4,8369.586111111112,-7581.759259259259,-1.1039108239805577,6326844.0,0.5861453198466724,0.08251507386621197,0.04542928512225052,-782623.0,0.8747413907045566,0.577945753668297,0.9887268964532934,0.9183305084745763,0.9938253968253968,0.3045798132503335,1.0,246968.0
N18,福營,111,112/7/31,10181764.0,7478898.0,6702551.0,4004685.0,6298300.0,2612000.0,2585843.0,117023.0,2702866.0,14980499.0,14859531.0,13.0,10.0,120.0,120.0,120968.0,-126842.0,173000.0,5998034.0,6298300.0,5483350.0,1310945.0,726180.0,920524.0,390192.0,13000.0,1000.0,54194.0,12621451.0,-103180.0,12518271.0,-11677121.0,841150.0,-890000.0,50243.0,120.0,12.0,1440.0,9607730.0,8845271.0,799400.0,435559.0,1808400.0,1819194.0,143000.0,135536.0,168000.0,167134.0,47964.0,13647.0,260780.0,260780.0,4,8693.24375,-8109.111805555555,-1.0720340227698248,8899385.0,0.6161493181832228,0.08159889700243332,0.04384482747965168,300266.0,0.920641087957301,0.5448573930447835,1.0059688122096881,0.9478041958041958,0.9948452380952381,0.2845258944208156,1.0,-246968.0
N18,福營,112,113/7/31,10917011.0,8540388.0,6814822.0,4443199.0,6649792.0,2924649.0,2702866.0,-326243.0,2376623.0,15415862.0,15742105.0,13.0,10.0,120.0,118.0,,361042.0,312649.0,6298300.0,6649792.0,5613492.0,1332626.0,742716.0,941446.0,399060.0,13000.0,13000.0,55426.0,12639802.0,-135030.0,12504772.0,-12399017.0,105755.0,-513911.0,81913.0,120.0,12.0,1440.0,9833569.0,9416455.0,799400.0,482811.0,1808400.0,1920543.0,143000.0,136056.0,168000.0,168410.0,47964.0,13962.0,260780.0,260780.0,4,8683.869444444445,-8610.428472222222,-1.0085293051860482,9110766.0,0.616138313726859,0.08152069760105791,0.0438009273863471,351492.0,0.9575826436973188,0.6039667250437828,1.0620122760451227,0.9514405594405594,1.0024404761904762,0.2910933199899925,1.0,813.0
N18,福營,113,114/7/31,12340115.0,9040697.0,7551702.0,4252284.0,7478653.0,2435460.0,2376623.0,922795.0,3299418.0,17776711.0,16853916.0,13.0,10.0,112.0,110.0,922795.0,-46236.0,-489189.0,6649792.0,7478653.0,5743617.0,1354307.0,759252.0,962369.0,407928.0,13000.0,1000.0,56658.0,13946000.0,-147384.0,13798616.0,-12336112.0,1462504.0,-634865.0,95156.0,112.0,12.0,1344.0,10035406.0,9406758.0,799400.0,497853.0,1956640.0,1834500.0,143000.0,155288.0,156800.0,152299.0,47964.0,13810.0,275604.0,275604.0,4,10266.82738095238,-9178.654761904761,-1.1185546953529604,9298131.0,0.6177173670708662,0.08165641030439343,0.04387204267180146,828861.0,0.9373569938276538,0.6227833375031273,0.9375766620328727,1.08593006993007,0.9712946428571428,0.2879242765407389,1.0,96445.0
N19,中園,110,111/7/31,10135266.0,8446240.0,5830476.0,4114671.0,5735597.0,2397024.0,872133.0,816893.0,1689026.0,15815279.0,14998386.0,16.0,13.0,136.0,134.0,816893.0,159471.0,204000.0,5080599.0,5735597.0,,1169613.0,463297.0,872298.0,417384.0,16000.0,4000.0,56589.0,12830963.0,-121139.0,12709824.0,-11533222.0,1176602.0,-432000.0,8523.0,136.0,12.0,1632.0,9633800.0,8790805.0,759400.0,404204.0,2090320.0,1863232.0,141355.0,113117.0,190400.0,158905.0,45564.0,31976.0,170983.0,170983.0,4,7787.882352941176,-7066.925245098039,-1.1020184992537212,2999181.0,,0.15447450487316372,0.13916599231590224,654998.0,0.9124961074550022,0.5322675796681591,0.8913620881013433,0.8002334547769799,0.8345850840336134,0.7017821086822931,1.0,-367084.0
N19,中園,111,112/7/31,12153842.0,10277983.0,7063528.0,5189169.0,6714729.0,3095528.0,1689026.0,186833.0,1875859.0,16335675.0,16148842.0,16.0,13.0,136.0,129.0,186833.0,-196689.0,698504.0,5735597.0,6714729.0,6643688.0,1190472.0,475904.0,891976.0,426384.0,16000.0,14000.0,58031.0,12283526.0,-109865.0,12173661.0,-11188894.0,984767.0,-980000.0,38066.0,136.0,12.0,1632.0,9918549.0,8582980.0,759400.0,515572.0,2090320.0,1673227.0,141355.0,79128.0,190400.0,134338.0,45564.0,32666.0,170983.0,170983.0,4,7459.351102941176,-6855.939950980392,-1.0880128992195297,9716455.0,0.6837563699929655,0.048979180163958976,0.04388267120055617,979132.0,0.86534633241213,0.6789202001580195,0.8004645221784225,0.5597821088748187,0.7055567226890757,0.716925643051532,1.0,-69125.0
N19,中園,112,113/7/31,15788923.0,13620694.0,7865356.0,5700927.0,7829100.0,3962142.0,1875859.0,292370.0,2168229.0,19390034.0,19097664.0,18.0,13.0,136.0,132.0,292370.0,255061.0,866614.0,6714729.0,7829100.0,6643688.0,2602748.0,966600.0,1327468.0,519408.0,18000.0,2000.0,72140.0,16707535.0,-256546.0,16450989.0,-14059390.0,2391599.0,-2210000.0,76943.0,136.0,12.0,1632.0,12927321.0,11256942.0,883400.0,362496.0,2375920.0,1811535.0,143000.0,129247.0,190400.0,134996.0,53004.0,38242.0,325932.0,325932.0,4,10080.262867647058,-8614.822303921568,-1.170106882304282,12152052.0,0.5467132629123048,0.07954212177498911,0.04274241091134238,1114371.0,0.8707869171037061,0.4103418609916233,0.7624562274824068,0.9038251748251748,0.7090126050420168,0.7214927175307524,1.0,-90665.0
N19,中園,113,114/7/31,18211724.0,16338580.0,6901056.0,5034252.0,6875611.0,3398628.0,2168229.0,-295085.0,1873144.0,20306043.0,20601128.0,18.0,13.0,128.0,121.0,-295085.0,21054.0,-563514.0,7829100.0,6875611.0,6643056.0,2646096.0,988200.0,1357028.0,530976.0,18000.0,18000.0,73746.0,17740000.0,-72440.0,17667560.0,-14468362.0,3199198.0,-3580000.0,85717.0,128.0,12.0,1536.0,13224562.0,11556371.0,883400.0,507800.0,2236160.0,1820943.0,143000.0,100057.0,179200.0,153671.0,53004.0,17564.0,311956.0,311956.0,4,11502.317708333334,-9419.506510416666,-1.2211168064498248,12275102.0,0.5411813278618784,0.08050442269237355,0.04325634116930352,-953489.0,0.8738566161964381,0.5748245415440344,0.8143169540641099,0.6996993006993008,0.8575390625,0.3313712172666214,1.0,-52601.0
N20,柏翠,110,111/7/31,15594466.0,10891696.0,11105021.0,6402251.0,10811650.0,4071666.0,2605187.0,2097583.0,4702770.0,18159607.0,16062024.0,21.0,14.0,166.0,166.0,2097583.0,-207921.0,-519000.0,10562701.0,10811650.0,7020270.0,2054076.0,641520.0,1032166.0,494796.0,19000.0,2000.0,65940.0,15231985.0,-203003.0,15028982.0,-12989240.0,2039742.0,,864.0,166.0,12.0,1992.0,11590598.0,9767193.0,977400.0,702225.0,2309890.0,1885297.0,143000.0,139896.0,232400.0,243067.0,58644.0,55142.0,196420.0,196420.0,4,7544.66967871486,-6520.70281124498,-1.1570332059458444,11329768.0,0.619630516706079,0.05662251866057628,0.04367220935150658,248949.0,0.8426824051701215,0.7184622467771639,0.8161847533865249,0.9782937062937063,1.0458993115318416,0.94028374599277,1.0,-889864.0
N20,柏翠,111,112/7/31,18095782.0,11742507.0,14074157.0,7720882.0,13781254.0,4911828.0,4702770.0,1650505.0,6353275.0,19365429.0,17714924.0,20.0,13.0,166.0,166.0,1650505.0,-45825.0,840162.0,10811650.0,13781254.0,7214940.0,2087887.0,660960.0,1048843.0,502668.0,19000.0,2000.0,67588.0,15241554.0,-139135.0,15102419.0,-13767729.0,1334690.0,,32334.0,166.0,12.0,1992.0,11871466.0,10307328.0,977400.0,806304.0,2309890.0,2092018.0,143000.0,156865.0,232400.0,160723.0,58644.0,48071.0,196420.0,196420.0,4,7581.535642570281,-6911.510542168675,-1.0969433666220478,11603886.0,0.6217692934935762,0.05696022866822373,0.0433189364321573,2969604.0,0.868243905175654,0.8249478207489257,0.9056786253890878,1.096958041958042,0.69157917383821,0.8197087511083828,1.0,379023.0
N20,柏翠,112,113/7/31,21019698.0,12180779.0,16736807.0,7816170.0,16576141.0,5640050.0,6353275.0,2485644.0,8838919.0,21748438.0,19262794.0,21.0,14.0,166.0,166.0,,191765.0,728222.0,13781254.0,16576141.0,,2638833.0,1111320.0,1526021.0,597096.0,21000.0,2000.0,82930.0,19074887.0,-178653.0,18896234.0,-16765154.0,2131080.0,,70462.0,166.0,12.0,1992.0,14868462.0,12881177.0,1006400.0,843912.0,2633590.0,2236094.0,163000.0,158314.0,232400.0,187888.0,60384.0,5292.0,363999.0,363999.0,4,9486.06124497992,-8416.241967871485,-1.127113654905884,5979200.0,,0.18586432967621086,0.09986218892159486,2794887.0,0.8663422618963549,0.8385453100158983,0.8490668631032166,0.9712515337423313,0.8084681583476764,0.08763910969793323,1.0,-918960.0
N20,柏翠,113,114/7/31,24326929.0,11363988.0,20349810.0,7411869.0,20249796.0,4847490.0,8838919.0,4124022.0,12962941.0,25564753.0,21440731.0,21.0,14.0,156.0,155.0,4124022.0,21327.0,-792560.0,16576141.0,20249796.0,8209068.0,2682168.0,1134252.0,1557661.0,609480.0,21000.0,21000.0,84650.0,21156000.0,-122291.0,21033709.0,-17264596.0,3769113.0,,98978.0,156.0,12.0,1872.0,15188322.0,13308102.0,1006400.0,906908.0,2474940.0,2218804.0,163000.0,152371.0,218400.0,232239.0,60384.0,9550.0,348134.0,348134.0,4,11235.955662393162,-9222.540598290598,-1.218314578574558,14319279.0,0.5732878031079638,0.07921153013360518,0.04256359555533487,3673655.0,0.8762062063208825,0.9011406995230524,0.8965081981785417,0.9347914110429448,1.0633653846153845,0.1581544780074192,1.0,300633.0
N21,文創,110,111/7/31,10014973.0,8421488.0,5947638.0,4351519.0,5758604.0,2017980.0,1083008.0,510477.0,1593485.0,11784105.0,11243663.0,11.0,8.0,90.0,85.0,540442.0,1680.0,34446.0,4908850.0,5758604.0,4099275.0,1209709.0,500676.0,609647.0,292680.0,11000.0,1000.0,39326.0,10023694.0,-82161.0,9941533.0,-7739836.0,2201697.0,-1704960.0,18416.0,90.0,12.0,1080.0,6945385.0,5557050.0,694700.0,289239.0,1401300.0,905197.0,118000.0,19237.0,126000.0,36558.0,41682.0,22085.0,125760.0,125760.0,4,9205.123148148148,-7166.514814814815,-1.2844630041256688,6763313.0,0.6061045821774033,0.07402821664471243,0.04327464956893168,849754.0,0.8001068335304666,0.4163509428530301,0.645969456932848,0.16302542372881357,0.29014285714285715,0.5298450170337315,1.0,90609.0
N21,文創,111,112/7/31,12267786.0,9957524.0,6576003.0,4265741.0,6460594.0,2245389.0,1593485.0,716777.0,2310262.0,12527496.0,11810719.0,11.0,8.0,90.0,88.0,,,,,,4210515.0,1230363.0,513084.0,618387.0,296784.0,11000.0,11000.0,40303.0,10231920.0,-144679.0,10087241.0,-7742707.0,2344534.0,-1703000.0,44944.0,90.0,12.0,1080.0,7142020.0,5405235.0,694700.0,300527.0,1401300.0,941354.0,118000.0,70252.0,126000.0,61891.0,41682.0,20548.0,125760.0,125760.0,3,9340.037962962962,-7169.173148148148,-1.3028054658403063,6931436.0,0.607452048897227,0.0740227566120498,0.04281710167994049,,0.7568215994914604,0.43259968331653953,0.6717719260686505,0.5953559322033898,0.4911984126984127,0.49297058682404876,1.0,
N21,文創,112,113/7/31,15240944.0,13482754.0,6526295.0,4768105.0,6433871.0,2775225.0,2310262.0,-552072.0,1758190.0,12536427.0,13088499.0,11.0,8.0,90.0,84.0,-552072.0,-28751.0,529836.0,6460594.0,6433871.0,4646957.0,1290317.0,589380.0,809296.0,316656.0,11000.0,1000.0,43980.0,11259846.0,-289848.0,10969998.0,-9217452.0,1752546.0,-2491778.0,145010.0,90.0,12.0,1080.0,7875376.0,6575048.0,719700.0,335133.0,1572300.0,1064739.0,118000.0,71454.0,126000.0,109957.0,43182.0,14781.0,229200.0,229200.0,4,10157.405555555555,-8534.677777777777,-1.1901334555363021,7708586.0,0.6028287159279276,0.07645760195190142,0.0410783508155711,-26723.0,0.8348868676238442,0.4656565235514798,0.6771856515932074,0.6055423728813559,0.8726746031746032,0.34229540086147003,1.0,99495.0
N21,文創,113,114/7/31,17920234.0,15704739.0,6690365.0,4474870.0,5774757.0,2254272.0,1758190.0,457305.0,2215495.0,14142103.0,13684798.0,11.0,8.0,78.0,71.0,457305.0,29000.0,-520953.0,6433871.0,5774757.0,4762667.0,1311998.0,602976.0,828025.0,323988.0,11000.0,11000.0,44998.0,12013454.0,-64470.0,11948984.0,-9266369.0,2682615.0,-2383133.0,145278.0,78.0,12.0,936.0,8063442.0,6659960.0,719700.0,347713.0,1362660.0,1107119.0,118000.0,41015.0,109200.0,69416.0,43182.0,8960.0,208236.0,208236.0,4,12766.008547008547,-9899.96688034188,-1.2895001267486759,7896652.0,0.6031248432880162,0.07635843646142694,0.04102852702639043,-659114.0,0.8259450492730027,0.48313602890093094,0.8124689944667048,0.34758474576271187,0.6356776556776557,0.20749386318373397,1.0,113489.0
N22,文仁,110,111/7/31,10389484.0,8729753.0,6962736.0,5303005.0,6593721.0,2024750.0,1390927.0,268804.0,1659731.0,12475991.0,12159501.0,12.0,8.0,90.0,90.0,316490.0,-37994.0,155000.0,5200768.0,6593721.0,4335660.0,1185408.0,518280.0,602045.0,301032.0,10000.0,1000.0,38677.0,10185963.0,-77749.0,10108214.0,-8502873.0,1605341.0,-1323000.0,13204.0,90.0,12.0,1080.0,7113672.0,6320807.0,672700.0,211479.0,1401300.0,948815.0,118000.0,71241.0,126000.0,94662.0,40362.0,359.0,124440.0,124440.0,4,9359.457407407406,-7873.030555555556,-1.1887998327153657,6992102.0,0.6200796269848466,0.07412363263579393,0.04305314768005387,1392953.0,0.8885434976479095,0.31437342054407613,0.6770962677513738,0.6037372881355932,0.7512857142857143,0.008894504732173826,1.0,87585.0
N22,文仁,111,112/7/31,11895965.0,9933644.0,6967525.0,5005204.0,6453348.0,2235669.0,1659731.0,302590.0,1962321.0,13353244.0,13050654.0,12.0,8.0,90.0,90.0,302590.0,-85409.0,210919.0,6593721.0,6453348.0,4446900.0,1199313.0,530640.0,626021.0,314856.0,10000.0,10000.0,39604.0,10141140.0,-111537.0,10029603.0,-8306665.0,1722938.0,-1580000.0,58606.0,90.0,12.0,1080.0,7298904.0,6071285.0,672700.0,216419.0,1401300.0,1040033.0,118000.0,45508.0,126000.0,46782.0,40362.0,918.0,124440.0,124440.0,4,9286.669444444446,-7691.356481481482,-1.2074163337512709,7177334.0,0.6195754579625248,0.07393274438670404,0.04386809921344054,-140373.0,0.831807761822871,0.32171696149843915,0.7421915364304574,0.38566101694915256,0.3712857142857143,0.022744165303998812,1.0,98253.0
N22,文仁,112,113/7/31,15536677.0,13564974.0,7600546.0,5628843.0,7520179.0,2755544.0,1962321.0,9382.0,1971703.0,13559828.0,13550446.0,11.0,8.0,90.0,89.0,9382.0,426354.0,519875.0,6453348.0,7520179.0,,1252355.0,568320.0,780431.0,305364.0,10000.0,1000.0,42411.0,11497431.0,-184567.0,11312864.0,-9114023.0,2198841.0,-2290000.0,100541.0,90.0,12.0,1080.0,7901688.0,6441218.0,717700.0,321319.0,1572300.0,1225703.0,118000.0,66989.0,126000.0,60033.0,43062.0,8481.0,229000.0,229000.0,4,10474.874074074074,-8438.910185185185,-1.2412591014966716,2959881.0,,0.1920077192292528,0.10316766113232255,1066831.0,0.8151698725639382,0.4477065626306256,0.7795605164408828,0.5677033898305085,0.47645238095238096,0.19694858576006688,1.0,154067.0
N22,文仁,113,114/7/31,17973243.0,15565230.0,7100721.0,4692708.0,6210440.0,2244780.0,1971703.0,436310.0,2408013.0,14701958.0,14265648.0,10.0,7.0,84.0,80.0,436310.0,-23258.0,-510764.0,7520179.0,6210440.0,4907267.0,1273563.0,581280.0,798170.0,312300.0,10000.0,10000.0,43375.0,12570095.0,-78287.0,12491808.0,-9275898.0,3215910.0,-2927000.0,147400.0,84.0,12.0,1008.0,8086166.0,6584499.0,717700.0,333089.0,1467480.0,1234416.0,118000.0,83937.0,117600.0,46770.0,43062.0,7045.0,218518.0,218518.0,4,12392.666666666666,-9202.279761904761,-1.3466952741394957,7935955.0,0.618358723052235,0.07324638307550888,0.03935254169157965,-1309739.0,0.814291841151913,0.46410617249547165,0.8411807997383269,0.7113305084745762,0.3977040816326531,0.16360131902837768,1.0,455133.0
N23,菁湖,110,111/7/31,7182174.0,5929720.0,4435846.0,3186992.0,4330956.0,2022912.0,36752.0,1215702.0,1252454.0,12725890.0,11508044.0,13.0,10.0,106.0,105.0,1217846.0,60.0,34810.0,2719034.0,4330956.0,4741605.0,1175352.0,411060.0,672066.0,323460.0,13000.0,13000.0,43829.0,10500532.0,-114709.0,10385823.0,-8712866.0,1672957.0,-521550.0,1825.0,106.0,12.0,1272.0,7574852.0,6594614.0,809400.0,535164.0,1650420.0,1175179.0,143000.0,73441.0,148400.0,140074.0,48564.0,46805.0,147589.0,147589.0,4,8164.955188679246,-6849.737421383648,-1.1920099540151312,7393372.0,0.6413318577774796,0.05559844682507522,0.043749996618592975,1611922.0,0.8705931152186208,0.6611860637509266,0.7120484482737728,0.5135734265734265,0.9438948787061995,0.963779754550696,1.0,1529.0
N23,菁湖,111,112/7/31,8789745.0,7047525.0,5277912.0,3539292.0,5077575.0,2107437.0,1252454.0,489766.0,1742220.0,13018126.0,12528360.0,13.0,10.0,106.0,102.0,489766.0,-226.0,84525.0,4330956.0,5077575.0,4880655.0,1196208.0,422292.0,690621.0,332388.0,13000.0,1000.0,45014.0,10529131.0,-238428.0,10290703.0,-8771939.0,1518764.0,-1052100.0,18980.0,106.0,12.0,1272.0,7830050.0,6714037.0,809400.0,553298.0,1650420.0,1127708.0,143000.0,75333.0,148400.0,109735.0,48564.0,44239.0,147589.0,147589.0,4,8090.175314465409,-6896.178459119496,-1.173138914896695,7581178.0,0.6437858338110515,0.05570268894886784,0.043843845903631336,746619.0,0.8574705142368184,0.6835903138127007,0.6832854667296809,0.5268041958041958,0.7394541778975742,0.9109422617576806,1.0,-1529.0
N23,菁湖,112,113/7/31,12050504.0,9809698.0,5995917.0,3759611.0,5933220.0,2557548.0,1742220.0,498586.0,2240806.0,15309384.0,14810798.0,13.0,10.0,106.0,102.0,498586.0,226.0,450111.0,5077575.0,5933220.0,5019705.0,1217067.0,433368.0,703765.0,338652.0,13000.0,13000.0,46198.0,10441664.0,-169028.0,10272636.0,-7024509.0,3248127.0,-2815348.0,65807.0,106.0,12.0,1272.0,8033627.0,4776110.0,809400.0,558949.0,1650420.0,1261947.0,143000.0,112253.0,148400.0,142868.0,48564.0,24793.0,147589.0,147589.0,4,8075.971698113208,-5522.412735849056,-1.4623991513143482,7784755.0,0.6448122002554993,0.05566880396364433,0.04350194707476343,855645.0,0.5945147814306041,0.6905720286632073,0.764621732649871,0.784986013986014,0.962722371967655,0.5105221975125608,1.0,68841.0
N23,菁湖,113,114/7/31,14595729.0,12981624.0,5802201.0,4192596.0,5755945.0,2656389.0,2240806.0,-626701.0,1614105.0,15712945.0,16339646.0,13.0,10.0,100.0,95.0,-626701.0,-710.0,98841.0,5933220.0,5755945.0,6035907.0,1357601.0,741312.0,1017918.0,398280.0,13000.0,1000.0,55317.0,13677000.0,-395232.0,13281768.0,-11018219.0,2263549.0,-3005377.0,115127.0,100.0,12.0,1200.0,9827735.0,8617950.0,844400.0,596676.0,1747000.0,1268187.0,143000.0,131372.0,140000.0,125691.0,50664.0,19203.0,259140.0,259140.0,4,11068.14,-9181.849166666667,-1.2054369222466899,9620335.0,0.6274113115603562,0.07705677608939814,0.04139980572402104,-177275.0,0.8769009339384914,0.7066271909047844,0.7259227246708644,0.9186853146853147,0.8977928571428572,0.37902652771198486,1.0,27438.0
N24,佳林,110,111/7/31,8558039.0,6899059.0,5394082.0,3735102.0,5277892.0,1863000.0,,1658980.0,1658980.0,10834255.0,9157134.0,11.0,8.0,90.0,89.0,1677121.0,-116190.0,1863000.0,,5277892.0,4028638.0,1016919.0,535920.0,611538.0,296484.0,11000.0,1000.0,39965.0,9641447.0,-51298.0,9590149.0,-7387021.0,2203128.0,-628000.0,9098.0,90.0,12.0,1080.0,6705264.0,5829309.0,560700.0,193893.0,1356300.0,992196.0,118000.0,55751.0,126000.0,121272.0,33642.0,2900.0,191700.0,191700.0,4,8879.767592592592,-6839.83425925926,-1.2982430942053638,6541464.0,0.615861831541074,0.08192661459269668,0.0453237990761701,,0.8693630854803033,0.3458052434456929,0.7315461181154612,0.47246610169491526,0.9624761904761905,0.08620177159503002,1.0,20000.0
N24,佳林,111,112/7/31,10544712.0,8714756.0,5781092.0,3951136.0,5515813.0,1970509.0,1658980.0,170976.0,1829956.0,11717487.0,11546511.0,11.0,8.0,90.0,90.0,170976.0,-145549.0,107509.0,5277892.0,5515813.0,4419090.0,1108256.0,549120.0,629355.0,304116.0,11000.0,11000.0,40943.0,9626000.0,-98862.0,9527138.0,-7662656.0,1864482.0,-1925000.0,45094.0,90.0,12.0,1080.0,7233624.0,5930070.0,560700.0,243980.0,1356300.0,1104994.0,118000.0,80244.0,126000.0,110008.0,33642.0,1660.0,191700.0,191700.0,4,8821.424074074073,-7095.051851851852,-1.2433205927553057,7072880.0,0.6247935777222291,0.0776373980613272,0.042997477689427785,237921.0,0.8197924028122003,0.4351346531121812,0.8147120843471208,0.6800338983050848,0.8730793650793651,0.04934308305094822,1.0,544730.0
N24,佳林,112,113/7/31,12772556.0,10217570.0,6555912.0,4000926.0,6430233.0,2211080.0,1829956.0,725030.0,2554986.0,12661369.0,11936339.0,11.0,8.0,90.0,90.0,725030.0,179001.0,240571.0,5515813.0,6430233.0,4530330.0,1129114.0,562320.0,638236.0,308772.0,11000.0,1000.0,41922.0,9620718.0,-66803.0,9553915.0,-7318462.0,2235453.0,-1720000.0,86345.0,90.0,12.0,1080.0,7392606.0,5605418.0,560700.0,260505.0,1356300.0,1136006.0,118000.0,37999.0,126000.0,85774.0,33642.0,1060.0,191700.0,191700.0,4,8846.217592592593,-6776.353703703703,-1.3054539328071937,7222694.0,0.6272354885863918,0.07785460660523622,0.042750253575743344,914420.0,0.7582465506750935,0.4646067415730337,0.8375772321757723,0.32202542372881354,0.6807460317460318,0.03150823375542477,1.0,-559280.0
N24,佳林,113,114/7/31,14165305.0,12069052.0,5674014.0,3577761.0,5621400.0,1638174.0,2554986.0,-458733.0,2096253.0,12446887.0,12880711.0,10.0,8.0,78.0,76.0,-433824.0,39428.0,-572906.0,6430233.0,5621400.0,4013685.0,1230567.0,574596.0,686008.0,308724.0,11000.0,11000.0,42879.0,9558952.0,-66551.0,9492401.0,-7525703.0,1966698.0,-2588078.0,127148.0,78.0,12.0,936.0,7571434.0,5939032.0,560700.0,300597.0,1362660.0,994731.0,118000.0,53705.0,109200.0,44118.0,33642.0,1184.0,192336.0,192336.0,4,10141.45405982906,-8040.280982905983,-1.2613308019197675,6878459.0,0.583515144889284,0.08353557097599913,0.044882727366696525,-808833.0,0.7843998904302673,0.5361102193686463,0.7299920743252168,0.4551271186440678,0.40401098901098903,0.035194102609832946,1.0,100880.0
N25,碧城,110,111/7/31,9598458.0,7817741.0,5619725.0,3839608.0,5562499.0,2221560.0,,1780717.0,1780717.0,13013151.0,11232434.0,13.0,9.0,120.0,119.0,1780717.0,-16980.0,2221560.0,,5562499.0,4534395.0,1092290.0,647088.0,772595.0,347700.0,13000.0,1000.0,48291.0,11757709.0,-123405.0,11634304.0,-9581927.0,2052377.0,-366000.0,10138.0,120.0,12.0,1440.0,8104538.0,7280058.0,631400.0,401692.0,1808400.0,1312386.0,143000.0,23017.0,168000.0,310390.0,37884.0,10404.0,243980.0,243980.0,4,8079.377777777779,-6654.115972222222,-1.2141925105461564,7456359.0,0.6081245551615742,0.08678337510304962,0.04663133843206852,,0.8982693399673122,0.636192587899905,0.7257166556071666,0.16095804195804195,1.8475595238095237,0.2746278112131771,1.0,
N25,碧城,111,112/7/31,10421178.0,8835833.0,5315722.0,3730977.0,5017424.0,2402005.0,1780717.0,-195372.0,1585345.0,14644136.0,14839508.0,13.0,9.0,120.0,120.0,-195372.0,-244503.0,180445.0,5562499.0,5017424.0,4973805.0,1188852.0,663000.0,791563.0,356220.0,13000.0,13000.0,49476.0,11776298.0,-132709.0,11643589.0,-10314250.0,1329339.0,-1678000.0,35278.0,120.0,12.0,1440.0,8743585.0,7877577.0,631400.0,447536.0,1808400.0,1545579.0,143000.0,20711.0,168000.0,166399.0,37884.0,12468.0,243980.0,243980.0,4,8085.825694444445,-7162.67361111111,-1.1288837288217757,8048916.0,0.6179471869255437,0.08237134043888643,0.044256891238522056,-545075.0,0.900955043040126,0.7087994931897371,0.8546665560716655,0.14483216783216782,0.990470238095238,0.32910991447576815,1.0,2171.0
N25,碧城,112,113/7/31,12457421.0,10751448.0,5684783.0,3979510.0,5653609.0,2665525.0,1585345.0,120628.0,1705973.0,16266732.0,16146104.0,13.0,9.0,120.0,119.0,120628.0,240483.0,263520.0,5017424.0,5653609.0,5098950.0,1209708.0,678912.0,810506.0,364752.0,13000.0,1000.0,50660.0,11767632.0,-74703.0,11692929.0,-9777812.0,1915117.0,-2002000.0,73498.0,120.0,12.0,1440.0,8936062.0,7079229.0,631400.0,477617.0,1808400.0,1748636.0,143000.0,47763.0,168000.0,160402.0,37884.0,20185.0,243980.0,243980.0,4,8120.089583333333,-6790.147222222222,-1.1958635531139277,8227488.0,0.6197456623455422,0.08251753147497753,0.044333337222734324,636185.0,0.7922090289883844,0.7564412416851442,0.96695200176952,0.334006993006993,0.9547738095238095,0.5328106852497096,1.0,7000.0
N25,碧城,113,114/7/31,11607567.0,6058653.0,9461570.0,3912656.0,9292824.0,,1705973.0,3842941.0,5548914.0,21808378.0,16607411.0,13.0,9.0,112.0,109.0,5200967.0,3218.0,-2665525.0,5653609.0,9292824.0,5224095.0,1230567.0,694668.0,829458.0,373284.0,13000.0,13000.0,51845.0,11868007.0,-95349.0,11772658.0,-10791616.0,981042.0,-2259000.0,130429.0,112.0,12.0,1344.0,9152396.0,8380317.0,631400.0,467780.0,1956640.0,1465773.0,143000.0,70596.0,156800.0,144579.0,37884.0,3767.0,258804.0,258804.0,4,8759.418154761905,-8029.476190476191,-1.0909077936057028,8429917.0,0.619708948498544,0.08240508180566902,0.04428086302629077,3639215.0,0.9156418712651856,0.7408615774469433,0.7491275860659089,0.49367832167832165,0.9220599489795919,0.09943511772780066,1.0,-9171.0
N26,新店及人,110,111/7/31,7616424.0,5943809.0,6622418.0,3734806.0,6608798.0,2300400.0,,1672615.0,1672615.0,12558092.0,10885477.0,12.0,9.0,120.0,120.0,,,,,,4560403.0,1155415.0,656604.0,783900.0,352776.0,13000.0,1000.0,48997.0,11846341.0,-185546.0,11660795.0,-8943877.0,2716918.0,-1166000.0,1715.0,120.0,12.0,1440.0,8220274.0,6187424.0,799400.0,549078.0,1808400.0,1602682.0,143000.0,130826.0,168000.0,166360.0,47964.0,46727.0,260780.0,260780.0,3,8097.774305555556,-6211.0256944444445,-1.303774079182887,7572095.0,0.6022643667307397,0.08671365058151013,0.04658895589661778,,0.7527028904389318,0.6868626469852389,0.8862430878124309,0.9148671328671328,0.9902380952380953,0.9742098240346927,1.0,
N26,新店及人,111,112/7/31,9912453.0,6514249.0,7592568.0,4194364.0,7466941.0,2437026.0,1672615.0,1725589.0,3398204.0,13376316.0,11650727.0,12.0,9.0,120.0,119.0,1725589.0,-68617.0,136626.0,6608798.0,7466941.0,5001615.0,1256352.0,672516.0,802855.0,361308.0,13000.0,13000.0,50182.0,12142656.0,-291131.0,11851525.0,-10185408.0,1666117.0,,34559.0,120.0,12.0,1440.0,8865497.0,7228314.0,799400.0,558702.0,1808400.0,1841041.0,143000.0,104389.0,168000.0,159178.0,47964.0,33004.0,260780.0,260780.0,4,8230.225694444443,-7073.2,-1.1635788178539337,8170828.0,0.612130741217414,0.08230695836456232,0.0442192639473013,858143.0,0.8153309397093023,0.6989016762571929,1.0180496571554967,0.729993006993007,0.9474880952380952,0.6880994078892503,1.0,-20000.0
N26,新店及人,112,113/7/31,13048655.0,6897727.0,10666904.0,4515976.0,10629534.0,2675592.0,3398204.0,2752724.0,6150928.0,15489760.0,12737036.0,13.0,10.0,120.0,120.0,,44867.0,238566.0,7466941.0,10629534.0,5126760.0,1277208.0,688272.0,821807.0,369840.0,13000.0,1000.0,51366.0,12098314.0,-149457.0,11948857.0,-9356506.0,2592351.0,,68619.0,120.0,12.0,1440.0,9057827.0,6209038.0,799400.0,560670.0,1808400.0,2057104.0,143000.0,56245.0,168000.0,175536.0,47964.0,37133.0,260780.0,260780.0,4,8297.81736111111,-6497.573611111111,-1.2770640023102642,8349253.0,0.6140381660491064,0.08243515916932928,0.04429617835272209,3162593.0,0.6854886939218424,0.7013635226419815,1.137527095775271,0.3933216783216783,1.044857142857143,0.7741848052706196,1.0,
N26,新店及人,113,114/7/31,9835674.0,2664577.0,8685418.0,1514321.0,8670464.0,,6150928.0,1020169.0,7171097.0,14434369.0,13414200.0,11.0,8.0,104.0,60.0,1020169.0,22416.0,-2675592.0,10629534.0,8670464.0,5251905.0,1298067.0,704184.0,840750.0,378360.0,13000.0,13000.0,52551.0,10041500.0,-219986.0,9821514.0,-10057915.0,-236401.0,,90570.0,104.0,12.0,1248.0,9274296.0,7742381.0,799400.0,519163.0,1816880.0,1245833.0,143000.0,116131.0,145600.0,131067.0,47964.0,41712.0,261628.0,261628.0,4,7869.802884615384,-8059.226762820513,-0.9764960232811671,8551817.0,0.6141273836893376,0.08234320261998122,0.04424322924590178,-1959070.0,0.8348214247205394,0.6494408306229672,0.6856991105631632,0.8121048951048951,0.9001854395604396,0.8696522391793845,1.0,
N27,育平,110,111/7/31,7225898.0,4977291.0,5798123.0,3549516.0,5669189.0,2675294.0,,2248607.0,2248607.0,12660423.0,10392871.0,13.0,10.0,106.0,105.0,2267552.0,-3800.0,2675294.0,,5669189.0,4534395.0,1092290.0,647088.0,772595.0,347700.0,13000.0,1000.0,48291.0,11737237.0,-138719.0,11598518.0,-8492149.0,3106369.0,-954179.0,527.0,106.0,12.0,1272.0,8104538.0,6791109.0,799400.0,274324.0,1597420.0,1037010.0,143000.0,35577.0,148400.0,111593.0,47964.0,2854.0,239682.0,239682.0,4,9118.33176100629,-6676.217767295598,-1.3657930401362481,7456359.0,0.6081245551615742,0.08678337510304962,0.04663133843206852,,0.8379390657431676,0.34316237177883413,0.649178049604988,0.2487902097902098,0.7519743935309973,0.059502960553748645,1.0,172775.0
N27,育平,111,112/7/31,10190076.0,7692287.0,6225780.0,3727991.0,6162453.0,2444207.0,2248607.0,249182.0,2497789.0,13622173.0,13372991.0,13.0,10.0,106.0,96.0,249182.0,-1580.0,-231087.0,5669189.0,6162453.0,4973805.0,1188852.0,663000.0,791563.0,356220.0,13000.0,13000.0,49476.0,11685529.0,-138608.0,11546921.0,-9180955.0,2365966.0,-2329334.0,26316.0,106.0,12.0,1272.0,8743585.0,7235158.0,799400.0,265794.0,1597420.0,1243320.0,143000.0,42266.0,148400.0,154575.0,47964.0,160.0,239682.0,239682.0,4,9077.768081761007,-7217.731918238994,-1.2577036920451086,8048916.0,0.6179471869255437,0.08237134043888643,0.044256891238522056,493264.0,0.8274818624168462,0.33249186890167626,0.7783300572172628,0.2955664335664336,1.0416105121293802,0.003335835209740639,1.0,-34679.0
N27,育平,112,113/7/31,13687046.0,10423553.0,6699913.0,3436420.0,6593913.0,2682228.0,2497789.0,765704.0,3263493.0,15346203.0,14580499.0,13.0,10.0,106.0,106.0,765704.0,-12370.0,238021.0,6162453.0,6593913.0,5098950.0,1209708.0,678912.0,810506.0,364752.0,13000.0,1000.0,50660.0,11696194.0,-110649.0,11585545.0,-8170198.0,3415347.0,-2957802.0,75359.0,106.0,12.0,1272.0,8936062.0,6138401.0,799400.0,353407.0,1597420.0,1247410.0,143000.0,67278.0,148400.0,123230.0,47964.0,790.0,239682.0,239682.0,4,9108.13286163522,-6423.111635220125,-1.4180249976805948,8227488.0,0.6197456623455422,0.08251753147497753,0.044333337222734324,431460.0,0.6869246207110022,0.4420903177383037,0.7808904358277723,0.4704755244755245,0.8303908355795149,0.016470686348094406,1.0,-59628.0
N27,育平,113,114/7/31,15100924.0,12850089.0,5504805.0,3253970.0,5419409.0,2108538.0,3263493.0,-1012658.0,2250835.0,15237003.0,16249661.0,13.0,10.0,100.0,94.0,-1012658.0,204.0,-573690.0,6593913.0,5419409.0,5224095.0,1230567.0,694668.0,829458.0,373284.0,13000.0,13000.0,51845.0,11432182.0,-81813.0,11350369.0,-10115988.0,1234381.0,-2603007.0,145697.0,100.0,12.0,1200.0,9152396.0,8028796.0,799400.0,344209.0,1747000.0,1307468.0,143000.0,39925.0,140000.0,138450.0,47964.0,2500.0,254640.0,254640.0,4,9458.640833333333,-8429.99,-1.1220227821543483,8429917.0,0.619708948498544,0.08240508180566902,0.04428086302629077,-1174504.0,0.8772343329549989,0.43058418814110583,0.7484075558099599,0.2791958041958042,0.9889285714285714,0.052122425152197484,1.0,-17095.0
N28,新樂,110,111/7/31,11254617.0,9986340.0,5569992.0,4307115.0,5436320.0,2270634.0,,1268277.0,1268277.0,10987089.0,9718812.0,26.0,19.0,212.0,205.0,,,,,,4219020.0,1101216.0,671580.0,867140.0,360846.0,13000.0,1000.0,100236.0,10296228.0,-573838.0,9722390.0,-8455874.0,1266516.0,,1761.0,212.0,6.0,1272.0,8221561.0,6385242.0,608250.0,446160.0,1427290.0,1150067.0,95000.0,25445.0,148400.0,208932.0,36495.0,36474.0,203554.0,203554.0,4,7643.388364779875,-6647.699685534591,-1.1497794314342906,7334038.0,0.5752656312934293,0.09157029183650262,0.049201544906094026,,0.7766459435136466,0.733514180024661,0.8057696753988327,0.2678421052631579,1.4078975741239892,0.9994245787094123,1.0,
N28,新樂,111,112/7/31,16704134.0,13898493.0,9672082.0,6871841.0,9284219.0,4473601.0,1268277.0,1537364.0,2805641.0,24930909.0,23393545.0,25.0,18.0,212.0,204.0,1537364.0,-6300.0,2202967.0,5436320.0,9284219.0,9492795.0,2477736.0,1343160.0,1702554.0,721692.0,26000.0,2000.0,100236.0,22705452.0,-321785.0,22383667.0,-19440011.0,2943656.0,-1467200.0,31308.0,212.0,12.0,2544.0,17814708.0,15206445.0,1216500.0,1059548.0,2854580.0,2285769.0,190000.0,97182.0,296800.0,321732.0,72990.0,69335.0,400000.0,400000.0,4,8798.611242138364,-7641.513757861635,-1.151422548063373,15866173.0,0.5983040144589372,0.08465557510308251,0.045486205148525735,3847899.0,0.8535893487560953,0.8709806822852445,0.8007374114580779,0.5114842105263158,1.0840026954177897,0.9499246472119468,1.0,77050.0
N28,新樂,112,113/7/31,20766461.0,18302208.0,10252368.0,7793515.0,10113502.0,5325997.0,2805641.0,-341388.0,2464253.0,27277563.0,27618951.0,25.0,18.0,212.0,211.0,-341388.0,6300.0,852396.0,9284219.0,10113502.0,9729180.0,2519451.0,1374984.0,1742795.0,738756.0,26000.0,26000.0,102605.0,23264830.0,-281582.0,22983248.0,-19443832.0,3539416.0,-3968524.0,84148.0,212.0,12.0,2544.0,18250021.0,14997656.0,1216500.0,1030804.0,2854580.0,2627301.0,190000.0,107552.0,296800.0,246999.0,72990.0,33520.0,400000.0,400000.0,4,9034.295597484277,-7643.0157232704405,-1.1820328420858603,16259771.0,0.5983589805785088,0.08456355258631872,0.04543458822390549,829283.0,0.821788424243457,0.8473522400328812,0.9203809316957311,0.5660631578947368,0.8322068733153639,0.4592409919167009,1.0,-25863.0
N28,新樂,113,114/7/31,25238586.0,21788727.0,11098495.0,7654036.0,11031538.0,5057016.0,2464253.0,985606.0,3449859.0,30175635.0,29190029.0,25.0,18.0,200.0,197.0,985606.0,,-268981.0,10113502.0,11031538.0,9965565.0,2561166.0,1406808.0,1783025.0,755808.0,26000.0,2000.0,104974.0,24377000.0,-155352.0,24221648.0,-19180806.0,5040842.0,-4220261.0,165025.0,200.0,12.0,2400.0,18637311.0,14347554.0,1144500.0,1273698.0,3173000.0,2751512.0,190000.0,163079.0,280000.0,231423.0,68670.0,28256.0,400000.0,385284.0,4,10092.353333333334,-7992.0025,-1.262806578618229,16605346.0,0.6001419663281934,0.0847201858967588,0.045515944082104645,918036.0,0.7698296175880738,1.1128859764089123,0.8671641979199496,0.8583105263157895,0.8265107142857143,0.41147517110819865,0.96321,-25678.0
N29,東湖,111,112/7/31,16295950.0,13650788.0,10346111.0,7595432.0,9605986.0,5200465.0,,2645162.0,2645162.0,24164251.0,21514774.0,28.0,21.0,242.0,229.0,2649477.0,-14480.0,5200465.0,,9605986.0,9370707.0,2558749.0,1413808.0,1792241.0,759715.0,26583.0,2750.0,105517.0,23329857.0,-508322.0,22821535.0,-18984352.0,3837183.0,-1390000.0,51980.0,242.0,11.0,2662.0,17819480.0,14214119.0,1215133.0,817728.0,2986985.0,3159212.0,197084.0,78326.0,310567.0,343390.0,72908.0,4910.0,366667.0,366667.0,4,8573.078512396694,-7131.612321562734,-1.2021234646302386,16030070.0,0.5845705602034177,0.08819724430398619,0.04739311805874834,,0.7976730521878304,0.6729534956255817,1.0576591445889416,0.3974244484585253,1.1056873396078786,0.06734514730893729,1.0,232446.0
N29,東湖,112,113/7/31,19579559.0,17204041.0,10826037.0,8450519.0,10544276.0,6264826.0,2645162.0,-269644.0,2375518.0,30152512.0,30422156.0,29.0,21.0,242.0,242.0,-269644.0,2960.0,1064361.0,9605986.0,10544276.0,11205797.0,3035448.0,1579224.0,2001563.0,848448.0,29000.0,29000.0,117840.0,26539150.0,-233338.0,26305812.0,-23605570.0,2700242.0,-3200000.0,101264.0,242.0,12.0,2904.0,20947030.0,18104935.0,1325600.0,890704.0,3258530.0,3637314.0,215000.0,195922.0,338800.0,338089.0,79536.0,38606.0,400000.0,400000.0,4,9058.47520661157,-8128.639807162534,-1.114390035911016,18846320.0,0.5945880681215219,0.08379482042117506,0.04501929289113206,938290.0,0.8643199059723503,0.671925165962583,1.1162438277382747,0.9112651162790698,0.9979014167650532,0.4853902635284651,1.0,-186268.0
N29,東湖,113,114/7/31,23878996.0,20173628.0,12022197.0,8316829.0,11908427.0,5272656.0,2375518.0,1329850.0,3705368.0,33959943.0,32630093.0,29.0,21.0,228.0,228.0,1329850.0,890.0,-992170.0,10544276.0,11908427.0,11480508.0,3086033.0,1615764.0,2047958.0,868116.0,29000.0,3000.0,120571.0,28968296.0,-215449.0,28752847.0,-24021413.0,4731434.0,-3590000.0,168287.0,228.0,12.0,2736.0,21395049.0,18850777.0,1222500.0,909053.0,3617220.0,3367480.0,190000.0,246901.0,319200.0,226551.0,73350.0,20651.0,400000.0,400000.0,4,10509.081505847953,-8779.756213450293,-1.1969673474245666,19250950.0,0.5963605951914062,0.08393165012635741,0.045094709611733445,1364151.0,0.8810812725878777,0.74360163599182,0.9309580285412554,1.299478947368421,0.7097462406015037,0.28154055896387187,1.0,175480.0
N30,文中,111,112/7/31,2672191.0,3222879.0,2522559.0,3073247.0,2506789.0,2185603.0,,-550688.0,-550688.0,7007201.0,7557889.0,13.0,10.0,106.0,74.0,-550688.0,-7030.0,2185603.0,,2506789.0,4126797.0,993472.0,589030.0,746642.0,316490.0,10833.0,833.0,43957.0,8687554.0,-1892709.0,6794845.0,-7402272.0,-607427.0,,14171.0,106.0,10.0,1060.0,7412692.0,6055356.0,666166.0,219362.0,1331183.0,825802.0,119167.0,21079.0,123667.0,264795.0,39970.0,15878.0,199735.0,,4,6410.231132075472,-6983.275471698113,-0.9179404647654126,6828054.0,0.6043884538698727,0.08626616016803616,0.04635142018501904,,0.8168902741406227,0.3292902970130568,0.6203519726438814,0.17688621850008812,2.14119368950488,0.39724793595196395,,
N30,文中,112,113/7/31,9344160.0,8366780.0,5095402.0,4118022.0,5034982.0,2911905.0,-550688.0,1528068.0,977380.0,13297430.0,11769362.0,13.0,10.0,106.0,106.0,1528068.0,-6110.0,726302.0,2506789.0,5034982.0,5425502.0,1296486.0,723372.0,916881.0,388656.0,13000.0,13000.0,53980.0,12560472.0,-59502.0,12500970.0,-10574530.0,1926440.0,-594200.0,19265.0,106.0,12.0,1272.0,9582611.0,8377365.0,799400.0,366397.0,1597420.0,1351877.0,143000.0,55726.0,148400.0,168201.0,47964.0,15282.0,239682.0,239682.0,4,9827.806603773584,-8313.309748427673,-1.1821773639112092,8830877.0,0.6143786172086872,0.08191394807106928,0.04401103084099122,2528193.0,0.8742257199003487,0.4583400050037528,0.8462877640194814,0.38969230769230767,1.1334299191374664,0.3186139604703528,1.0,24375.0
N30,文中,113,114/7/31,12185448.0,10795328.0,5089042.0,3698922.0,5077541.0,2495316.0,977380.0,412740.0,1390120.0,14628366.0,14215626.0,13.0,10.0,100.0,97.0,412740.0,6264.0,-416589.0,5034982.0,5077541.0,5555628.0,1318168.0,739908.0,937803.0,397524.0,13000.0,1000.0,55212.0,13373091.0,-76419.0,13296672.0,-10383169.0,2913503.0,-2704670.0,46381.0,100.0,12.0,1200.0,9784435.0,7736019.0,799400.0,356353.0,1747000.0,1730759.0,143000.0,119699.0,140000.0,153797.0,47964.0,31902.0,254640.0,254640.0,4,11080.56,-8652.640833333333,-1.2805986303410837,9018243.0,0.616043280270891,0.08204569337951971,0.04407998320737199,42559.0,0.7906454486130267,0.4457755816862647,0.9907034917000572,0.8370559440559441,1.09855,0.6651238428821616,1.0,20507.0
N31,翠中,111,112/7/31,1748732.0,2266729.0,1650924.0,2171921.0,1562882.0,1512479.0,,-517997.0,-517997.0,5624000.0,6141997.0,10.0,7.0,90.0,63.0,-517997.0,-5430.0,1512479.0,,1562882.0,3169612.0,993472.0,487410.0,617857.0,261900.0,9167.0,833.0,36375.0,6081791.0,-666069.0,5415722.0,-5942572.0,-526850.0,,8853.0,90.0,10.0,900.0,6135523.0,4620897.0,562250.0,263825.0,1130250.0,791429.0,98333.0,73325.0,105000.0,167411.0,33735.0,25685.0,169250.0,,4,6017.468888888889,-6602.857777777778,-0.9113431019430643,5576626.0,0.5683744974111586,0.08740231100310475,0.046963881027703845,,0.7531382410268855,0.46923076923076923,0.7002247290422473,0.7456804938321825,1.5943904761904761,0.7613754261153105,,
N31,翠中,112,113/7/31,6113870.0,5749467.0,3846404.0,3485001.0,3798298.0,2407427.0,-517997.0,882400.0,364403.0,11876078.0,10993678.0,11.0,8.0,90.0,88.0,,-1410.0,894948.0,1562882.0,3798298.0,4168355.0,1296486.0,598620.0,758721.0,321612.0,11000.0,11000.0,44668.0,10431318.0,-192213.0,10239105.0,-9187009.0,1052096.0,-254018.0,12794.0,90.0,12.0,1080.0,7931306.0,6812566.0,674700.0,451941.0,1356300.0,1464322.0,118000.0,52267.0,126000.0,181100.0,40482.0,21713.0,203100.0,203100.0,4,9480.652777777777,-8506.489814814815,-1.1145199705366566,7210462.0,0.5780981856641086,0.08302103249417304,0.044603521937984,2235416.0,0.8589463072033786,0.66983992885727,1.0796446213964461,0.4429406779661017,1.4373015873015873,0.5363618398300479,1.0,8136.0
N31,翠中,113,114/7/31,7827218.0,7059930.0,3937314.0,3173026.0,3928488.0,1945278.0,364403.0,402885.0,767288.0,13401418.0,12998533.0,11.0,8.0,84.0,82.0,402885.0,-1150.0,-462149.0,3798298.0,3928488.0,4269564.0,1318168.0,612216.0,775998.0,328932.0,11000.0,1000.0,45685.0,11352000.0,-54894.0,11297106.0,-9224923.0,2072183.0,-1716198.0,30871.0,84.0,12.0,1008.0,8097865.0,7010982.0,674700.0,472428.0,1467480.0,1319717.0,118000.0,43007.0,117600.0,145126.0,40482.0,19445.0,214218.0,214218.0,4,11207.446428571428,-9151.709325396825,-1.224628758418905,7362563.0,0.5799018629789653,0.08315256521404299,0.04467629003649952,130190.0,0.8657815362444299,0.700204535349044,0.8993083381034154,0.3644661016949153,1.23406462585034,0.48033693987451215,1.0,14210.0
N32,板橋員工子女,111,112/7/31,10797955.0,8634427.0,9254606.0,7001318.0,9216943.0,5536306.0,,2163528.0,2163528.0,20343720.0,18180192.0,20.0,14.0,166.0,164.0,2163528.0,,5536306.0,,9216943.0,9077269.0,2402705.0,1202796.0,1524617.0,646272.0,21000.0,2000.0,89760.0,19451504.0,-117274.0,19334230.0,-15842331.0,3491899.0,-1364404.0,36033.0,166.0,12.0,1992.0,15881919.0,12821946.0,553400.0,363575.0,2235190.0,1995556.0,143000.0,139544.0,232400.0,232869.0,33204.0,9982.0,278859.0,278859.0,4,9705.93875502008,-7952.9774096385545,-1.220415733013027,14966419.0,0.6065090787582521,0.08036631875667787,0.04318147180030173,,0.8073297691544705,0.6569840983014095,0.8927903220755282,0.9758321678321679,1.0020180722891567,0.30062643055053606,1.0,177543.0
N32,板橋員工子女,112,113/7/31,13503665.0,11297495.0,9044675.0,6838505.0,8980409.0,5751260.0,2163528.0,42642.0,2206170.0,21233286.0,21190644.0,20.0,14.0,166.0,163.0,42642.0,,214954.0,9216943.0,8980409.0,9294172.0,2438843.0,1229256.0,1467743.0,660540.0,21000.0,21000.0,91742.0,19793065.0,-265999.0,19527066.0,-16910534.0,2616532.0,-2632970.0,59080.0,166.0,12.0,1992.0,16154254.0,13743920.0,553400.0,368491.0,2235190.0,2153436.0,143000.0,128805.0,232400.0,232137.0,33204.0,4886.0,278859.0,278859.0,4,9802.743975903615,-8489.223895582329,-1.1547279346707797,15224296.0,0.6104828755300081,0.0807430438819634,0.043387227888895485,-236534.0,0.8507926147502695,0.6658673653776653,0.9634241384401326,0.9007342657342657,0.998868330464716,0.14715094566919648,1.0,-77072.0
N32,板橋員工子女,113,114/7/31,16798729.0,14429085.0,9389269.0,7019625.0,9322004.0,5801928.0,2206170.0,163474.0,2369644.0,22671348.0,22507874.0,21.0,15.0,136.0,136.0,163474.0,,50668.0,8980409.0,9322004.0,9891643.0,2556929.0,1304352.0,1791325.0,700896.0,21000.0,2000.0,97347.0,21081000.0,-279698.0,20801302.0,-18043360.0,2757942.0,-2687656.0,93188.0,136.0,12.0,1632.0,17403771.0,14911253.0,547400.0,317822.0,2375920.0,2138437.0,143000.0,124777.0,190400.0,247266.0,32844.0,11473.0,292332.0,292332.0,4,12745.895833333334,-11055.980392156862,-1.1528507994076491,16365492.0,0.6044207531310394,0.07970136186556445,0.042827676674798414,341595.0,0.8567828776878298,0.5806028498355864,0.9000458769655544,0.8725664335664336,1.2986659663865545,0.34931798806479114,1.0,35246.0
N33,淡海,112,113/7/31,14290330.0,10482458.0,11643523.0,7835651.0,11564315.0,5772243.0,,3807872.0,3807872.0,21518970.0,17681319.0,23.0,19.0,182.0,170.0,3837651.0,-8140.0,5772243.0,,11564315.0,6779520.0,2011141.0,1024190.0,1406431.0,550300.0,19167.0,1667.0,76431.0,20126571.0,-249045.0,19877526.0,-14717079.0,5160447.0,-1422994.0,31272.0,182.0,10.0,1820.0,13032340.0,11672852.0,908750.0,567779.0,2406192.0,1710073.0,158333.0,30760.0,212333.0,352261.0,54525.0,51860.0,331494.0,331494.0,4,10921.717582417583,-8086.307142857144,-1.3506434259135254,11868847.0,0.5712029146554842,0.08629229107090183,0.0463650765739924,,0.8956835073363648,0.624791196698762,0.7106968188739718,0.19427409320861727,1.6590026043996928,0.9511233379183861,1.0,34557.0
N33,淡海,113,114/7/31,14871527.0,13225702.0,8171610.0,6525785.0,8042105.0,4336527.0,3807872.0,-2162047.0,1645825.0,22928947.0,25090994.0,23.0,17.0,152.0,143.0,-2162047.0,-7940.0,-1435716.0,11564315.0,8042105.0,8916143.0,2623995.0,1257732.0,1727137.0,675780.0,23000.0,23000.0,93859.0,19828000.0,-646360.0,19181640.0,-17359345.0,1822295.0,-4089648.0,100941.0,152.0,12.0,1824.0,16837171.0,13994993.0,1006500.0,651446.0,2411480.0,1979761.0,190000.0,73807.0,212800.0,304052.0,60390.0,13488.0,341798.0,341798.0,4,10516.25,-9517.18475877193,-1.1049748708836653,15340646.0,0.5812104001356918,0.08198689937829215,0.04405159991306755,-3522210.0,0.8311962264919682,0.6472389468455042,0.8209734271070048,0.3884578947368421,1.4288157894736842,0.22334823646299057,1.0,-34557.0
N34,佳和,112,113/7/31,11453904.0,11308154.0,6847585.0,4284782.0,6761066.0,2986158.0,,145750.0,145750.0,11722395.0,11576645.0,13.0,10.0,106.0,101.0,145750.0,-18790.0,2986158.0,,6761066.0,4126797.0,1005571.0,590330.0,810649.0,317180.0,10833.0,833.0,44053.0,10984255.0,-147150.0,10837105.0,-8453442.0,2383663.0,-2373000.0,17256.0,106.0,10.0,1060.0,7502224.0,6472036.0,703666.0,497683.0,1543183.0,1056515.0,119167.0,70941.0,123667.0,109693.0,42220.0,21539.0,224685.0,224685.0,4,10223.683962264151,-7974.9452830188675,-1.2819754367510892,6906246.0,0.5975456130580926,0.08547769656626769,0.04592654243709245,,0.8626823192695926,0.7072716317116359,0.6846336435795366,0.5953074257134945,0.8870029999919138,0.5101610611084794,1.0,113445.0
N34,佳和,113,114/7/31,13742444.0,13596694.0,7576951.0,4670458.0,7555441.0,2690739.0,145750.0,,145750.0,15622560.0,15622560.0,13.0,10.0,100.0,98.0,,-2720.0,-295419.0,6761066.0,7555441.0,,1311998.0,724932.0,995442.0,389484.0,13000.0,13000.0,54096.0,13844381.0,-391782.0,13452599.0,-10898041.0,2554558.0,-2760743.0,37181.0,100.0,12.0,1200.0,9692796.0,8382581.0,844400.0,626879.0,1747000.0,1383684.0,143000.0,74590.0,140000.0,147473.0,50664.0,20071.0,259140.0,259140.0,4,11210.499166666666,-9081.700833333334,-1.2344052476954344,3501952.0,,0.20700797726525091,0.11121911436821522,794375.0,0.8648258975016084,0.7423957839886309,0.792034344590727,0.5216083916083916,1.0533785714285715,0.39615900836886153,1.0,515566.0
N35,桃子腳,113,114/7/31,14039173.0,11209086.0,10538459.0,7808372.0,10486066.0,5275598.0,,2830087.0,2830087.0,23579137.0,20749050.0,25.0,19.0,200.0,182.0,2830087.0,,5275598.0,,10486066.0,9720418.0,2301090.0,1380159.0,1895356.0,741609.0,24750.0,1833.0,103001.0,22456712.0,-198346.0,22258366.0,-18205691.0,4052675.0,-1270727.0,48139.0,200.0,11.0,2200.0,17561422.0,14384345.0,1006958.0,689747.0,2908583.0,2414704.0,174167.0,27419.0,256667.0,289239.0,60418.0,33570.0,366667.0,366667.0,4,10117.43909090909,-8275.31409090909,-1.222604843727162,16168216.0,0.6012053525262157,0.08536247907623204,0.045868325856111766,,0.8190877139675818,0.6849809028777765,0.8301994476348105,0.1574293637715526,1.1269037312938555,0.5556291171505181,1.0,44454.0
N36,明德,113,114/7/31,8770380.0,7384937.0,5332436.0,3946993.0,4843317.0,2753078.0,,1385443.0,1385443.0,12179040.0,10793597.0,13.0,10.0,88.0,88.0,1385443.0,,2753078.0,,4843317.0,4189417.0,1045950.0,603070.0,828159.0,324040.0,10833.0,833.0,45005.0,10866517.0,-56787.0,10809730.0,-9453832.0,1355898.0,,29545.0,88.0,10.0,880.0,7666665.0,7273300.0,603085.0,614626.0,1281133.0,1064629.0,98333.0,76025.0,102667.0,217115.0,36185.0,26503.0,188422.0,69134.0,4,12283.784090909092,-10742.99090909091,-1.143423111390175,7047307.0,0.5944706254460037,0.08557453222911958,0.0459806845366606,,0.948691510585111,1.0191366059510683,0.8310058362402655,0.7731382140278442,2.1147496274362747,0.7324305651513058,0.36691044570166964,
N37,清水高中,113,114/7/31,6816722.0,5383861.0,4550350.0,3117489.0,4461793.0,2133170.0,,1432861.0,1432861.0,9985305.0,8552444.0,11.0,8.0,72.0,64.0,1432861.0,,2133170.0,,4461793.0,3296367.0,1045950.0,508310.0,697991.0,273110.0,9167.0,833.0,37932.0,8761524.0,-96164.0,8665360.0,-7211421.0,1453939.0,-92221.0,28135.0,72.0,10.0,720.0,6460352.0,5720932.0,562251.0,370742.0,1048200.0,683462.0,98333.0,82646.0,84000.0,168062.0,33735.0,24532.0,161045.0,161045.0,4,12035.222222222223,-10015.8625,-1.2016161585906577,5869660.0,0.5615941979603588,0.0865995645403652,0.04652910049304389,,0.8855449362511516,0.6593887783214258,0.6520339629841633,0.8404706456632056,2.0007380952380953,0.7271972728620127,1.0,70254.0
N38,崁頂,113,114/7/31,28517394.0,26304173.0,11659348.0,9446127.0,11559837.0,6173858.0,,2213221.0,2213221.0,24490192.0,22276971.0,30.0,23.0,224.0,200.0,2213221.0,-99446.0,6173858.0,,11559837.0,9752549.0,2091901.0,1396800.0,1918196.0,750540.0,25000.0,1667.0,104243.0,22846800.0,-498306.0,22348494.0,-18813021.0,3535473.0,-1421287.0,48458.0,224.0,10.0,2240.0,17773532.0,15226479.0,1041250.0,921994.0,2961467.0,1889649.0,158333.0,32161.0,261333.0,279548.0,62475.0,38830.0,333333.0,333333.0,4,9977.00625,-8398.670089285715,-1.1879269150871623,16040896.0,0.607980314815332,0.0870774300886933,0.04678915691492545,,0.8566940437049878,0.8854684273709483,0.6380786954573527,0.20312253288954293,1.0697003440055408,0.6215286114445778,1.0,
