code,short_name,academic_year,anomaly_score,rank_in_year,n_peers,n_features,change_score,top_reason_1,top_reason_2,top_reason_3
N30,文中,111,3.1091,1,32,14,,招收利用率 0.698（同年中位 0.991，偏低 z=-21.4、第 3 百分位）,負債占資產比 1.206（同年中位 0.836，偏高 z=+7.7、第 97 百分位）,本期餘絀率 -0.079（同年中位 0.023，偏低 z=-4.8、第 6 百分位）
N31,翠中,111,2.9842,2,32,15,,招收利用率 0.700（同年中位 0.991，偏低 z=-21.3、第 6 百分位）,負債占資產比 1.296（同年中位 0.836，偏高 z=+9.6、第 100 百分位）,本期餘絀率 -0.092（同年中位 0.023，偏低 z=-5.5、第 3 百分位）
N09,安興,113,2.598,1,38,15,2.4296,負債占資產比 0.406（同年中位 0.868，偏低 z=-9.9、第 5 百分位）,流動比率 2.902（同年中位 1.455，偏高 z=+7.6、第 97 百分位）,未編列預算支出占比 1.371（同年中位 0.426，偏高 z=+6.3、第 100 百分位）
N26,新店及人,113,2.3666,2,38,15,3.2031,流動比率 5.736（同年中位 1.455，偏高 z=+22.4、第 100 百分位）,負債占資產比 0.271（同年中位 0.868，偏低 z=-12.7、第 3 百分位）,招收利用率 0.577（同年中位 0.974，偏低 z=-9.5、第 3 百分位）
N26,新店及人,112,2.2766,1,34,15,1.9654,負債占資產比 0.529（同年中位 0.871，偏低 z=-6.5、第 3 百分位）,預收款覆蓋倍數 3.973（同年中位 2.026，偏高 z=+5.5、第 100 百分位）,本期餘絀率 0.178（同年中位 0.010，偏高 z=+5.0、第 100 百分位）
N20,柏翠,113,1.8861,3,38,16,0.7312,負債占資產比 0.467（同年中位 0.868，偏低 z=-8.5、第 8 百分位）,流動比率 2.746（同年中位 1.455，偏高 z=+6.7、第 95 百分位）,預收款覆蓋倍數 4.177（同年中位 2.215，偏高 z=+4.9、第 100 百分位）
N25,碧城,113,1.7067,4,38,15,1.3518,負債占資產比 0.522（同年中位 0.868，偏低 z=-7.4、第 11 百分位）,流動比率 2.418（同年中位 1.455，偏高 z=+5.0、第 92 百分位）,未編列預算支出占比 1.031（同年中位 0.426，偏高 z=+4.0、第 97 百分位）
N07,北大,113,1.6449,5,38,15,1.6977,負債占資產比 0.626（同年中位 0.868，偏低 z=-5.2、第 13 百分位）,人事費執行率 1.049（同年中位 0.874，偏高 z=+3.7、第 100 百分位）,招收利用率 0.846（同年中位 0.974，偏低 z=-3.1、第 5 百分位）
N04,海工,112,1.629,2,34,16,1.4127,修繕購置費執行率 1.712（同年中位 0.900，偏高 z=+5.4、第 97 百分位）,行政管理費占收入比 0.010（同年中位 0.016，偏低 z=-3.3、第 12 百分位）,人事費執行率 0.608（同年中位 0.843，偏低 z=-2.6、第 6 百分位）
N33,淡海,112,1.5957,3,34,16,,修繕購置費執行率 1.659（同年中位 0.900，偏高 z=+5.0、第 94 百分位）,本期餘絀率 0.177（同年中位 0.010，偏高 z=+5.0、第 97 百分位）,招收利用率 0.934（同年中位 0.998，偏低 z=-4.7、第 6 百分位）
N26,新店及人,111,1.5874,3,32,15,1.0337,本期餘絀率 0.129（同年中位 0.023，偏高 z=+5.0、第 100 百分位）,負債占資產比 0.657（同年中位 0.836，偏低 z=-3.7、第 6 百分位）,材料費占支出比 0.158（同年中位 0.104，偏高 z=+2.7、第 100 百分位）
N36,明德,113,1.5755,6,38,15,,行政管理費占收入比 0.006（同年中位 0.015，偏低 z=-4.5、第 3 百分位）,修繕購置費執行率 2.115（同年中位 0.953，偏高 z=+4.3、第 95 百分位）,業務費占支出比 0.057（同年中位 0.030，偏高 z=+2.9、第 100 百分位）
N28,新樂,110,1.4367,1,28,15,,招收利用率 0.967（同年中位 0.997，偏低 z=-3.7、第 11 百分位）,"每生成本 47,408.839（同年中位 114,001.366，偏低 z=-3.6、第 4 百分位）",修繕購置費執行率 1.408（同年中位 0.953，偏高 z=+2.3、第 89 百分位）
N20,柏翠,112,1.3993,4,34,16,1.4865,負債占資產比 0.579（同年中位 0.871，偏低 z=-5.6、第 6 百分位）,流動比率 2.141（同年中位 1.449，偏高 z=+3.3、第 97 百分位）,本期餘絀率 0.114（同年中位 0.010，偏高 z=+3.1、第 91 百分位）
N21,文創,110,1.3809,2,28,16,,招收利用率 0.944（同年中位 0.997，偏低 z=-6.4、第 4 百分位）,修繕購置費執行率 0.290（同年中位 0.953，偏低 z=-3.3、第 7 百分位）,人事費占支出比 0.494（同年中位 0.597，偏低 z=-2.2、第 4 百分位）
N26,新店及人,110,1.3518,3,28,15,,材料費占支出比 0.147（同年中位 0.108，偏高 z=+2.6、第 100 百分位）,人事費執行率 0.753（同年中位 0.870，偏低 z=-2.2、第 4 百分位）,流動比率 1.773（同年中位 1.447，偏高 z=+2.1、第 96 百分位）
N20,柏翠,111,1.284,4,32,16,0.6973,負債占資產比 0.649（同年中位 0.836，偏低 z=-3.9、第 3 百分位）,本期餘絀率 0.085（同年中位 0.023，偏高 z=+2.9、第 91 百分位）,流動比率 1.823（同年中位 1.449，偏高 z=+1.9、第 97 百分位）
N23,菁湖,112,1.2836,5,34,16,0.7875,行政管理費占收入比 0.010（同年中位 0.016，偏低 z=-3.5、第 9 百分位）,人事費執行率 0.595（同年中位 0.843，偏低 z=-2.8、第 3 百分位）,招收利用率 0.962（同年中位 0.998，偏低 z=-2.6、第 15 百分位）
N29,東湖,111,1.2256,5,32,15,,本期餘絀率 0.109（同年中位 0.023，偏高 z=+4.1、第 97 百分位）,招收利用率 0.946（同年中位 0.991，偏低 z=-3.3、第 12 百分位）,"每生成本 93,950.978（同年中位 125,068.288，偏低 z=-2.4、第 3 百分位）"
N04,海工,110,1.2176,4,28,16,,修繕購置費執行率 2.330（同年中位 0.953，偏高 z=+6.8、第 100 百分位）,流動比率 1.812（同年中位 1.447，偏高 z=+2.3、第 100 百分位）,材料費占支出比 0.141（同年中位 0.108，偏高 z=+2.2、第 96 百分位）
N09,安興,112,1.2085,6,34,15,1.3447,招收利用率 0.950（同年中位 0.998，偏低 z=-3.6、第 9 百分位）,人事費執行率 0.638（同年中位 0.843，偏低 z=-2.3、第 12 百分位）,預收款覆蓋倍數 2.755（同年中位 2.026，偏高 z=+2.1、第 91 百分位）
N03,龍埔成長,112,1.2051,7,34,16,0.65,行政管理費占收入比 0.008（同年中位 0.016，偏低 z=-4.2、第 3 百分位）,人事費執行率 0.633（同年中位 0.843，偏低 z=-2.3、第 9 百分位）,預收款覆蓋倍數 2.677（同年中位 2.026，偏高 z=+1.8、第 85 百分位）
N37,清水高中,113,1.1865,7,38,15,,修繕購置費執行率 2.001（同年中位 0.953，偏高 z=+3.9、第 92 百分位）,招收利用率 0.889（同年中位 0.974，偏低 z=-2.0、第 11 百分位）,負債占資產比 0.790（同年中位 0.868，偏低 z=-1.7、第 18 百分位）
N35,桃子腳,113,1.1757,8,38,15,,材料費占支出比 0.116（同年中位 0.088，偏高 z=+2.4、第 97 百分位）,"每生成本 114,005.769（同年中位 164,419.555，偏低 z=-2.3、第 5 百分位）",維護費執行率 0.157（同年中位 0.706，偏低 z=-1.9、第 3 百分位）
N31,翠中,112,1.1392,8,34,15,2.9735,修繕購置費執行率 1.437（同年中位 0.900，偏高 z=+3.5、第 91 百分位）,材料費占支出比 0.133（同年中位 0.097，偏高 z=+2.0、第 97 百分位）,本期餘絀率 0.074（同年中位 0.010，偏高 z=+1.9、第 88 百分位）
N04,海工,111,1.1389,6,32,16,0.7968,修繕購置費執行率 1.988（同年中位 0.921，偏高 z=+4.2、第 97 百分位）,師生比（每師幼兒數） 15.000（同年中位 11.125，偏高 z=+3.0、第 100 百分位）,流動比率 1.826（同年中位 1.449，偏高 z=+2.0、第 100 百分位）
N10,大觀,110,1.1199,5,28,16,,招收利用率 0.972（同年中位 0.997，偏低 z=-3.1、第 14 百分位）,修繕購置費執行率 1.493（同年中位 0.953，偏高 z=+2.7、第 93 百分位）,人事費執行率 0.977（同年中位 0.870，偏高 z=+2.0、第 100 百分位）
N25,碧城,110,1.104,6,28,15,,修繕購置費執行率 1.848（同年中位 0.953，偏高 z=+4.4、第 96 百分位）,師生比（每師幼兒數） 13.222（同年中位 10.957，偏高 z=+1.6、第 96 百分位）,維護費執行率 0.161（同年中位 0.582，偏低 z=-1.4、第 4 百分位）
N27,育平,111,1.0936,7,32,16,1.8523,招收利用率 0.906（同年中位 0.991，偏低 z=-6.2、第 9 百分位）,負債占資產比 0.755（同年中位 0.836，偏低 z=-1.7、第 12 百分位）,業務費占支出比 0.020（同年中位 0.033，偏低 z=-1.2、第 9 百分位）
N05,漢翔,113,1.0754,9,38,16,1.5352,人事費執行率 0.724（同年中位 0.874，偏低 z=-3.1、第 3 百分位）,流動比率 2.037（同年中位 1.455，偏高 z=+3.0、第 89 百分位）,材料費占支出比 0.070（同年中位 0.088，偏低 z=-1.6、第 3 百分位）
N38,崁頂,113,1.0668,10,38,16,,"每生成本 111,384.855（同年中位 164,419.555，偏低 z=-2.4、第 3 百分位）",招收利用率 0.893（同年中位 0.974，偏低 z=-1.9、第 13 百分位）,維護費執行率 0.203（同年中位 0.706，偏低 z=-1.8、第 5 百分位）
N27,育平,110,1.063,7,28,15,,負債占資產比 0.689（同年中位 0.841，偏低 z=-3.1、第 4 百分位）,本期餘絀率 0.178（同年中位 0.070，偏高 z=+1.7、第 100 百分位）,行政管理費占收入比 0.019（同年中位 0.011，偏高 z=+1.4、第 93 百分位）
N05,漢翔,112,1.0328,9,34,16,0.7803,行政管理費占收入比 0.009（同年中位 0.016，偏低 z=-4.0、第 6 百分位）,人事費執行率 0.685（同年中位 0.843，偏低 z=-1.8、第 15 百分位）,"每生成本 166,493.618（同年中位 136,616.712，偏高 z=+1.7、第 97 百分位）"
N04,海工,113,1.023,11,38,16,2.0278,修繕購置費執行率 3.483（同年中位 0.953，偏高 z=+9.4、第 100 百分位）,業務費占支出比 0.044（同年中位 0.030，偏高 z=+1.5、第 97 百分位）,本期餘絀率 -0.062（同年中位 0.030，偏低 z=-1.0、第 14 百分位）
N32,板橋員工子女,111,1.0066,8,32,15,,本期餘絀率 0.106（同年中位 0.023，偏高 z=+3.9、第 94 百分位）,預收款覆蓋倍數 1.665（同年中位 2.169，偏低 z=-1.2、第 9 百分位）,業務費占支出比 0.020（同年中位 0.033，偏低 z=-1.2、第 12 百分位）
N09,安興,111,1.0056,9,32,16,1.1248,師生比（每師幼兒數） 15.000（同年中位 11.125，偏高 z=+3.0、第 100 百分位）,維護費執行率 1.467（同年中位 0.597，偏高 z=+2.5、第 100 百分位）,"每生成本 148,063.167（同年中位 125,068.288，偏高 z=+1.8、第 97 百分位）"
N22,文仁,111,1.0029,10,32,16,0.6777,修繕購置費執行率 0.371（同年中位 0.921，偏低 z=-2.2、第 9 百分位）,預收款覆蓋倍數 2.887（同年中位 2.169，偏高 z=+1.8、第 94 百分位）,代收代付等占收入比 0.032（同年中位 0.127，偏低 z=-1.7、第 11 百分位）
N16,中平,112,1.0008,10,34,15,0.9101,修繕購置費執行率 1.949（同年中位 0.900，偏高 z=+6.9、第 100 百分位）,本期餘絀率 -0.025（同年中位 0.010，偏低 z=-1.0、第 12 百分位）,維護費執行率 0.332（同年中位 0.684，偏低 z=-0.9、第 15 百分位）
N21,文創,111,0.9856,11,32,16,0.9964,人事費執行率 0.757（同年中位 0.856，偏低 z=-2.0、第 6 百分位）,預收款覆蓋倍數 2.877（同年中位 2.169，偏高 z=+1.7、第 91 百分位）,修繕購置費執行率 0.491（同年中位 0.921，偏低 z=-1.7、第 19 百分位）
N05,漢翔,111,0.9757,12,32,16,0.606,"每生成本 156,182.539（同年中位 125,068.288，偏高 z=+2.4、第 100 百分位）",修繕購置費執行率 0.434（同年中位 0.921，偏低 z=-1.9、第 16 百分位）,維護費執行率 1.248（同年中位 0.597，偏高 z=+1.9、第 97 百分位）
N24,佳林,113,0.9694,12,38,15,0.676,預收款覆蓋倍數 3.432（同年中位 2.215，偏高 z=+3.0、第 97 百分位）,修繕購置費執行率 0.404（同年中位 0.953，偏低 z=-2.1、第 5 百分位）,人事費執行率 0.784（同年中位 0.874，偏低 z=-1.9、第 11 百分位）
N27,育平,112,0.9573,11,34,15,1.5564,流動比率 1.950（同年中位 1.449，偏高 z=+2.4、第 94 百分位）,負債占資產比 0.762（同年中位 0.871，偏低 z=-2.1、第 12 百分位）,人事費執行率 0.687（同年中位 0.843，偏低 z=-1.7、第 21 百分位）
N30,文中,112,0.9508,12,34,15,3.2319,本期餘絀率 0.115（同年中位 0.010，偏高 z=+3.1、第 94 百分位）,修繕購置費執行率 1.133（同年中位 0.900，偏高 z=+1.5、第 85 百分位）,"每生成本 111,031.717（同年中位 136,616.712，偏低 z=-1.4、第 9 百分位）"
N18,福營,113,0.9437,13,38,16,0.4366,負債占資產比 0.733（同年中位 0.868，偏低 z=-2.9、第 16 百分位）,預收款覆蓋倍數 3.071（同年中位 2.215，偏高 z=+2.1、第 94 百分位）,材料費占支出比 0.109（同年中位 0.088，偏高 z=+1.8、第 95 百分位）
N09,安興,110,0.9317,8,28,16,,維護費執行率 1.204（同年中位 0.582，偏高 z=+2.1、第 100 百分位）,人事費占支出比 0.513（同年中位 0.597，偏低 z=-1.8、第 11 百分位）,預收款覆蓋倍數 2.863（同年中位 2.203，偏高 z=+1.5、第 93 百分位）
N02,山北,113,0.9191,14,38,16,0.7869,修繕購置費執行率 2.396（同年中位 0.953，偏高 z=+5.4、第 97 百分位）,材料費占支出比 0.074（同年中位 0.088，偏低 z=-1.3、第 5 百分位）,維護費執行率 0.378（同年中位 0.706，偏低 z=-1.1、第 16 百分位）
N34,佳和,112,0.8887,13,34,15,,招收利用率 0.953（同年中位 0.998，偏低 z=-3.3、第 12 百分位）,負債占資產比 0.987（同年中位 0.871，偏高 z=+2.2、第 100 百分位）,行政管理費占收入比 0.019（同年中位 0.016，偏高 z=+1.6、第 100 百分位）
N24,佳林,112,0.8796,14,34,16,0.6044,預收款覆蓋倍數 2.908（同年中位 2.026，偏高 z=+2.5、第 94 百分位）,修繕購置費執行率 0.681（同年中位 0.900，偏低 z=-1.4、第 12 百分位）,本期餘絀率 0.057（同年中位 0.010，偏高 z=+1.4、第 85 百分位）
N14,積穗,110,0.8574,9,28,16,,修繕購置費執行率 0.443（同年中位 0.953，偏低 z=-2.5、第 14 百分位）,未編列預算支出占比 0.554（同年中位 0.411，偏高 z=+1.2、第 89 百分位）,代收代付等占收入比 0.199（同年中位 0.147，偏高 z=+1.1、第 96 百分位）
N01,安溪,112,0.8548,15,34,15,0.3153,修繕購置費執行率 0.147（同年中位 0.900，偏低 z=-5.0、第 3 百分位）,業務費占支出比 0.021（同年中位 0.032，偏低 z=-1.2、第 12 百分位）,材料費占支出比 0.118（同年中位 0.097，偏高 z=+1.2、第 85 百分位）
N17,中正,110,0.8523,10,28,16,,人事費占支出比 0.498（同年中位 0.597，偏低 z=-2.1、第 7 百分位）,未編列預算支出占比 0.620（同年中位 0.411，偏高 z=+1.8、第 100 百分位）,預收款覆蓋倍數 1.495（同年中位 2.203，偏低 z=-1.7、第 4 百分位）
N21,文創,112,0.8418,16,34,16,1.8234,招收利用率 0.933（同年中位 0.998，偏低 z=-4.8、第 3 百分位）,本期餘絀率 -0.044（同年中位 0.010，偏低 z=-1.6、第 3 百分位）,行政管理費占收入比 0.018（同年中位 0.016，偏高 z=+1.2、第 97 百分位）
N20,柏翠,110,0.8404,11,28,16,,負債占資產比 0.698（同年中位 0.841，偏低 z=-2.9、第 7 百分位）,流動比率 1.735（同年中位 1.447，偏高 z=+1.8、第 93 百分位）,維護費執行率 0.978（同年中位 0.582，偏高 z=+1.3、第 96 百分位）
N11,新林,112,0.8367,17,34,15,0.5024,修繕購置費執行率 1.206（同年中位 0.900，偏高 z=+2.0、第 88 百分位）,人事費執行率 0.957（同年中位 0.843，偏高 z=+1.3、第 97 百分位）,師生比（每師幼兒數） 12.364（同年中位 11.062，偏高 z=+1.3、第 94 百分位）
N18,福營,110,0.8281,12,28,16,,負債占資產比 0.704（同年中位 0.841，偏低 z=-2.8、第 11 百分位）,流動比率 1.703（同年中位 1.447，偏高 z=+1.6、第 89 百分位）,師生比（每師幼兒數） 12.714（同年中位 10.957，偏高 z=+1.3、第 93 百分位）
N22,文仁,110,0.8262,13,28,16,,預收款覆蓋倍數 3.257（同年中位 2.203，偏高 z=+2.5、第 100 百分位）,材料費占支出比 0.078（同年中位 0.108，偏低 z=-1.9、第 4 百分位）,人事費占支出比 0.520（同年中位 0.597，偏低 z=-1.6、第 14 百分位）
N02,山北,111,0.8116,13,32,16,0.3764,修繕購置費執行率 0.197（同年中位 0.921，偏低 z=-2.8、第 3 百分位）,師生比（每師幼兒數） 9.000（同年中位 11.125，偏低 z=-1.6、第 9 百分位）,行政管理費占收入比 0.010（同年中位 0.016，偏低 z=-1.4、第 13 百分位）
N14,積穗,111,0.7674,14,32,16,0.6396,人事費執行率 0.939（同年中位 0.856，偏高 z=+1.7、第 97 百分位）,修繕購置費執行率 0.525（同年中位 0.921，偏低 z=-1.6、第 22 百分位）,"每生成本 142,685.434（同年中位 125,068.288，偏高 z=+1.4、第 91 百分位）"
N01,安溪,111,0.7645,15,32,15,1.2132,修繕購置費執行率 0.305（同年中位 0.921，偏低 z=-2.4、第 6 百分位）,負債占資產比 0.892（同年中位 0.836，偏高 z=+1.1、第 84 百分位）,材料費占支出比 0.124（同年中位 0.104，偏高 z=+1.0、第 88 百分位）
N12,昌福,110,0.7541,14,28,16,,修繕購置費執行率 0.099（同年中位 0.953，偏低 z=-4.2、第 4 百分位）,代收代付等占收入比 0.074（同年中位 0.147，偏低 z=-1.6、第 8 百分位）,人事費執行率 0.802（同年中位 0.870，偏低 z=-1.3、第 14 百分位）
N06,昌平,113,0.7504,15,38,16,0.7987,行政管理費占收入比 0.019（同年中位 0.015，偏高 z=+1.9、第 97 百分位）,材料費占支出比 0.108（同年中位 0.088，偏高 z=+1.7、第 92 百分位）,負債占資產比 0.918（同年中位 0.868，偏高 z=+1.1、第 87 百分位）
N32,板橋員工子女,113,0.7488,16,38,16,0.5642,業務費占支出比 0.014（同年中位 0.030，偏低 z=-1.7、第 3 百分位）,預收款覆蓋倍數 1.607（同年中位 2.215，偏低 z=-1.5、第 6 百分位）,人事費占支出比 0.662（同年中位 0.558，偏高 z=+1.4、第 84 百分位）
N12,昌福,112,0.7464,18,34,16,0.8719,修繕購置費執行率 0.258（同年中位 0.900，偏低 z=-4.2、第 6 百分位）,師生比（每師幼兒數） 12.714（同年中位 11.062，偏高 z=+1.6、第 97 百分位）,行政管理費占收入比 0.018（同年中位 0.016，偏高 z=+0.9、第 91 百分位）
N27,育平,113,0.7433,17,38,15,0.9791,維護費執行率 0.279（同年中位 0.706，偏低 z=-1.5、第 8 百分位）,流動比率 1.692（同年中位 1.455，偏高 z=+1.2、第 79 百分位）,未編列預算支出占比 0.612（同年中位 0.426，偏高 z=+1.2、第 89 百分位）
N12,昌福,113,0.743,18,38,16,0.8615,人事費執行率 0.761（同年中位 0.874，偏低 z=-2.4、第 5 百分位）,行政管理費占收入比 0.019（同年中位 0.015，偏高 z=+1.9、第 100 百分位）,本期餘絀率 -0.065（同年中位 0.030，偏低 z=-1.1、第 11 百分位）
N33,淡海,113,0.7353,19,38,16,1.2019,修繕購置費執行率 1.429（同年中位 0.953，偏高 z=+1.8、第 89 百分位）,本期餘絀率 -0.094（同年中位 0.030，偏低 z=-1.4、第 5 百分位）,維護費執行率 0.388（同年中位 0.706，偏低 z=-1.1、第 18 百分位）
N24,佳林,110,0.7339,15,28,16,,代收代付等占收入比 0.050（同年中位 0.147，偏低 z=-2.1、第 4 百分位）,預收款覆蓋倍數 2.833（同年中位 2.203，偏高 z=+1.5、第 86 百分位）,本期餘絀率 0.153（同年中位 0.070，偏高 z=+1.3、第 96 百分位）
N05,漢翔,110,0.7337,16,28,16,,"每生成本 144,866.868（同年中位 114,001.366，偏高 z=+1.7、第 100 百分位）",材料費占支出比 0.082（同年中位 0.108，偏低 z=-1.6、第 11 百分位）,未編列預算支出占比 0.579（同年中位 0.411，偏高 z=+1.4、第 96 百分位）
N21,文創,113,0.7204,20,38,15,0.51,招收利用率 0.910（同年中位 0.974，偏低 z=-1.5、第 18 百分位）,"每生成本 192,743.634（同年中位 164,419.555，偏高 z=+1.3、第 95 百分位）",維護費執行率 0.348（同年中位 0.706，偏低 z=-1.3、第 11 百分位）
N22,文仁,113,0.7095,21,38,15,0.3959,修繕購置費執行率 0.398（同年中位 0.953，偏低 z=-2.1、第 3 百分位）,師生比（每師幼兒數） 11.429（同年中位 9.589，偏高 z=+1.7、第 95 百分位）,預收款覆蓋倍數 2.767（同年中位 2.215，偏高 z=+1.4、第 85 百分位）
N28,新樂,113,0.7081,22,38,16,0.4921,人事費執行率 0.770（同年中位 0.874，偏低 z=-2.2、第 8 百分位）,業務費占支出比 0.044（同年中位 0.030，偏高 z=+1.5、第 95 百分位）,師生比（每師幼兒數） 10.944（同年中位 9.589，偏高 z=+1.2、第 84 百分位）
N18,福營,112,0.7017,19,34,15,0.6013,負債占資產比 0.782（同年中位 0.871，偏低 z=-1.7、第 15 百分位）,材料費占支出比 0.122（同年中位 0.097，偏高 z=+1.4、第 91 百分位）,人事費執行率 0.958（同年中位 0.843，偏高 z=+1.3、第 100 百分位）
N14,積穗,113,0.6999,23,38,16,0.992,人事費占支出比 0.695（同年中位 0.558，偏高 z=+1.9、第 97 百分位）,行政管理費占收入比 0.012（同年中位 0.015，偏低 z=-1.6、第 11 百分位）,"每生成本 136,438.098（同年中位 164,419.555，偏低 z=-1.3、第 13 百分位）"
N07,北大,110,0.6997,17,28,16,,材料費占支出比 0.135（同年中位 0.108，偏高 z=+1.8、第 89 百分位）,行政管理費占收入比 0.020（同年中位 0.011，偏高 z=+1.5、第 96 百分位）,未編列預算支出占比 0.275（同年中位 0.411，偏低 z=-1.1、第 18 百分位）
N11,新林,111,0.6991,16,32,16,0.806,人事費執行率 0.956（同年中位 0.856，偏高 z=+2.0、第 100 百分位）,負債占資產比 0.893（同年中位 0.836，偏高 z=+1.2、第 88 百分位）,代收代付等占收入比 0.072（同年中位 0.127，偏低 z=-1.0、第 22 百分位）
N08,鷺江,112,0.6941,20,34,16,0.7309,未編列預算支出占比 0.782（同年中位 0.404，偏高 z=+1.5、第 91 百分位）,人事費占支出比 0.394（同年中位 0.574，偏低 z=-1.4、第 15 百分位）,材料費占支出比 0.076（同年中位 0.097，偏低 z=-1.2、第 6 百分位）
N15,新月,113,0.6926,24,38,16,0.8225,預收款覆蓋倍數 1.444（同年中位 2.215，偏低 z=-1.9、第 3 百分位）,流動比率 1.204（同年中位 1.455，偏低 z=-1.3、第 3 百分位）,負債占資產比 0.926（同年中位 0.868，偏高 z=+1.2、第 95 百分位）
N15,新月,112,0.6921,21,34,15,0.8169,師生比（每師幼兒數） 9.263（同年中位 11.062，偏低 z=-1.7、第 9 百分位）,材料費占支出比 0.070（同年中位 0.097，偏低 z=-1.5、第 3 百分位）,行政管理費占收入比 0.014（同年中位 0.016，偏低 z=-1.3、第 21 百分位）
N32,板橋員工子女,112,0.6916,22,34,16,0.4804,行政管理費占收入比 0.013（同年中位 0.016，偏低 z=-1.6、第 15 百分位）,業務費占支出比 0.017（同年中位 0.032，偏低 z=-1.6、第 3 百分位）,預收款覆蓋倍數 1.561（同年中位 2.026，偏低 z=-1.3、第 3 百分位）
N19,中園,111,0.6839,17,32,16,0.9156,招收利用率 0.949（同年中位 0.991，偏低 z=-3.1、第 16 百分位）,代收代付等占收入比 0.220（同年中位 0.127，偏高 z=+1.7、第 100 百分位）,行政管理費占收入比 0.010（同年中位 0.016，偏低 z=-1.3、第 23 百分位）
N11,新林,113,0.6812,25,38,16,0.4361,人事費執行率 0.964（同年中位 0.874，偏高 z=+1.9、第 97 百分位）,師生比（每師幼兒數） 11.636（同年中位 9.589，偏高 z=+1.8、第 97 百分位）,人事費占支出比 0.633（同年中位 0.558，偏高 z=+1.0、第 79 百分位）
N23,菁湖,111,0.6804,18,32,16,0.5654,招收利用率 0.962（同年中位 0.991，偏低 z=-2.1、第 22 百分位）,行政管理費占收入比 0.011（同年中位 0.016，偏低 z=-1.1、第 27 百分位）,業務費占支出比 0.044（同年中位 0.033，偏高 z=+1.0、第 84 百分位）
N30,文中,113,0.6777,26,38,15,0.7083,材料費占支出比 0.122（同年中位 0.088，偏高 z=+2.9、第 100 百分位）,人事費執行率 0.791（同年中位 0.874，偏低 z=-1.7、第 13 百分位）,行政管理費占收入比 0.017（同年中位 0.015，偏高 z=+1.1、第 92 百分位）
N03,龍埔成長,111,0.6741,19,32,16,0.4943,預收款覆蓋倍數 2.916（同年中位 2.169，偏高 z=+1.8、第 97 百分位）,負債占資產比 0.763（同年中位 0.836，偏低 z=-1.5、第 16 百分位）,行政管理費占收入比 0.010（同年中位 0.016，偏低 z=-1.5、第 10 百分位）
N10,大觀,113,0.6689,27,38,16,0.5994,代收代付等占收入比 0.229（同年中位 0.100，偏高 z=+1.2、第 96 百分位）,流動比率 1.238（同年中位 1.455，偏低 z=-1.1、第 8 百分位）,人事費執行率 0.924（同年中位 0.874，偏高 z=+1.0、第 89 百分位）
N22,文仁,112,0.6592,23,34,16,1.1471,修繕購置費執行率 0.476（同年中位 0.900，偏低 z=-2.8、第 9 百分位）,預收款覆蓋倍數 2.729（同年中位 2.026，偏高 z=+2.0、第 88 百分位）,業務費占支出比 0.024（同年中位 0.032，偏低 z=-0.9、第 21 百分位）
N08,鷺江,110,0.657,18,28,16,,招收利用率 0.962（同年中位 0.997，偏低 z=-4.2、第 7 百分位）,行政管理費占收入比 0.018（同年中位 0.011，偏高 z=+1.2、第 75 百分位）,人事費執行率 0.819（同年中位 0.870，偏低 z=-1.0、第 18 百分位）
N11,新林,110,0.6554,19,28,16,,材料費占支出比 0.136（同年中位 0.108，偏高 z=+1.8、第 93 百分位）,人事費執行率 0.928（同年中位 0.870，偏高 z=+1.1、第 93 百分位）,流動比率 1.283（同年中位 1.447，偏低 z=-1.0、第 11 百分位）
N18,福營,111,0.6514,20,32,16,0.9033,負債占資產比 0.735（同年中位 0.836，偏低 z=-2.1、第 9 百分位）,人事費執行率 0.921（同年中位 0.856，偏高 z=+1.3、第 91 百分位）,流動比率 1.674（同年中位 1.449，偏高 z=+1.2、第 88 百分位）
N29,東湖,113,0.6479,28,38,16,0.4406,維護費執行率 1.299（同年中位 0.706，偏高 z=+2.1、第 100 百分位）,行政管理費占收入比 0.012（同年中位 0.015，偏低 z=-1.6、第 8 百分位）,材料費占支出比 0.103（同年中位 0.088，偏高 z=+1.3、第 87 百分位）
N03,龍埔成長,110,0.6451,20,28,16,,負債占資產比 0.751（同年中位 0.841，偏低 z=-1.9、第 14 百分位）,預收款覆蓋倍數 2.825（同年中位 2.203，偏高 z=+1.5、第 82 百分位）,流動比率 1.673（同年中位 1.447，偏高 z=+1.4、第 86 百分位）
N03,龍埔成長,113,0.6408,29,38,15,1.605,師生比（每師幼兒數） 7.889（同年中位 9.589，偏低 z=-1.5、第 5 百分位）,"每生成本 191,612.324（同年中位 164,419.555，偏高 z=+1.2、第 92 百分位）",人事費占支出比 0.640（同年中位 0.558，偏高 z=+1.1、第 82 百分位）
N10,大觀,111,0.636,21,32,16,0.6008,負債占資產比 0.913（同年中位 0.836，偏高 z=+1.6、第 94 百分位）,人事費執行率 0.929（同年中位 0.856，偏高 z=+1.5、第 94 百分位）,"每生成本 142,080.352（同年中位 125,068.288，偏高 z=+1.3、第 88 百分位）"
N34,佳和,113,0.6351,30,38,14,0.5685,負債占資產比 0.989（同年中位 0.868，偏高 z=+2.6、第 100 百分位）,預收款覆蓋倍數 2.808（同年中位 2.215，偏高 z=+1.5、第 91 百分位）,業務費占支出比 0.040（同年中位 0.030，偏高 z=+1.1、第 84 百分位）
N16,中平,113,0.6278,31,38,15,0.5165,師生比（每師幼兒數） 11.200（同年中位 9.589，偏高 z=+1.4、第 92 百分位）,修繕購置費執行率 1.327（同年中位 0.953，偏高 z=+1.4、第 84 百分位）,材料費占支出比 0.103（同年中位 0.088，偏高 z=+1.2、第 84 百分位）
N25,碧城,111,0.6076,22,32,16,1.197,本期餘絀率 -0.013（同年中位 0.023，偏低 z=-1.7、第 9 百分位）,師生比（每師幼兒數） 13.333（同年中位 11.125，偏高 z=+1.7、第 94 百分位）,維護費執行率 0.145（同年中位 0.597，偏低 z=-1.3、第 3 百分位）
N14,積穗,112,0.6048,24,34,16,0.8432,本期餘絀率 -0.035（同年中位 0.010，偏低 z=-1.4、第 6 百分位）,流動比率 1.193（同年中位 1.449，偏低 z=-1.2、第 6 百分位）,人事費執行率 0.949（同年中位 0.843，偏高 z=+1.2、第 94 百分位）
N02,山北,110,0.5971,21,28,16,,修繕購置費執行率 0.398（同年中位 0.953，偏低 z=-2.8、第 11 百分位）,師生比（每師幼兒數） 9.000（同年中位 10.957，偏低 z=-1.4、第 4 百分位）,材料費占支出比 0.096（同年中位 0.108，偏低 z=-0.7、第 25 百分位）
N13,三多,113,0.5957,32,38,15,0.3171,流動比率 1.718（同年中位 1.455，偏高 z=+1.4、第 82 百分位）,預收款覆蓋倍數 2.752（同年中位 2.215，偏高 z=+1.3、第 82 百分位）,負債占資產比 0.916（同年中位 0.868，偏高 z=+1.0、第 84 百分位）
N01,安溪,110,0.595,22,28,16,,負債占資產比 0.893（同年中位 0.841，偏高 z=+1.1、第 93 百分位）,代收代付等占收入比 0.096（同年中位 0.147，偏低 z=-1.1、第 12 百分位）,維護費執行率 0.894（同年中位 0.582，偏高 z=+1.1、第 86 百分位）
N13,三多,110,0.5944,23,28,16,,修繕購置費執行率 0.544（同年中位 0.953，偏低 z=-2.0、第 18 百分位）,負債占資產比 0.909（同年中位 0.841，偏高 z=+1.4、第 96 百分位）,招收利用率 0.989（同年中位 0.997，偏低 z=-1.0、第 29 百分位）
N16,中平,111,0.5943,23,32,16,0.5884,本期餘絀率 0.001（同年中位 0.023，偏低 z=-1.1、第 16 百分位）,預收款覆蓋倍數 1.764（同年中位 2.169，偏低 z=-1.0、第 16 百分位）,修繕購置費執行率 0.702（同年中位 0.921，偏低 z=-0.9、第 31 百分位）
N15,新月,111,0.5852,24,32,16,0.7968,修繕購置費執行率 0.422（同年中位 0.921，偏低 z=-2.0、第 12 百分位）,材料費占支出比 0.074（同年中位 0.104，偏低 z=-1.5、第 3 百分位）,業務費占支出比 0.018（同年中位 0.033，偏低 z=-1.4、第 6 百分位）
N28,新樂,111,0.5758,25,32,16,1.3491,招收利用率 0.962（同年中位 0.991，偏低 z=-2.1、第 22 百分位）,本期餘絀率 0.062（同年中位 0.023，偏高 z=+1.8、第 84 百分位）,業務費占支出比 0.045（同年中位 0.033，偏高 z=+1.1、第 88 百分位）
N29,東湖,112,0.5755,25,34,15,1.5238,行政管理費占收入比 0.013（同年中位 0.016，偏低 z=-1.5、第 18 百分位）,材料費占支出比 0.120（同年中位 0.097，偏高 z=+1.2、第 88 百分位）,預收款覆蓋倍數 1.683（同年中位 2.026，偏低 z=-1.0、第 9 百分位）
N25,碧城,112,0.5737,26,34,15,0.4472,師生比（每師幼兒數） 13.222（同年中位 11.062，偏高 z=+2.1、第 100 百分位）,人事費占支出比 0.438（同年中位 0.574，偏低 z=-1.1、第 24 百分位）,未編列預算支出占比 0.673（同年中位 0.404，偏高 z=+1.1、第 79 百分位）
N13,三多,111,0.5711,26,32,16,0.8446,代收代付等占收入比 0.043（同年中位 0.127，偏低 z=-1.5、第 15 百分位）,負債占資產比 0.905（同年中位 0.836，偏高 z=+1.4、第 91 百分位）,業務費占支出比 0.045（同年中位 0.033，偏高 z=+1.1、第 91 百分位）
N01,安溪,113,0.5673,33,38,16,0.8964,負債占資產比 0.982（同年中位 0.868，偏高 z=+2.4、第 97 百分位）,本期餘絀率 -0.099（同年中位 0.030，偏低 z=-1.4、第 3 百分位）,業務費占支出比 0.017（同年中位 0.030，偏低 z=-1.4、第 5 百分位）
N06,昌平,112,0.5651,27,34,15,0.5689,修繕購置費執行率 0.695（同年中位 0.900，偏低 z=-1.4、第 15 百分位）,招收利用率 0.983（同年中位 0.998，偏低 z=-1.1、第 32 百分位）,人事費占支出比 0.457（同年中位 0.574，偏低 z=-0.9、第 26 百分位）
N17,中正,111,0.5558,27,32,16,1.9735,本期餘絀率 0.070（同年中位 0.023，偏高 z=+2.2、第 88 百分位）,師生比（每師幼兒數） 12.364（同年中位 11.125，偏高 z=+1.0、第 84 百分位）,人事費占支出比 0.674（同年中位 0.594，偏高 z=+0.8、第 81 百分位）
N19,中園,112,0.5536,28,34,15,1.2388,招收利用率 0.971（同年中位 0.998，偏低 z=-2.0、第 21 百分位）,業務費占支出比 0.019（同年中位 0.032，偏低 z=-1.4、第 6 百分位）,修繕購置費執行率 0.709（同年中位 0.900，偏低 z=-1.3、第 18 百分位）
N31,翠中,113,0.5419,34,38,16,0.5798,維護費執行率 0.364（同年中位 0.706，偏低 z=-1.2、第 13 百分位）,材料費占支出比 0.102（同年中位 0.088，偏高 z=+1.1、第 82 百分位）,流動比率 1.241（同年中位 1.455，偏低 z=-1.1、第 11 百分位）
N07,北大,111,0.5292,28,32,16,1.3056,維護費執行率 1.009（同年中位 0.597，偏高 z=+1.2、第 91 百分位）,代收代付等占收入比 0.062（同年中位 0.127，偏低 z=-1.2、第 19 百分位）,人事費占支出比 0.680（同年中位 0.594，偏高 z=+0.9、第 88 百分位）
N06,昌平,110,0.5267,24,28,16,,行政管理費占收入比 0.019（同年中位 0.011，偏高 z=+1.4、第 86 百分位）,人事費執行率 0.829（同年中位 0.870，偏低 z=-0.8、第 25 百分位）,師生比（每師幼兒數） 12.000（同年中位 10.957，偏高 z=+0.8、第 82 百分位）
N08,鷺江,113,0.5238,35,38,16,0.9389,未編列預算支出占比 0.621（同年中位 0.426，偏高 z=+1.3、第 92 百分位）,代收代付等占收入比 0.239（同年中位 0.100，偏高 z=+1.3、第 100 百分位）,負債占資產比 0.923（同年中位 0.868，偏高 z=+1.2、第 92 百分位）
N10,大觀,112,0.5222,29,34,15,0.7131,維護費執行率 0.271（同年中位 0.684，偏低 z=-1.1、第 9 百分位）,本期餘絀率 0.045（同年中位 0.010，偏高 z=+1.1、第 79 百分位）,行政管理費占收入比 0.014（同年中位 0.016，偏低 z=-1.0、第 24 百分位）
N02,山北,112,0.5221,30,34,15,1.3271,師生比（每師幼兒數） 9.000（同年中位 11.062，偏低 z=-2.0、第 6 百分位）,"每生成本 157,774.389（同年中位 136,616.712，偏高 z=+1.2、第 94 百分位）",本期餘絀率 -0.025（同年中位 0.010，偏低 z=-1.1、第 9 百分位）
N06,昌平,111,0.519,29,32,16,0.4421,本期餘絀率 -0.005（同年中位 0.023，偏低 z=-1.3、第 12 百分位）,修繕購置費執行率 0.685（同年中位 0.921，偏低 z=-0.9、第 25 百分位）,師生比（每師幼兒數） 12.000（同年中位 11.125，偏高 z=+0.7、第 78 百分位）
N16,中平,110,0.5186,25,28,16,,人事費執行率 0.940（同年中位 0.870，偏高 z=+1.3、第 96 百分位）,本期餘絀率 0.016（同年中位 0.070，偏低 z=-0.8、第 7 百分位）,預收款覆蓋倍數 1.858（同年中位 2.203，偏低 z=-0.8、第 14 百分位）
N19,中園,110,0.5033,26,28,16,,招收利用率 0.985（同年中位 0.997，偏低 z=-1.5、第 18 百分位）,材料費占支出比 0.124（同年中位 0.108，偏高 z=+1.1、第 82 百分位）,人事費執行率 0.912（同年中位 0.870，偏高 z=+0.8、第 86 百分位）
N15,新月,110,0.496,27,28,16,,修繕購置費執行率 0.594（同年中位 0.953，偏低 z=-1.8、第 21 百分位）,業務費占支出比 0.026（同年中位 0.036，偏低 z=-0.8、第 11 百分位）,本期餘絀率 0.120（同年中位 0.070，偏高 z=+0.8、第 86 百分位）
N12,昌福,111,0.4959,30,32,16,0.9807,代收代付等占收入比 0.006（同年中位 0.127，偏低 z=-2.2、第 4 百分位）,未編列預算支出占比 0.192（同年中位 0.402，偏低 z=-1.0、第 16 百分位）,流動比率 1.607（同年中位 1.449，偏高 z=+0.8、第 78 百分位）
N24,佳林,111,0.475,31,32,16,0.8374,預收款覆蓋倍數 2.799（同年中位 2.169，偏高 z=+1.6、第 84 百分位）,業務費占支出比 0.021（同年中位 0.033，偏低 z=-1.1、第 16 百分位）,人事費占支出比 0.514（同年中位 0.594，偏低 z=-0.8、第 12 百分位）
N23,菁湖,113,0.4358,36,38,16,1.1818,材料費占支出比 0.078（同年中位 0.088，偏低 z=-0.9、第 11 百分位）,本期餘絀率 -0.040（同年中位 0.030，偏低 z=-0.8、第 24 百分位）,維護費執行率 0.919（同年中位 0.706，偏高 z=+0.7、第 87 百分位）
N08,鷺江,111,0.4319,32,32,16,0.7858,材料費占支出比 0.082（同年中位 0.104，偏低 z=-1.1、第 12 百分位）,流動比率 1.604（同年中位 1.449，偏高 z=+0.8、第 75 百分位）,代收代付等占收入比 0.168（同年中位 0.127，偏高 z=+0.7、第 81 百分位）
N17,中正,112,0.4228,31,34,16,1.2103,招收利用率 0.963（同年中位 0.998，偏低 z=-2.6、第 18 百分位）,業務費占支出比 0.023（同年中位 0.032，偏低 z=-1.0、第 18 百分位）,本期餘絀率 -0.022（同年中位 0.010，偏低 z=-0.9、第 15 百分位）
N07,北大,112,0.4166,32,34,15,0.2235,流動比率 1.293（同年中位 1.449，偏低 z=-0.7、第 21 百分位）,招收利用率 0.989（同年中位 0.998，偏低 z=-0.6、第 44 百分位）,行政管理費占收入比 0.015（同年中位 0.016，偏低 z=-0.5、第 38 百分位）
N28,新樂,112,0.393,33,34,15,0.8095,行政管理費占收入比 0.015（同年中位 0.016，偏低 z=-0.8、第 29 百分位）,本期餘絀率 -0.013（同年中位 0.010，偏低 z=-0.7、第 24 百分位）,師生比（每師幼兒數） 11.722（同年中位 11.062，偏高 z=+0.6、第 74 百分位）
N23,菁湖,110,0.37,28,28,16,,代收代付等占收入比 0.191（同年中位 0.147，偏高 z=+0.9、第 83 百分位）,業務費占支出比 0.047（同年中位 0.036，偏高 z=+0.9、第 89 百分位）,招收利用率 0.991（同年中位 0.997，偏低 z=-0.8、第 39 百分位）
N17,中正,113,0.342,37,38,15,0.4042,招收利用率 0.933（同年中位 0.974，偏低 z=-1.0、第 21 百分位）,人事費執行率 0.829（同年中位 0.874，偏低 z=-0.9、第 24 百分位）,業務費占支出比 0.025（同年中位 0.030，偏低 z=-0.6、第 24 百分位）
N13,三多,112,0.3129,34,34,15,0.433,業務費占支出比 0.040（同年中位 0.032，偏高 z=+0.9、第 85 百分位）,修繕購置費執行率 0.775（同年中位 0.900，偏低 z=-0.8、第 24 百分位）,負債占資產比 0.910（同年中位 0.871，偏高 z=+0.7、第 88 百分位）
N19,中園,113,0.2825,38,38,16,0.5045,招收利用率 0.945（同年中位 0.974，偏低 z=-0.7、第 34 百分位）,負債占資產比 0.897（同年中位 0.868，偏高 z=+0.6、第 74 百分位）,業務費占支出比 0.025（同年中位 0.030，偏低 z=-0.6、第 26 百分位）
