code,short_name,academic_year,personnel_budget,personnel_actual,personnel_shortfall,personnel_execution,development_expense,development_unbudgeted,ratio_transfer_to_shortfall
N28,新樂,113,18637311,14347554,4289757,0.7698,4220261,1,0.984
N29,東湖,111,17819480,14214119,3605361,0.7977,1390000,1,0.386
N15,新月,113,19454696,16137029,3317667,0.8295,4485615,1,1.352
N23,菁湖,112,8033627,4776110,3257517,0.5945,2815348,1,0.864
N28,新樂,112,18250021,14997656,3252365,0.8218,3968524,1,1.22
N15,新月,112,19034250,15815742,3218508,0.8309,4204827,1,1.306
N35,桃子腳,113,17561422,14384345,3177077,0.8191,1270727,1,0.4
N32,板橋員工子女,111,15881919,12821946,3059973,0.8073,1364404,1,0.446
N03,龍埔成長,112,8339301,5280926,3058375,0.6333,2393000,1,0.782
N26,新店及人,112,9057827,6209038,2848789,0.6855,,0,
N33,淡海,113,16837171,13994993,2842178,0.8312,4089648,1,1.439
N29,東湖,112,20947030,18104935,2842095,0.8643,3200000,1,1.126
N27,育平,112,8936062,6138401,2797661,0.6869,2957802,1,1.057
N15,新月,111,16878076,14262637,2615439,0.845,3653150,1,1.397
N28,新樂,111,17814708,15206445,2608263,0.8536,1467200,1,0.563
N38,崁頂,113,17773532,15226479,2547053,0.8567,1421287,1,0.558
N29,東湖,113,21395049,18850777,2544272,0.8811,3590000,1,1.411
N32,板橋員工子女,113,17403771,14911253,2492518,0.8568,2687656,1,1.078
N05,漢翔,113,8784257,6363884,2420373,0.7245,2575405,1,1.064
N32,板橋員工子女,112,16154254,13743920,2410334,0.8508,2632970,1,1.092
N05,漢翔,112,7349453,5032018,2317435,0.6847,1782519,1,0.769
N08,鷺江,112,8837758,6549857,2287901,0.7411,2729845,1,1.193
N17,中正,113,13136880,10895768,2241112,0.8294,2565534,1,1.145
N17,中正,112,12874950,10661543,2213407,0.8281,2594685,1,1.172
N14,積穗,113,17686827,15550045,2136782,0.8792,1274758,1,0.597
N06,昌平,112,8975553,6839375,2136178,0.762,2039112,1,0.955
N12,昌福,113,8859850,6740619,2119231,0.7608,2247000,1,1.06
N30,文中,113,9784435,7736019,2048416,0.7906,2704670,1,1.32
N26,新店及人,110,8220274,6187424,2032850,0.7527,1166000,1,0.574
N20,柏翠,112,14868462,12881177,1987285,0.8663,,0,
N07,北大,111,16463139,14516199,1946940,0.8817,1400000,1,0.719
N17,中正,111,12579209,10636839,1942370,0.8456,509500,1,0.262
N09,安興,112,5268163,3361395,1906768,0.6381,1930000,1,1.012
N20,柏翠,113,15188322,13308102,1880220,0.8762,,0,
N04,海工,112,4768660,2899218,1869442,0.608,1300000,1,0.695
N25,碧城,112,8936062,7079229,1856833,0.7922,2020000,1,1.088
N28,新樂,110,8221561,6385242,1836319,0.7766,,0,
N20,柏翠,110,11590598,9767193,1823405,0.8427,,0,
N07,北大,112,16813922,14991246,1822676,0.8916,1772000,1,0.972
N24,佳林,112,7392606,5605418,1787188,0.7582,1720000,1,0.962
N21,文創,111,7142020,5405235,1736785,0.7568,1703000,1,0.981
N01,安溪,113,13712011,11978248,1733763,0.8736,5420000,1,3.126
N15,新月,110,12846439,11149982,1696457,0.8679,205788,1,0.121
N19,中園,112,12927321,11256942,1670379,0.8708,2210000,1,1.323
N19,中園,113,13224562,11556371,1668191,0.8739,3580000,1,2.146
N01,安溪,111,13190571,11539967,1650604,0.8749,1300000,1,0.788
N12,昌福,112,8684918,7038621,1646297,0.8104,2249000,1,1.366
N26,新店及人,111,8865497,7228314,1637183,0.8153,,0,
N24,佳林,113,7571434,5939032,1632402,0.7844,2588078,1,1.585
N01,安溪,112,13414768,11797585,1617183,0.8794,2388000,1,1.477
N20,柏翠,111,11871466,10307328,1564138,0.8682,,0,
N26,新店及人,113,9274296,7742381,1531915,0.8348,,0,
N08,鷺江,110,8428787,6903487,1525300,0.819,836278,1,0.548
N31,翠中,111,6135523,4620897,1514626,0.7531,,0,
N27,育平,111,8743585,7235158,1508427,0.8275,2329334,1,1.544
N22,文仁,113,8086166,6584499,1501667,0.8143,2927000,1,1.949
N12,昌福,111,8488051,7001260,1486791,0.8248,1900000,1,1.278
N06,昌平,110,8566753,7099629,1467124,0.8287,613100,1,0.418
N22,文仁,112,7901688,6441218,1460470,0.8152,2290000,1,1.568
N03,龍埔成長,111,8163410,6737493,1425917,0.8253,1000000,1,0.701
N21,文創,113,8063442,6659960,1403482,0.8259,2383133,1,1.698
N21,文創,110,6945385,5557050,1388335,0.8001,1704960,1,1.228
N12,昌福,110,6932128,5558696,1373432,0.8019,1200000,1,0.874
N33,淡海,112,13032340,11672852,1359488,0.8957,1422994,1,1.047
N30,文中,111,7412692,6055356,1357336,0.8169,,0,
N19,中園,111,9918549,8582980,1335569,0.8653,980000,1,0.734
N27,育平,110,8104538,6791109,1313429,0.8379,954179,1,0.726
N34,佳和,113,9692796,8382581,1310215,0.8648,2760743,1,2.107
N24,佳林,111,7233624,5930070,1303554,0.8198,1925000,1,1.477
N21,文創,112,7875376,6575048,1300328,0.8349,2491778,1,1.916
N08,鷺江,111,8645267,7382340,1262927,0.8539,1573640,1,1.246
N07,北大,110,10473539,9226416,1247123,0.8809,99000,1,0.079
N08,鷺江,113,9054090,7810400,1243690,0.8626,2245150,1,1.805
N06,昌平,113,9192044,7955962,1236082,0.8655,1783086,1,1.443
N22,文仁,111,7298904,6071285,1227619,0.8318,1580000,1,1.287
N16,中平,113,10119004,8896657,1222347,0.8792,1465000,1,1.199
N23,菁湖,113,9827735,8617950,1209785,0.8769,3005377,1,2.484
N30,文中,112,9582611,8377365,1205246,0.8742,594200,1,0.493
N13,三多,112,8984246,7834805,1149441,0.8721,1200000,1,1.044
N05,漢翔,110,7006576,5862148,1144428,0.8367,766300,1,0.67
N27,育平,113,9152396,8028796,1123600,0.8772,2603007,1,2.317
N31,翠中,112,7931306,6812566,1118740,0.8589,254018,1,0.227
N09,安興,111,5220945,4104465,1116480,0.7862,1375000,1,1.232
N23,菁湖,111,7830050,6714037,1116013,0.8575,1052100,1,0.943
N31,翠中,113,8097865,7010982,1086883,0.8658,1716198,1,1.579
N13,三多,111,8777982,7732482,1045500,0.8809,1100000,1,1.052
N16,中平,111,9691500,8646665,1044835,0.8922,1396000,1,1.336
N02,山北,113,10081983,9040242,1041741,0.8967,2204787,1,2.116
N34,佳和,112,7502224,6472036,1030188,0.8627,2373000,1,2.303
N06,昌平,111,8783086,7770536,1012550,0.8847,1382600,1,1.365
N16,中平,112,9917182,8916311,1000871,0.8991,1330000,1,1.329
N13,三多,113,9168382,8185812,982570,0.8928,2000000,1,2.035
N23,菁湖,110,7574852,6594614,980238,0.8706,521550,1,0.532
N10,大觀,112,9880024,8924216,955808,0.9033,176650,1,0.185
N17,中正,110,4999062,4094563,904499,0.8191,577600,1,0.639
N01,安溪,110,7645622,6763467,882155,0.8846,1099000,1,1.246
N24,佳林,110,6705264,5829309,875955,0.8694,628000,1,0.717
N25,碧城,111,8743585,7877577,866008,0.901,1678000,1,1.938
N18,福營,110,6907621,6042382,865239,0.8747,80773,1,0.093
N09,安興,110,5098449,4234041,864408,0.8305,820000,1,0.949
N19,中園,110,9633800,8790805,842995,0.9125,432000,1,0.512
N03,龍埔成長,113,9548493,8710840,837653,0.9123,1699800,1,2.029
N25,碧城,110,8104538,7280058,824480,0.8983,366000,1,0.444
N02,山北,110,7774379,6971731,802648,0.8968,294400,1,0.367
N22,文仁,110,7113672,6320807,792865,0.8885,1323000,1,1.669
N25,碧城,113,9152396,8380317,772079,0.9156,2259000,1,2.926
N10,大觀,113,10081901,9314356,767545,0.9239,1709900,1,2.228
N18,福營,111,9607730,8845271,762459,0.9206,890000,1,1.167
N05,漢翔,111,7175076,6412661,762415,0.8937,744800,1,0.977
N03,龍埔成長,110,7989599,7235004,754595,0.9056,98000,1,0.13
N04,海工,110,4548105,3798440,749665,0.8352,336000,1,0.448
N37,清水高中,113,6460352,5720932,739420,0.8855,92221,1,0.125
N11,新林,110,10243736,9506267,737469,0.928,,0,
N14,積穗,110,8068814,7367122,701692,0.913,582900,1,0.831
N02,山北,112,9854366,9157815,696551,0.9293,1833375,1,2.632
N02,山北,111,7982336,7286602,695734,0.9128,620000,1,0.891
N10,大觀,111,9654182,8970981,683201,0.9292,570000,1,0.834
N13,三多,110,6922972,6256592,666380,0.9037,900000,1,1.351
N04,海工,111,4663319,4018956,644363,0.8618,480000,1,0.745
N18,福營,113,10035406,9406758,628648,0.9374,634865,1,1.01
N04,海工,113,5682706,5072224,610482,0.8926,1170000,1,1.917
N14,積穗,111,9825800,9226443,599357,0.939,1208000,1,2.015
N09,安興,113,5355189,4817555,537634,0.8996,1419000,1,2.639
N11,新林,111,11587994,11076596,511398,0.9559,730000,1,1.427
N11,新林,112,11862363,11352830,509533,0.957,520000,1,1.021
N14,積穗,112,10051629,9542297,509332,0.9493,1285374,1,2.524
N16,中平,110,8206380,7715140,491240,0.9401,607000,1,1.236
N11,新林,113,12108720,11667233,441487,0.9635,1400000,1,3.171
N18,福營,112,9833569,9416455,417114,0.9576,513911,1,1.232
N36,明德,113,7666665,7273300,393365,0.9487,,0,
N10,大觀,110,8228230,8041532,186698,0.9773,116000,1,0.621
N07,北大,113,17082193,17915419,-833226,1.0488,1170239,1,
