channel,institution_id,institution_title,headline,url,published,publisher,attribution_basis,kind,status
apify_threads,7e4091bb-f0ee-4a6a-80f5-3c14da4077b9,新北市私立森林幼兒園,"[routine] 我們幼兒園的前身是森林幼兒園，在1990年代，它算是一個承接更早的媽媽幼兒園，類似現在家長自組共學的型態。承接後，這個山上的社區並不容易立案，森林幼兒園也就是一個可以說是跟德國森林幼兒園理念相近的組織。

森林幼兒園時代，所在地主要在兩個地方：一個是在現在社區花園二路的某大樓一樓。另一個是在新城大道口的一處農舍與戶外園地。兩個我都去過，因為當時，我就認識森林",https://www.threads.com/@discover._.learning/post/DcXdph_Ertw,2026-08-23,Threads @discover._.learning,標題以機構名稱形式出現可辨識名稱,unclear,待人工研判
news_rss,7196f653-1692-4cdc-9408-0ec0514cd563,新北市私立福音幼兒園,新北板橋福音幼兒園爆不當管教　2教保員強制罪起訴　1人不起訴 - UDN,https://news.google.com/rss/articles/CBMiUEFVX3lxTE1MVnpkUWVxTkJpc0FZeWJxandaSVN3OXRvLS1QUGlyZDl6TTVacm84aHBnQVFrQmRhT0RiZlNkc0lUQ0RtSGlRUm5uV2FZQ0pj0gFWQVVfeXFMTUFUNlQtS2lCX28wZmx3Z2JJUTI0bVFla3VsY0RYeDFKVFhjekdLZzFYR1VYdFJIMEU2RHQ1SXVtUzZfd01PUkhjV3BwUF9fZnlCX2pZMEE?oc=5,2026-07-23,UDN,標題以機構名稱形式出現可辨識名稱,unclear,待人工研判
news_rss,4273705a-5297-4025-a88b-f133cf5f6bca,新北市私立吉尼爾幼兒園,教職員持剪刀嚇幼生 新莊私立吉尼爾幼兒園罰30萬、停招1年 - 自由時報,https://news.google.com/rss/articles/CBMiZEFVX3lxTFBVTlUxX2ZydGwwN1EtaUsxeFRKT3kwSDd6dDdTWkk0TzNmbzdxMnRId3UyUGFfX1AyN1dSVDFKQWRfLXBWeVhWWXhWQTJNNDF3VVVjTDFpNVRUQWdiYU5DSC1lOHo?oc=5,2026-04-24,自由時報,標題以機構名稱形式出現可辨識名稱,unclear,待人工研判
news_rss,4273705a-5297-4025-a88b-f133cf5f6bca,新北市私立吉尼爾幼兒園,爆虐童遭開罰！ 新莊吉尼爾幼兒園最重恐停辦 - 台視全球資訊網,https://news.google.com/rss/articles/CBMifEFVX3lxTE9aYzJiTTlVZ2g5MWlwUmRDUmU0eXd5b1NtaEFSQWhzMHVlVmtNdnRzblJBNy1EODh1YjB3M01WTGhuTkJZQkNydXhTYTNUbEM1eXJRY0F0R3p0Q29lLTRvS3J4eUZreFJ3a0xrcVhBRkNBek5OMFJGV1hqdS0?oc=5,2026-04-19,台視全球資訊網,標題以機構名稱形式出現可辨識名稱,incident,待人工研判
news_rss,4273705a-5297-4025-a88b-f133cf5f6bca,新北市私立吉尼爾幼兒園,新莊吉尼爾幼兒園不當管教！ 教育局出手「開罰39萬」 - 壹電視,https://news.google.com/rss/articles/CBMif0FVX3lxTE5STjc0cFBWTGNtb0lnTWlSTXhZSjB0ZG5wYU1uQVRTWGZ4U19PV0FmRkxTMXlRY1hwN1BvMHFDaGtOOFlGZXNwWVU2NmNHblRhamdLMU5QdkNMeGthb0pZbW9VbjRISmdISjlKelRCS3ZES3lSZU1PSDlqbmZfTms?oc=5,2026-04-14,壹電視,標題以機構名稱形式出現可辨識名稱,incident,待人工研判
news_rss,4273705a-5297-4025-a88b-f133cf5f6bca,新北市私立吉尼爾幼兒園,新莊吉尼爾幼兒園不當管教！ 教育局出手「開罰39萬」 - eracom.com.tw,https://news.google.com/rss/articles/CBMiekFVX3lxTE1sNlFlbjgzaWhaM0dkUUFxb21XeUd2NTdIbURvVUx4eDRpalJBZGg4YlNkb0V6eGx6U2M0OThoaTVDOEV0Zk9fWkZwNkMtUHR0UllCbGJpWGszVEpBbUt6WlowX1pLSjRtd1VaT3RSMktQNTY1d0xlNmx3?oc=5,2026-04-14,eracom.com.tw,標題以機構名稱形式出現可辨識名稱,incident,待人工研判
news_rss,4273705a-5297-4025-a88b-f133cf5f6bca,新北市私立吉尼爾幼兒園,童遭拍打拖行、持剪威嚇 新莊吉尼爾幼兒園被重罰39萬發聲道歉了 - 台視新聞網,https://news.google.com/rss/articles/CBMiV0FVX3lxTE51cUlqUTRzUUdpVVZkRnRkX0g2aUk4dkNiaG94WDVXSzQ4LURkN01sRHMza1l0OEYxOXFiOGVWT2RiMFcxaTlCUFZCaWF6YXFDdFA4aWZjVQ?oc=5,2026-04-13,台視新聞網,標題以機構名稱形式出現可辨識名稱,unclear,待人工研判
news_rss,4273705a-5297-4025-a88b-f133cf5f6bca,新北市私立吉尼爾幼兒園,獨家／吉尼爾幼兒園爆虐童！ 家長裝密錄揭集體惡行 | EBC 東森新聞 - LINE TODAY,https://news.google.com/rss/articles/CBMiVkFVX3lxTFBLUXFnZnJjMlFrYlNwV1R3VFFYT2RBb1UyM0NTblNzbE8yaDFxcldORktEVDkzQncyU19xZ3MzenF3T0NuQkF6WFlCWHNJS3liMXpZa3FB?oc=5,2026-04-13,LINE TODAY,標題以機構名稱形式出現可辨識名稱,incident,待人工研判
news_rss,4273705a-5297-4025-a88b-f133cf5f6bca,新北市私立吉尼爾幼兒園,新莊吉尼爾幼兒園「拍打拖行幼童」　遭罰24萬、最重勒令停辦 - ETtoday新聞雲,https://news.google.com/rss/articles/CBMiXkFVX3lxTE9QOHJOVHFldDZJemJ3d2NHeUZQSnlUS0hBSHN4UjBodFV6UWJoeG1WY3A1czVUQ3NiMmw4dkwtUnhwc3h0WU5GS1RyelAtY2NDZmhZOUp4MzF5U1hhamfSAUtBVV95cUxNVmpLNUwwMEtPTGRiT1I2NkN1TXNRcldSYTVyRkVBMWNFZkEyemUzNHc0VC1xYldEazQ2TTFBMHJoRHVSazlDQkkwTVE?oc=5,2026-04-13,ETtoday新聞雲,標題以機構名稱形式出現可辨識名稱,incident,待人工研判
news_rss,4273705a-5297-4025-a88b-f133cf5f6bca,新北市私立吉尼爾幼兒園,新莊吉尼爾幼兒園爆虐童！3教職員拍打+拖行 教育局重罰24萬 - TVBS新聞網,https://news.google.com/rss/articles/CBMiT0FVX3lxTFBTM2RFMW5mZmdOUlJIc3MzTmIxVmRvSjNPNzNCM1dIVG5fNGxEYjdKemQ3RmZfTEtkRDh2VmxkZkMwOXBpT1Voak9POGNBelE?oc=5,2026-04-13,TVBS新聞網,標題以機構名稱形式出現可辨識名稱,incident,待人工研判
news_rss,08917a82-ed8e-42ec-b59f-c2e756852234,新北市私立欣勵德幼兒園,板橋欣勵德幼兒園虐童案持續延燒：園長當眾脫衣羞辱 檢方裁定5萬元交保 - PChome Online 新聞,https://news.google.com/rss/articles/CBMijwFBVV95cUxPc09teDl6ektGQ0xKdlpFalZyNDRtc1R6WDlvbHlZMFJZWktSUEo1RGdTTV9RQWE3MEZ2X00zSE5CU1p2WnNhaGhEU1MtY2wxRW9fTlU1LVhrcm1JN1FvT21EMFJfUWZoQVFKNkxBNXVZNHY4QUJ3M0xYUWt0b0pzWkNGRFJBbXltQ2JLNGozTQ?oc=5,2026-04-11,PChome Online 新聞,標題以機構名稱形式出現可辨識名稱,incident,待人工研判
news_rss,08917a82-ed8e-42ec-b59f-c2e756852234,新北市私立欣勵德幼兒園,板橋欣勵德幼兒園虐童案持續延燒：園長當眾脫衣羞辱 檢方裁定5萬元交保 - 新頭條,https://news.google.com/rss/articles/CBMiVEFVX3lxTE1XOW9NWlhOMkNRSFB0OWEwQjl3UVRTOWFuU05IZFhfdl9zOG9hRWNHTG1Yc0phNTA5Mm9zaENyQTdmdUZvYldaQ19KQWpZa1NiakNuYg?oc=5,2026-04-11,新頭條,標題以機構名稱形式出現可辨識名稱,incident,待人工研判
news_rss,08917a82-ed8e-42ec-b59f-c2e756852234,新北市私立欣勵德幼兒園,新北板橋欣勵德幼兒園涉不當對待 家長控女兒遭當眾扯衣 - 自由時報,https://news.google.com/rss/articles/CBMiZEFVX3lxTE51MjRSUklsY0hqSnp6d1ZHUlRGZlRpLU1RaVBjS2dxTkdiZWMtQnpOX1Vwc0NOZkV2ekVzNVAtRDZ4Q29JZVUyaU9aZklwdVg5WEtsMTF6SmxmOGtfbXZLOU5sdzPSAWpBVV95cUxQbEw5OWNiUThxT3NiV3dCS092bGh4Z0xLbHpHQjlIVlVWZXFaX1RheV85SmxicGs1YjU3SXZyaFc0TDl5emNGTmlvbUtwcjJia2ttdzFQb0JwRjNpN0p2RjYybG1DY0RNTjBR?oc=5,2026-04-10,自由時報,標題以機構名稱形式出現可辨識名稱,incident,待人工研判
news_rss,08917a82-ed8e-42ec-b59f-c2e756852234,新北市私立欣勵德幼兒園,板橋欣勵德幼兒園爆虐童！園長失控剝褲羞辱，母泣：看動物一樣 - 造咖,https://news.google.com/rss/articles/CBMiSEFVX3lxTE52cmFfU0Z0SWlfYnU5UWdoTjBpUGotLV9qR2xBemR5Nmk3T3lRakZrRlVBQ3VheE1JamIyX21qYTZ3ZWNULWpkbA?oc=5,2026-04-10,造咖,標題以機構名稱形式出現可辨識名稱,incident,待人工研判
news_rss,08917a82-ed8e-42ec-b59f-c2e756852234,新北市私立欣勵德幼兒園,欣勵德幼兒園涉虐童　園長5萬交保躲廁所 - 鏡週刊Mirror Media,https://news.google.com/rss/articles/CBMiXEFVX3lxTE8tdlNEN2FadUlxU3RfVEJpR2pJREpIWk1NU1lTc2d5MHRRZlFDbkxfTjJiWHF3TTN4S3JycHh3bE5HTmMwcE5yWVVpSFM2SmlLWkJlZUs5eFJTQzlH0gFiQVVfeXFMUE9xRTRIdE11TmlRTzJmVHBEOXQ3dkZXNU5sMlZma0VUSnBiNW5vR01OUVFBS3VkNDl3UzNyU2w4S3hVR25xcTcxTVhuU3gtVVoyanoxV1VfelF1Q1V5a2U0TlE?oc=5,2026-04-10,鏡週刊Mirror Media,標題以機構名稱形式出現可辨識名稱,incident,待人工研判
news_rss,08917a82-ed8e-42ec-b59f-c2e756852234,新北市私立欣勵德幼兒園,新北「欣勵德幼兒園」涉當眾逼脫衣虐童　女園長5萬元交保怕曝光躲廁所 - 三立新聞,https://news.google.com/rss/articles/CBMiSEFVX3lxTE95ek9rN3JxMXEzaklEWWlzVVZIWGl0VTVhZmt0VDVwazF3dVhoWjR1eGtiQk0ydWxlQldiWlJVYXdtUnRZVlJvMNIBTEFVX3lxTE9TbG1pd19fNFlfNWZKblFxMUUtaGFfZzkyaWdLQTBwam81YkF5Zk5uT1h2OGlXbU9pVGRxNTl5NGVaREhMOWRGVnkwRkY?oc=5,2026-04-10,三立新聞,標題以機構名稱形式出現可辨識名稱,incident,待人工研判
news_rss,08917a82-ed8e-42ec-b59f-c2e756852234,新北市私立欣勵德幼兒園,欣勵德幼兒園女童遭暴力脫衣！家長調監視器真相全曝光 母心疼淚崩 - 緯來新聞網,https://news.google.com/rss/articles/CBMihgFBVV95cUxORlBueTAtWTZ4cjFGNWo1VE54MlZJM2hUblF2VmNRUXdEZTE1WXppRlJYZDJwWVBDdzl1c01tSjVEaGY3X2xRenY2NDRqVFF3M015QWQ5QlVJQVdVRmJoakZQTzhBNnBXaVNUcXNEYW10ZG9PRUpmSEhvXzE2ZllIRm16b2p2QQ?oc=5,2026-04-10,緯來新聞網,標題以機構名稱形式出現可辨識名稱,unclear,待人工研判
news_rss,60ff647e-9f81-40a8-8f7e-9aa54cac7dc8,新北市私立學仕幼兒園,新北三重學仕幼兒園體罰5幼生重罰教保員60萬勒令停招| 地方 - cna.com.tw,https://news.google.com/rss/articles/CBMiX0FVX3lxTFBwSkpTYmlxTURraHlsQ0ZwaGZabXZLX25pdkU2MmJYUWlzdExHRUtaLXFXQ0tjWnlyLVdKR0VidVB4alRqZE1Gdk5pZm1RYjNNRXRMZmVNU0Vra0VFMVJV?oc=5,2024-08-08,cna.com.tw,標題以機構名稱形式出現可辨識名稱,incident,待人工研判
news_rss,60ff647e-9f81-40a8-8f7e-9aa54cac7dc8,新北市私立學仕幼兒園,新北嚴懲重罰公告、勒令停招 三重私立學仕幼兒園不當對待幼生調查屬實 - 大成報,https://news.google.com/rss/articles/CBMidkFVX3lxTFBwV3lZWnB3emxTODFNZ0R4ZjgwSklxcGM3N1dKNnlUZk9aUjFVbTdvalRBNWl0NHhtNndJQTJTZTdKYlRtY1pQQ0QzNTRoakEwRC1HbGVJM3B2RFBleDhIclBGRUhLMVVRNDNhMkpycENZSWxJTVE?oc=5,2024-08-08,大成報,標題以機構名稱形式出現可辨識名稱,incident,待人工研判
news_rss,60ff647e-9f81-40a8-8f7e-9aa54cac7dc8,新北市私立學仕幼兒園,三重「學仕幼兒園」教保員體罰幼生 新北教局罰60萬勒令停招 - 自由時報,https://news.google.com/rss/articles/CBMiaEFVX3lxTE85STdKcjJJQ09kVjJzZnNQSHNGd0J0MGVOMDFGVkUyV2NtSjVjdVp1R0xkYVd1ZWxYYlk2Vi1hc0hhQ25WaDB1ZEFoSzZsV0s4blpVZ1VHZzFhVUlDbzd5YzN4cEF0bmlW0gFuQVVfeXFMUFliSTN1LV9haE9zbE85Z1QtSXFjLTZSbTBqLVBVcm4wZFNybDhGeERPeWJxU3NRTjFvdVhUMkZnYjE3UjBZVTBsZUo4dkFpWi1FSThuT2VYT1A0WWtfOUhza05wZWRvRFFBWjVDMkE?oc=5,2024-08-08,自由時報,標題以機構名稱形式出現可辨識名稱,incident,待人工研判
news_rss,7196f653-1692-4cdc-9408-0ec0514cd563,新北市私立福音幼兒園,新北福音幼兒園爆虐童！施暴教保員還曾獲獎 林月琴爆：教育局不給調查報告 - Yahoo新聞,https://news.google.com/rss/articles/CBMi1wNBVV95cUxNYmhUaFY0MFppYVJLVnF2cXNRYXZ5Z2ZUTHVKOThBcDdNM2x0d2x4STBGTHFod25yUFlvSURhRUMzc0ZvVVBNUTN6OHpGQUt1V01OWFY0VGFZZGFibnFneHNXbE9xekwxMU5RWVU1ZWtlS1dhVjFILVNmSVBxY0lPZlgyMVpHM3ZydWxHa1FyWUg3ZlMxaFRJeWFseXVQeC1GU2FnTE9KVnZwT04wdmgxV0ROdkxjT2lMRURueDd4UWNlUDhoVjk1ZC12Y2YxQUx2bTFKSzFlZVMxamFnQ1JpR3hEVjFxNHpsblFfLXFvbXJZaU1DdnRvMTVNajJxMDFvZ0JFb2ZJX0lRT1BmQTJHWDRzV1ppeWRXclFzT0JfVElBYUJzZEJweGlpZDMyR0pFazdwMVdMZ2VSa1RLRUN0TWQtdW1Rc1o0ZUhrY3RyeTlnNldpVUlqeV9jQkFMeHE0MEZHZENHZy1SZXVVUTVJVHBZcG1MX0RfbWFSWW14alRnSllScFllU1Bhclp4bHdQUk80anVIZHdLTzUxTDhjQmdXeTA3OEh3LXdUX3drTDRQalVPa2hGU3MwWHRwUUhxbEpDSDZCLS14TUo4cVlTZklvdDFSNlk?oc=5,2024-07-22,Yahoo新聞,標題以機構名稱形式出現可辨識名稱,incident,待人工研判
news_rss,7196f653-1692-4cdc-9408-0ec0514cd563,新北市私立福音幼兒園,影／直擊新北福音幼兒園放學除畢業生外過半將轉學| 時事 - 聯合影音,https://news.google.com/rss/articles/CBMiSkFVX3lxTE5LS0hTcmVGWFN0dXdOdjF3c3BaejRPTXM1enlsemxEVWhXUW9sMkw3cmNtN0wwR3JjTTlCN2tvRWpaTFgxdnU3UXJR?oc=5,2024-07-22,聯合影音,標題以機構名稱形式出現可辨識名稱,unclear,待人工研判
news_rss,7196f653-1692-4cdc-9408-0ec0514cd563,新北市私立福音幼兒園,強逼脫褲羞辱！新北福音幼兒園3名惡師「施暴8孩童」 教育局勒令停招 - 鏡週刊Mirror Media,https://news.google.com/rss/articles/CBMiW0FVX3lxTFB1NE94TGw2Qmo5LVFuVGZWSUlFYjhqVHVMWmUtMkl3RVBWYWlPTjd1NXJlZWRmZnhKMVl5Q1dtQUtlMTZVR2staXhzbHZsUXpzUXdFZjFiODRqdTQ?oc=5,2024-07-22,鏡週刊Mirror Media,標題以機構名稱形式出現可辨識名稱,incident,待人工研判
news_rss,ddd713e8-82fc-4044-af3b-f5081eccf198,新北市私立華盛頓幼兒園,華盛頓幼兒園上月才超收挨罰　再爆超收上百人 - 好房網News,https://news.google.com/rss/articles/CBMia0FVX3lxTE5jdFNLUmxjWGR4WFc4NW1JNWdNQVNndjhQbDJHalNVSS1NZHJQcUpQdU5RWWFlVXJydFduUjZmLXVLSG0wZG1FMmdUcFN4U2xLWFJ5dldOWVF3UGhGZ2Q0Qmg4Y0p0RW1feENv0gFwQVVfeXFMT1lNdWQwQUE5N3hUWVhaaUpsSEtUS2lXQ25KdUwzbW5xNUJ6WEVoMWMyeGFwc1NaaTEyR2toYjNfNkd6OGhrZXQ5TGExZU5sZUt6cGVXYjByNmlqOTRrVk1nZkg3a0pRQ0hUbVJZLU1VUw?oc=5,2020-07-03,好房網News,標題以機構名稱形式出現可辨識名稱,incident,待人工研判
news_rss,afc5cb83-ded9-4a88-a026-a77b70c2d74d,新北市私立中冠幼兒園,新北中冠幼兒園爆超收逾50名孩童開罰17萬元勒令停業- 生活 - 自由時報,https://news.google.com/rss/articles/CBMiZEFVX3lxTE9ESXdfRFR6WEdtNl9MdHR0aVg2aGY3WmhxZVZic1BJQjFUeGhJMVBjaC05NTBiQWl0c1U4aU9udkFTSGVyLW9rTmlTRGtiYXBVSEVsTE1sR2l2aHBXeHN1OVdqUzc?oc=5,2019-11-06,自由時報,標題以機構名稱形式出現可辨識名稱,incident,待人工研判
news_rss,afc5cb83-ded9-4a88-a026-a77b70c2d74d,新北市私立中冠幼兒園,蘆洲中冠幼兒園違規超收 新北重罰勒令停業1年 - 台灣好新聞,https://news.google.com/rss/articles/CBMiS0FVX3lxTE5YeVRCVkZkaVpEZUdhX2JSNmQ1U3VlZ2N4ak9iNWpTYzJhVm4yY3ViVGVKZUFLVzEyTjMxWXBrTmw4R2lTNllkQ1NSNA?oc=5,2019-11-06,台灣好新聞,標題以機構名稱形式出現可辨識名稱,incident,待人工研判
news_rss,afc5cb83-ded9-4a88-a026-a77b70c2d74d,新北市私立中冠幼兒園,蘆洲中冠幼兒園6度超收 遭勒令停業1年 - 中時新聞網,https://news.google.com/rss/articles/CBMibkFVX3lxTE1aT3RSRzBpNUZ0MUFGeWY2TzB2elhpUjBkQm13akVvV0ZfWUNWcjRfbEMwbHFtUjhocW1kSGFoX1BuQldyR3d1a2x5UG9BMHM3d2FLa3RMUTdZN3dXZ1lxaHdKalRJTWxxT0ltOVFR?oc=5,2019-11-06,中時新聞網,標題以機構名稱形式出現可辨識名稱,incident,待人工研判
news_rss,afc5cb83-ded9-4a88-a026-a77b70c2d74d,新北市私立中冠幼兒園,蘆洲中冠幼兒園違規超收 新北重罰勒令停業1年 - Life 生活網,https://news.google.com/rss/articles/CBMiS0FVX3lxTE5QRnJkVnByUlFxa2NlYXdZMVUycjFxSGJsUVpwNi1sVGFhYWFMeGpLeFoxVEJFWEhVWHlCdGdISmQtMnhXZTJsZXREVQ?oc=5,2019-11-06,Life 生活網,標題以機構名稱形式出現可辨識名稱,incident,待人工研判
news_rss,df65b2a1-e05d-420e-aa85-8a752e351c9d,新北市私立皇佳幼兒園,皇佳幼兒園遭停招 負責人重罰 - 中時新聞網,https://news.google.com/rss/articles/CBMia0FVX3lxTE9vOERaUG9EQW1TZXFLdl9iMWM2U2xOYzlxc1lLT2pZM2UtYmFETHRYWXVDN1FaalhFYXlTRVAwdWtBWlRDTkdpN1hfdGpUbWFzZHlPdVhkdWk0ckxxUGMtMzFqWFpUZkZHZ0Zv?oc=5,2019-10-08,中時新聞網,標題以機構名稱形式出現可辨識名稱,unclear,待人工研判
news_rss,df65b2a1-e05d-420e-aa85-8a752e351c9d,新北市私立皇佳幼兒園,台灣幼教「寄生上流」翻版？皇佳幼兒園超收90生反鎖密室避稽查 - 遠見雜誌,https://news.google.com/rss/articles/CBMiTEFVX3lxTFBaaXQ3MFJDODhEODRaTEZhcnk1MjAwV182dDlJcUtSRFNwNXpsUWV1bXJhY2RhaEtUX3dsZDdhWHhua0I5QnlqbnU4aG0?oc=5,2019-10-03,遠見雜誌,標題以機構名稱形式出現可辨識名稱,incident,待人工研判
news_rss,df65b2a1-e05d-420e-aa85-8a752e351c9d,新北市私立皇佳幼兒園,超收學童藏「密室」 皇佳幼兒園減招、皇龍補習班停招- 生活 - 自由時報,https://news.google.com/rss/articles/CBMiZEFVX3lxTFBhUEQ3SzhETFFlVzlRZld4WlBSNUVROHl4MHVlbGVCdU1qcmNGeGdUeFRsOFFKOUNzWkVFLVZPdExJN3d0SHVsRFcxSzBiUTBMUVEzQVJoajRQRWQtZnQ4Z3NzZEg?oc=5,2019-10-02,自由時報,標題以機構名稱形式出現可辨識名稱,incident,待人工研判
