path,category,period,filename,size_mb,pages,text_pages,image_pages,chars,text_ratio,needs_ocr
公校/112年度決算書/第1冊/112年決算書第一冊.pdf,公校,112年度決算書,112年決算書第一冊.pdf,27.96,752,651,19,621469,0.866,False
公校/112年度決算書/第1冊/附件2-1.封面(第一冊).pdf,公校,112年度決算書,附件2-1.封面(第一冊).pdf,0.04,1,1,0,109,1.0,False
公校/112年度決算書/第2冊/112年決算書第二冊.pdf,公校,112年度決算書,112年決算書第二冊.pdf,37.71,772,651,38,549283,0.843,False
公校/112年度決算書/第2冊/附件2-1.封面(第二冊).pdf,公校,112年度決算書,附件2-1.封面(第二冊).pdf,0.04,1,1,0,109,1.0,False
公校/112年度決算書/第3冊/112年決算書第三冊.pdf,公校,112年度決算書,112年決算書第三冊.pdf,35.5,758,632,41,515060,0.834,False
公校/112年度決算書/第3冊/附件2-1.封面(第三冊).pdf,公校,112年度決算書,附件2-1.封面(第三冊).pdf,0.04,1,1,0,109,1.0,False
公校/112年度決算書/第4冊/112年決算書第四冊.pdf,公校,112年度決算書,112年決算書第四冊.pdf,31.02,758,649,29,534461,0.856,False
公校/112年度決算書/第4冊/附件2-1.封面(第四冊).pdf,公校,112年度決算書,附件2-1.封面(第四冊).pdf,0.04,1,1,0,109,1.0,False
公校/112年度決算書/第5冊/112年決算書第五冊.pdf,公校,112年度決算書,112年決算書第五冊.pdf,30.39,724,617,25,457483,0.852,False
公校/112年度決算書/第5冊/附件2-1.封面(第五冊).pdf,公校,112年度決算書,附件2-1.封面(第五冊).pdf,0.04,1,1,0,109,1.0,False
公校/113年度決算書/第1冊/113年決算書第一冊.pdf,公校,113年度決算書,113年決算書第一冊.pdf,31.36,752,645,26,624082,0.858,False
公校/113年度決算書/第1冊/附件2-1.封面(第一冊).pdf,公校,113年度決算書,附件2-1.封面(第一冊).pdf,0.05,1,1,0,109,1.0,False
公校/113年度決算書/第2冊/113年決算書第二冊.pdf,公校,113年度決算書,113年決算書第二冊.pdf,37.94,776,661,29,573015,0.852,False
公校/113年度決算書/第2冊/附件2-1.封面(第二冊).pdf,公校,113年度決算書,附件2-1.封面(第二冊).pdf,0.05,1,1,0,109,1.0,False
公校/113年度決算書/第3冊/113年決算書第三冊.pdf,公校,113年度決算書,113年決算書第三冊.pdf,44.09,756,608,26,517806,0.804,False
公校/113年度決算書/第3冊/附件2-1.封面(第三冊).pdf,公校,113年度決算書,附件2-1.封面(第三冊).pdf,0.05,1,1,0,109,1.0,False
公校/113年度決算書/第4冊/113年決算書第四冊.pdf,公校,113年度決算書,113年決算書第四冊.pdf,45.83,756,608,47,519907,0.804,False
公校/113年度決算書/第4冊/附件2-1.封面(第四冊).pdf,公校,113年度決算書,附件2-1.封面(第四冊).pdf,0.05,1,1,0,109,1.0,False
公校/113年度決算書/第5冊/113年決算書第五冊.pdf,公校,113年度決算書,113年決算書第五冊.pdf,34.61,710,601,24,453564,0.846,False
公校/113年度決算書/第5冊/附件2-1.封面(第五冊).pdf,公校,113年度決算書,附件2-1.封面(第五冊).pdf,0.05,1,1,0,109,1.0,False
公校/114年度決算書/第1冊/114年決算書第一冊.pdf,公校,114年度決算書,114年決算書第一冊.pdf,46.31,752,599,19,567202,0.797,False
公校/114年度決算書/第1冊/附件2-1.封面(第一冊).pdf,公校,114年度決算書,附件2-1.封面(第一冊).pdf,0.11,1,1,0,109,1.0,False
公校/114年度決算書/第2冊/114年決算書第二冊.pdf,公校,114年度決算書,114年決算書第二冊.pdf,50.0,778,614,33,528739,0.789,False
公校/114年度決算書/第2冊/附件2-1.封面(第二冊).pdf,公校,114年度決算書,附件2-1.封面(第二冊).pdf,0.11,1,1,0,109,1.0,False
公校/114年度決算書/第3冊/114年決算書第三冊.pdf,公校,114年度決算書,114年決算書第三冊.pdf,47.83,760,626,53,515482,0.824,False
公校/114年度決算書/第3冊/附件2-1.封面(第三冊).pdf,公校,114年度決算書,附件2-1.封面(第三冊).pdf,0.11,1,1,0,109,1.0,False
公校/114年度決算書/第4冊/114年決算書第四冊.pdf,公校,114年度決算書,114年決算書第四冊.pdf,47.81,756,604,53,508228,0.799,False
公校/114年度決算書/第4冊/附件2-1.封面(第四冊).pdf,公校,114年度決算書,附件2-1.封面(第四冊).pdf,0.11,1,1,0,109,1.0,False
公校/114年度決算書/第5冊/114年決算書第五冊.pdf,公校,114年度決算書,114年決算書第五冊.pdf,42.62,672,516,24,392536,0.768,False
公校/114年度決算書/第5冊/附件2-1.封面(第五冊).pdf,公校,114年度決算書,附件2-1.封面(第五冊).pdf,0.11,1,1,0,109,1.0,False
非營利園財報/110學年度/N01安溪_110學年度財務報告.pdf,非營利園財報,110學年度,N01安溪_110學年度財務報告.pdf,6.97,36,0,36,0,0.0,True
非營利園財報/110學年度/N02山北_110學年度財務報告.pdf,非營利園財報,110學年度,N02山北_110學年度財務報告.pdf,6.78,35,0,35,0,0.0,True
非營利園財報/110學年度/N03龍埔成長_110學年度財務報告.pdf,非營利園財報,110學年度,N03龍埔成長_110學年度財務報告.pdf,6.71,36,0,36,0,0.0,True
非營利園財報/110學年度/N04海工_110學年度財務報告.pdf,非營利園財報,110學年度,N04海工_110學年度財務報告.pdf,7.22,36,0,36,0,0.0,True
非營利園財報/110學年度/N05漢翔_110學年度財務報告.pdf,非營利園財報,110學年度,N05漢翔_110學年度財務報告.pdf,8.03,42,0,42,0,0.0,True
非營利園財報/110學年度/N06昌平_110學年度財務報告.pdf,非營利園財報,110學年度,N06昌平_110學年度財務報告.pdf,7.38,37,0,37,0,0.0,True
非營利園財報/110學年度/N07北大_110學年度財務報告.pdf,非營利園財報,110學年度,N07北大_110學年度財務報告.pdf,8.04,40,0,40,0,0.0,True
非營利園財報/110學年度/N08鷺江_110學年度財務報告.pdf,非營利園財報,110學年度,N08鷺江_110學年度財務報告.pdf,7.66,38,0,38,0,0.0,True
非營利園財報/110學年度/N09安興_110學年度財務報告.pdf,非營利園財報,110學年度,N09安興_110學年度財務報告.pdf,7.43,38,0,38,0,0.0,True
非營利園財報/110學年度/N10大觀_110學年度財務報告.pdf,非營利園財報,110學年度,N10大觀_110學年度財務報告.pdf,7.92,38,0,38,0,0.0,True
非營利園財報/110學年度/N11新林_110學年度財務報告.pdf,非營利園財報,110學年度,N11新林_110學年度財務報告.pdf,7.83,38,0,38,0,0.0,True
非營利園財報/110學年度/N12昌福_110學年度財務報告.pdf,非營利園財報,110學年度,N12昌福_110學年度財務報告.pdf,7.31,37,0,37,0,0.0,True
非營利園財報/110學年度/N13三多_110學年度財務報告.pdf,非營利園財報,110學年度,N13三多_110學年度財務報告.pdf,8.15,40,0,40,0,0.0,True
非營利園財報/110學年度/N14積穗_110學年度財務報告.pdf,非營利園財報,110學年度,N14積穗_110學年度財務報告.pdf,8.06,40,0,40,0,0.0,True
非營利園財報/110學年度/N15新月_110學年度財務報告.pdf,非營利園財報,110學年度,N15新月_110學年度財務報告.pdf,8.22,41,0,41,0,0.0,True
非營利園財報/110學年度/N16中平_110學年度財務報告.pdf,非營利園財報,110學年度,N16中平_110學年度財務報告.pdf,8.27,40,0,40,0,0.0,True
非營利園財報/110學年度/N17中正_110學年度財務報告.pdf,非營利園財報,110學年度,N17中正_110學年度財務報告.pdf,7.61,38,0,38,0,0.0,True
非營利園財報/110學年度/N18福營_110學年度財務報告.pdf,非營利園財報,110學年度,N18福營_110學年度財務報告.pdf,7.87,38,0,38,0,0.0,True
非營利園財報/110學年度/N19中園_110學年度財務報告.pdf,非營利園財報,110學年度,N19中園_110學年度財務報告.pdf,7.26,36,0,36,0,0.0,True
非營利園財報/110學年度/N20柏翠_110學年度財務報告.pdf,非營利園財報,110學年度,N20柏翠_110學年度財務報告.pdf,7.76,40,0,40,0,0.0,True
非營利園財報/110學年度/N21文創_110學年度財務報告.pdf,非營利園財報,110學年度,N21文創_110學年度財務報告.pdf,7.26,37,0,37,0,0.0,True
非營利園財報/110學年度/N22文仁_110學年度財務報告.pdf,非營利園財報,110學年度,N22文仁_110學年度財務報告.pdf,7.0,36,0,36,0,0.0,True
非營利園財報/110學年度/N23菁湖_110學年度財務報告.pdf,非營利園財報,110學年度,N23菁湖_110學年度財務報告.pdf,7.83,41,0,41,0,0.0,True
非營利園財報/110學年度/N24佳林_110學年度財務報告.pdf,非營利園財報,110學年度,N24佳林_110學年度財務報告.pdf,6.71,36,0,36,0,0.0,True
非營利園財報/110學年度/N25碧城_110學年度財務報告.pdf,非營利園財報,110學年度,N25碧城_110學年度財務報告.pdf,6.78,34,0,34,0,0.0,True
非營利園財報/110學年度/N26新店及人_110學年度財務報告.pdf,非營利園財報,110學年度,N26新店及人_110學年度財務報告.pdf,6.82,34,0,34,0,0.0,True
非營利園財報/110學年度/N27育平_110學年度財務報告.pdf,非營利園財報,110學年度,N27育平_110學年度財務報告.pdf,6.03,32,0,32,0,0.0,True
非營利園財報/110學年度/N28新樂_110學年度財務報告.pdf,非營利園財報,110學年度,N28新樂_110學年度財務報告.pdf,6.52,33,0,33,0,0.0,True
非營利園財報/111學年度/N01安溪_111學年度財務報告.pdf,非營利園財報,111學年度,N01安溪_111學年度財務報告.pdf,8.09,38,0,38,0,0.0,True
非營利園財報/111學年度/N02山北_111學年度財務報告.pdf,非營利園財報,111學年度,N02山北_111學年度財務報告.pdf,7.79,36,0,36,0,0.0,True
非營利園財報/111學年度/N03龍埔成長_111學年度財務報告.pdf,非營利園財報,111學年度,N03龍埔成長_111學年度財務報告.pdf,7.8,37,0,37,0,0.0,True
非營利園財報/111學年度/N04海工_111學年度財務報告.pdf,非營利園財報,111學年度,N04海工_111學年度財務報告.pdf,7.77,36,0,36,0,0.0,True
非營利園財報/111學年度/N05漢翔_111學年度財務報告.pdf,非營利園財報,111學年度,N05漢翔_111學年度財務報告.pdf,8.64,41,0,41,0,0.0,True
非營利園財報/111學年度/N06昌平_111學年度財務報告.pdf,非營利園財報,111學年度,N06昌平_111學年度財務報告.pdf,8.37,40,0,40,0,0.0,True
非營利園財報/111學年度/N07北大_111學年度財務報告.pdf,非營利園財報,111學年度,N07北大_111學年度財務報告.pdf,9.17,44,0,44,0,0.0,True
非營利園財報/111學年度/N08鷺江_111學年度財務報告.pdf,非營利園財報,111學年度,N08鷺江_111學年度財務報告.pdf,8.35,39,0,39,0,0.0,True
非營利園財報/111學年度/N09安興_111學年度財務報告.pdf,非營利園財報,111學年度,N09安興_111學年度財務報告.pdf,8.13,40,0,40,0,0.0,True
非營利園財報/111學年度/N10大觀_111學年度財務報告.pdf,非營利園財報,111學年度,N10大觀_111學年度財務報告.pdf,8.33,39,0,39,0,0.0,True
非營利園財報/111學年度/N11新林_111學年度財務報告.pdf,非營利園財報,111學年度,N11新林_111學年度財務報告.pdf,8.42,39,0,39,0,0.0,True
非營利園財報/111學年度/N12昌福_111學年度財務報告.pdf,非營利園財報,111學年度,N12昌福_111學年度財務報告.pdf,7.6,37,0,37,0,0.0,True
非營利園財報/111學年度/N13三多_111學年度財務報告.pdf,非營利園財報,111學年度,N13三多_111學年度財務報告.pdf,8.76,40,0,40,0,0.0,True
非營利園財報/111學年度/N14積穗_111學年度財務報告.pdf,非營利園財報,111學年度,N14積穗_111學年度財務報告.pdf,8.58,41,0,41,0,0.0,True
非營利園財報/111學年度/N15新月_111學年度財務報告.pdf,非營利園財報,111學年度,N15新月_111學年度財務報告.pdf,8.55,41,0,41,0,0.0,True
非營利園財報/111學年度/N16中平_111學年度財務報告.pdf,非營利園財報,111學年度,N16中平_111學年度財務報告.pdf,8.69,41,0,41,0,0.0,True
非營利園財報/111學年度/N17中正_111學年度財務報告.pdf,非營利園財報,111學年度,N17中正_111學年度財務報告.pdf,8.02,38,0,38,0,0.0,True
非營利園財報/111學年度/N18福營_111學年度財務報告.pdf,非營利園財報,111學年度,N18福營_111學年度財務報告.pdf,8.61,39,0,39,0,0.0,True
非營利園財報/111學年度/N19中園_111學年度財務報告.pdf,非營利園財報,111學年度,N19中園_111學年度財務報告.pdf,7.87,37,0,37,0,0.0,True
非營利園財報/111學年度/N20柏翠_111學年度財務報告.pdf,非營利園財報,111學年度,N20柏翠_111學年度財務報告.pdf,8.42,39,0,39,0,0.0,True
非營利園財報/111學年度/N21文創_111學年度財務報告.pdf,非營利園財報,111學年度,N21文創_111學年度財務報告.pdf,7.84,38,0,38,0,0.0,True
非營利園財報/111學年度/N22文仁_111學年度財務報告.pdf,非營利園財報,111學年度,N22文仁_111學年度財務報告.pdf,7.41,36,0,36,0,0.0,True
非營利園財報/111學年度/N23菁湖_111學年度財務報告.pdf,非營利園財報,111學年度,N23菁湖_111學年度財務報告.pdf,8.81,41,0,41,0,0.0,True
非營利園財報/111學年度/N24佳林_111學年度財務報告.pdf,非營利園財報,111學年度,N24佳林_111學年度財務報告.pdf,7.9,40,0,40,0,0.0,True
非營利園財報/111學年度/N25碧城_111學年度財務報告.pdf,非營利園財報,111學年度,N25碧城_111學年度財務報告.pdf,8.1,38,0,38,0,0.0,True
非營利園財報/111學年度/N26新店及人_111學年度財務報告.pdf,非營利園財報,111學年度,N26新店及人_111學年度財務報告.pdf,7.46,36,0,36,0,0.0,True
非營利園財報/111學年度/N27育平_111學年度財務報告.pdf,非營利園財報,111學年度,N27育平_111學年度財務報告.pdf,7.57,37,0,37,0,0.0,True
非營利園財報/111學年度/N28新樂_111學年度財務報告.pdf,非營利園財報,111學年度,N28新樂_111學年度財務報告.pdf,7.92,37,0,37,0,0.0,True
非營利園財報/111學年度/N29東湖_111學年度財務報告.pdf,非營利園財報,111學年度,N29東湖_111學年度財務報告.pdf,7.45,35,0,35,0,0.0,True
非營利園財報/111學年度/N30文中_111學年度財務報告.pdf,非營利園財報,111學年度,N30文中_111學年度財務報告.pdf,6.41,30,0,30,0,0.0,True
非營利園財報/111學年度/N31翠中_111學年度財務報告.pdf,非營利園財報,111學年度,N31翠中_111學年度財務報告.pdf,6.49,31,0,31,0,0.0,True
非營利園財報/111學年度/N32板橋員工子女_111學年度財務報告.pdf,非營利園財報,111學年度,N32板橋員工子女_111學年度財務報告.pdf,6.59,32,0,32,0,0.0,True
非營利園財報/112學年度/N01安溪_112學年度財務報告.pdf,非營利園財報,112學年度,N01安溪_112學年度財務報告.pdf,7.8,40,0,40,0,0.0,True
非營利園財報/112學年度/N02山北_112學年度財務報告.pdf,非營利園財報,112學年度,N02山北_112學年度財務報告.pdf,7.18,37,0,37,0,0.0,True
非營利園財報/112學年度/N03龍埔成長_112學年度財務報告.pdf,非營利園財報,112學年度,N03龍埔成長_112學年度財務報告.pdf,7.37,38,0,38,0,0.0,True
非營利園財報/112學年度/N04海工_112學年度財務報告.pdf,非營利園財報,112學年度,N04海工_112學年度財務報告.pdf,7.64,38,0,38,0,0.0,True
非營利園財報/112學年度/N05漢翔_112學年度財務報告.pdf,非營利園財報,112學年度,N05漢翔_112學年度財務報告.pdf,7.71,39,0,39,0,0.0,True
非營利園財報/112學年度/N06昌平_112學年度財務報告.pdf,非營利園財報,112學年度,N06昌平_112學年度財務報告.pdf,8.04,40,0,40,0,0.0,True
非營利園財報/112學年度/N07北大_112學年度財務報告.pdf,非營利園財報,112學年度,N07北大_112學年度財務報告.pdf,9.48,46,0,46,0,0.0,True
非營利園財報/112學年度/N08鷺江_112學年度財務報告.pdf,非營利園財報,112學年度,N08鷺江_112學年度財務報告.pdf,7.51,40,0,40,0,0.0,True
非營利園財報/112學年度/N09安興_112學年度財務報告.pdf,非營利園財報,112學年度,N09安興_112學年度財務報告.pdf,8.28,40,0,40,0,0.0,True
非營利園財報/112學年度/N10大觀_112學年度財務報告.pdf,非營利園財報,112學年度,N10大觀_112學年度財務報告.pdf,8.61,43,0,43,0,0.0,True
非營利園財報/112學年度/N11新林_112學年度財務報告.pdf,非營利園財報,112學年度,N11新林_112學年度財務報告.pdf,8.35,41,0,41,0,0.0,True
非營利園財報/112學年度/N12昌福_112學年度財務報告.pdf,非營利園財報,112學年度,N12昌福_112學年度財務報告.pdf,7.82,40,0,40,0,0.0,True
非營利園財報/112學年度/N13三多_112學年度財務報告.pdf,非營利園財報,112學年度,N13三多_112學年度財務報告.pdf,8.22,41,0,41,0,0.0,True
非營利園財報/112學年度/N14積穗_112學年度財務報告.pdf,非營利園財報,112學年度,N14積穗_112學年度財務報告.pdf,8.15,41,0,41,0,0.0,True
非營利園財報/112學年度/N15新月_112學年度財務報告.pdf,非營利園財報,112學年度,N15新月_112學年度財務報告.pdf,9.26,46,0,46,0,0.0,True
非營利園財報/112學年度/N16中平_112學年度財務報告.pdf,非營利園財報,112學年度,N16中平_112學年度財務報告.pdf,8.33,42,0,42,0,0.0,True
非營利園財報/112學年度/N17中正_112學年度財務報告.pdf,非營利園財報,112學年度,N17中正_112學年度財務報告.pdf,7.72,39,0,39,0,0.0,True
非營利園財報/112學年度/N18福營_112學年度財務報告.pdf,非營利園財報,112學年度,N18福營_112學年度財務報告.pdf,8.12,41,0,41,0,0.0,True
非營利園財報/112學年度/N19中園_112學年度財務報告.pdf,非營利園財報,112學年度,N19中園_112學年度財務報告.pdf,7.32,38,0,38,0,0.0,True
非營利園財報/112學年度/N20柏翠_112學年度財務報告.pdf,非營利園財報,112學年度,N20柏翠_112學年度財務報告.pdf,8.66,41,0,41,0,0.0,True
非營利園財報/112學年度/N21文創_112學年度財務報告.pdf,非營利園財報,112學年度,N21文創_112學年度財務報告.pdf,7.02,38,0,38,0,0.0,True
非營利園財報/112學年度/N22文仁_112學年度財務報告.pdf,非營利園財報,112學年度,N22文仁_112學年度財務報告.pdf,7.12,38,0,38,0,0.0,True
非營利園財報/112學年度/N23菁湖_112學年度財務報告.pdf,非營利園財報,112學年度,N23菁湖_112學年度財務報告.pdf,8.15,41,0,41,0,0.0,True
非營利園財報/112學年度/N24佳林_112學年度財務報告.pdf,非營利園財報,112學年度,N24佳林_112學年度財務報告.pdf,8.05,40,0,40,0,0.0,True
非營利園財報/112學年度/N25碧城_112學年度財務報告.pdf,非營利園財報,112學年度,N25碧城_112學年度財務報告.pdf,8.16,40,0,40,0,0.0,True
非營利園財報/112學年度/N26新店及人_112學年度財務報告.pdf,非營利園財報,112學年度,N26新店及人_112學年度財務報告.pdf,7.57,38,0,38,0,0.0,True
非營利園財報/112學年度/N27育平_112學年度財務報告.pdf,非營利園財報,112學年度,N27育平_112學年度財務報告.pdf,7.31,39,0,39,0,0.0,True
非營利園財報/112學年度/N28新樂_112學年度財務報告.pdf,非營利園財報,112學年度,N28新樂_112學年度財務報告.pdf,9.27,45,0,45,0,0.0,True
非營利園財報/112學年度/N29東湖_112學年度財務報告.pdf,非營利園財報,112學年度,N29東湖_112學年度財務報告.pdf,8.07,41,0,41,0,0.0,True
非營利園財報/112學年度/N30文中_112學年度財務報告.pdf,非營利園財報,112學年度,N30文中_112學年度財務報告.pdf,9.82,49,0,49,0,0.0,True
非營利園財報/112學年度/N31翠中_112學年度財務報告.pdf,非營利園財報,112學年度,N31翠中_112學年度財務報告.pdf,8.17,41,0,41,0,0.0,True
非營利園財報/112學年度/N32板橋員工子女_112學年度財務報告.pdf,非營利園財報,112學年度,N32板橋員工子女_112學年度財務報告.pdf,7.34,36,0,36,0,0.0,True
非營利園財報/112學年度/N33淡海_112學年度財務報告.pdf,非營利園財報,112學年度,N33淡海_112學年度財務報告.pdf,6.89,34,0,34,0,0.0,True
非營利園財報/112學年度/N34佳和_112學年度財務報告.pdf,非營利園財報,112學年度,N34佳和_112學年度財務報告.pdf,8.77,43,0,43,0,0.0,True
非營利園財報/113學年度/N01安溪_113學年度財務報告.pdf,非營利園財報,113學年度,N01安溪_113學年度財務報告.pdf,15.91,42,1,41,142,0.024,True
非營利園財報/113學年度/N02山北_113學年度財務報告.pdf,非營利園財報,113學年度,N02山北_113學年度財務報告.pdf,13.19,37,1,36,150,0.027,True
非營利園財報/113學年度/N03龍埔成長_113學年度財務報告.pdf,非營利園財報,113學年度,N03龍埔成長_113學年度財務報告.pdf,13.58,38,1,37,139,0.026,True
非營利園財報/113學年度/N04海工_113學年度財務報告.pdf,非營利園財報,113學年度,N04海工_113學年度財務報告.pdf,13.24,37,1,36,151,0.027,True
非營利園財報/113學年度/N05漢翔_113學年度財務報告.pdf,非營利園財報,113學年度,N05漢翔_113學年度財務報告.pdf,16.02,42,1,41,146,0.024,True
非營利園財報/113學年度/N06昌平_113學年度財務報告.pdf,非營利園財報,113學年度,N06昌平_113學年度財務報告.pdf,15.37,40,1,39,146,0.025,True
非營利園財報/113學年度/N07北大_113學年度財務報告.pdf,非營利園財報,113學年度,N07北大_113學年度財務報告.pdf,18.42,45,1,44,154,0.022,True
非營利園財報/113學年度/N08鷺江_113學年度財務報告.pdf,非營利園財報,113學年度,N08鷺江_113學年度財務報告.pdf,15.92,41,1,40,142,0.024,True
非營利園財報/113學年度/N09安興_113學年度財務報告.pdf,非營利園財報,113學年度,N09安興_113學年度財務報告.pdf,15.8,41,1,40,148,0.024,True
非營利園財報/113學年度/N10大觀_113學年度財務報告.pdf,非營利園財報,113學年度,N10大觀_113學年度財務報告.pdf,16.81,43,1,42,147,0.023,True
非營利園財報/113學年度/N11新林_113學年度財務報告.pdf,非營利園財報,113學年度,N11新林_113學年度財務報告.pdf,15.21,39,1,38,149,0.026,True
非營利園財報/113學年度/N12昌福_113學年度財務報告.pdf,非營利園財報,113學年度,N12昌福_113學年度財務報告.pdf,14.21,38,1,37,148,0.026,True
非營利園財報/113學年度/N13三多_113學年度財務報告.pdf,非營利園財報,113學年度,N13三多_113學年度財務報告.pdf,15.55,41,1,40,153,0.024,True
非營利園財報/113學年度/N14積穗_113學年度財務報告.pdf,非營利園財報,113學年度,N14積穗_113學年度財務報告.pdf,17.87,45,1,44,147,0.022,True
非營利園財報/113學年度/N15新月_113學年度財務報告.pdf,非營利園財報,113學年度,N15新月_113學年度財務報告.pdf,19.75,48,1,47,145,0.021,True
非營利園財報/113學年度/N16中平_113學年度財務報告.pdf,非營利園財報,113學年度,N16中平_113學年度財務報告.pdf,16.66,42,1,41,148,0.024,True
非營利園財報/113學年度/N17中正_113學年度財務報告.pdf,非營利園財報,113學年度,N17中正_113學年度財務報告.pdf,14.91,39,1,38,152,0.026,True
非營利園財報/113學年度/N18福營_113學年度財務報告.pdf,非營利園財報,113學年度,N18福營_113學年度財務報告.pdf,15.78,41,1,40,144,0.024,True
非營利園財報/113學年度/N19中園_113學年度財務報告.pdf,非營利園財報,113學年度,N19中園_113學年度財務報告.pdf,13.99,38,1,37,142,0.026,True
非營利園財報/113學年度/N20柏翠_113學年度財務報告.pdf,非營利園財報,113學年度,N20柏翠_113學年度財務報告.pdf,16.11,42,1,41,142,0.024,True
非營利園財報/113學年度/N21文創_113學年度財務報告.pdf,非營利園財報,113學年度,N21文創_113學年度財務報告.pdf,14.21,38,1,37,156,0.026,True
非營利園財報/113學年度/N22文仁_113學年度財務報告.pdf,非營利園財報,113學年度,N22文仁_113學年度財務報告.pdf,13.78,38,1,37,152,0.026,True
非營利園財報/113學年度/N23菁湖_113學年度財務報告.pdf,非營利園財報,113學年度,N23菁湖_113學年度財務報告.pdf,15.77,41,1,40,142,0.024,True
非營利園財報/113學年度/N24佳林_113學年度財務報告.pdf,非營利園財報,113學年度,N24佳林_113學年度財務報告.pdf,15.56,41,1,40,142,0.024,True
非營利園財報/113學年度/N25碧城_113學年度財務報告.pdf,非營利園財報,113學年度,N25碧城_113學年度財務報告.pdf,15.71,41,1,40,153,0.024,True
非營利園財報/113學年度/N26新店及人_113學年度財務報告.pdf,非營利園財報,113學年度,N26新店及人_113學年度財務報告.pdf,13.95,37,1,36,143,0.027,True
非營利園財報/113學年度/N27育平_113學年度財務報告.pdf,非營利園財報,113學年度,N27育平_113學年度財務報告.pdf,13.97,37,1,36,143,0.027,True
非營利園財報/113學年度/N28新樂_113學年度財務報告.pdf,非營利園財報,113學年度,N28新樂_113學年度財務報告.pdf,17.77,44,1,43,143,0.023,True
非營利園財報/113學年度/N29東湖_113學年度財務報告.pdf,非營利園財報,113學年度,N29東湖_113學年度財務報告.pdf,14.92,40,1,39,147,0.025,True
非營利園財報/113學年度/N30文中_113學年度財務報告.pdf,非營利園財報,113學年度,N30文中_113學年度財務報告.pdf,19.98,48,1,47,141,0.021,True
非營利園財報/113學年度/N31翠中_113學年度財務報告.pdf,非營利園財報,113學年度,N31翠中_113學年度財務報告.pdf,15.14,40,1,39,141,0.025,True
非營利園財報/113學年度/N32板橋員工子女_113學年度財務報告.pdf,非營利園財報,113學年度,N32板橋員工子女_113學年度財務報告.pdf,12.7,35,1,34,153,0.029,True
非營利園財報/113學年度/N33淡海_113學年度財務報告.pdf,非營利園財報,113學年度,N33淡海_113學年度財務報告.pdf,12.91,36,1,35,141,0.028,True
非營利園財報/113學年度/N34佳和_113學年度財務報告.pdf,非營利園財報,113學年度,N34佳和_113學年度財務報告.pdf,18.12,46,1,45,147,0.022,True
非營利園財報/113學年度/N35桃子腳_113學年度財務報告.pdf,非營利園財報,113學年度,N35桃子腳_113學年度財務報告.pdf,16.49,41,1,40,133,0.024,True
非營利園財報/113學年度/N36明德_113學年度財務報告.pdf,非營利園財報,113學年度,N36明德_113學年度財務報告.pdf,14.37,38,1,37,136,0.026,True
非營利園財報/113學年度/N37清水高中_113學年度財務報告.pdf,非營利園財報,113學年度,N37清水高中_113學年度財務報告.pdf,12.81,35,1,34,136,0.029,True
非營利園財報/113學年度/N38崁頂_113學年度財務報告.pdf,非營利園財報,113學年度,N38崁頂_113學年度財務報告.pdf,11.82,33,1,32,133,0.03,True
