report_file,report_key,code,short_name,academic_year,entity,report_operator,contract_period,registry_ids,registry_titles,registry_operators,registry_reg_dates,operator_matched_ids,operator_match,contract_covers_year,candidate_count,entity_count,report_capacity,registry_capacities,capacity_exact_match,capacity_gap_min,join_status,join_evidence
N01_安溪_110.json,N01_110,N01,安溪,110,新北市安溪非營利幼兒園,社團法人桃園市教保服務人員協會,108年8月1日至112年7月31日,"[""ecca529e-994f-430d-a4dd-571fbf742e40""]","[""新北市安溪非營利幼兒園(委託社團法人桃園市教保服務人員協會辦理)""]","[""社團法人桃園市教保服務人員協會""]","[""2016/01/15""]","[""ecca529e-994f-430d-a4dd-571fbf742e40""]",True,True,1,1,90,[136],False,46,matched,short_name:1_candidate(s);entity:1;operator:1_matched_uuid(s);contract:covered;capacity:gap:46
N01_安溪_111.json,N01_111,N01,安溪,111,新北市安溪非營利幼兒園,社團法人桃園市教保服務人員協會,108年8月1日至112年7月31日,"[""ecca529e-994f-430d-a4dd-571fbf742e40""]","[""新北市安溪非營利幼兒園(委託社團法人桃園市教保服務人員協會辦理)""]","[""社團法人桃園市教保服務人員協會""]","[""2016/01/15""]","[""ecca529e-994f-430d-a4dd-571fbf742e40""]",True,True,1,1,136,[136],True,0,matched,short_name:1_candidate(s);entity:1;operator:1_matched_uuid(s);contract:covered;capacity:exact
N01_安溪_112.json,N01_112,N01,安溪,112,新北市安溪非營利幼兒園,社團法人桃園市教保服務人員協會,112年8月1日至116年7月31日,"[""ecca529e-994f-430d-a4dd-571fbf742e40""]","[""新北市安溪非營利幼兒園(委託社團法人桃園市教保服務人員協會辦理)""]","[""社團法人桃園市教保服務人員協會""]","[""2016/01/15""]","[""ecca529e-994f-430d-a4dd-571fbf742e40""]",True,True,1,1,136,[136],True,0,matched,short_name:1_candidate(s);entity:1;operator:1_matched_uuid(s);contract:covered;capacity:exact
N01_安溪_113.json,N01_113,N01,安溪,113,新北市安溪非營利幼兒園,社團法人桃園市教保服務人員協會,112年8月1日至116年7月31日,"[""ecca529e-994f-430d-a4dd-571fbf742e40""]","[""新北市安溪非營利幼兒園(委託社團法人桃園市教保服務人員協會辦理)""]","[""社團法人桃園市教保服務人員協會""]","[""2016/01/15""]","[""ecca529e-994f-430d-a4dd-571fbf742e40""]",True,True,1,1,120,[136],False,16,matched,short_name:1_candidate(s);entity:1;operator:1_matched_uuid(s);contract:covered;capacity:gap:16
N02_山北_110.json,N02_110,N02,山北,110,新北市山北非營利幼兒園,財團法人三之三生命教育基金會,108年8月1日至112年7月31日,"[""4799786c-53b9-4c85-8bd9-7aab89eed5b9""]","[""新北市山北非營利幼兒園（委託財團法人三之三生命教育基金會辦理）""]","[""財團法人三之三生命教育基金會""]","[""2008/01/24""]","[""4799786c-53b9-4c85-8bd9-7aab89eed5b9""]",True,True,1,1,90,[90],True,0,matched,short_name:1_candidate(s);entity:1;operator:1_matched_uuid(s);contract:covered;capacity:exact
N02_山北_111.json,N02_111,N02,山北,111,新北市山北非營利幼兒園,財團法人三之三生命教育基金會,108年8月1日至112年7月31日,"[""4799786c-53b9-4c85-8bd9-7aab89eed5b9""]","[""新北市山北非營利幼兒園（委託財團法人三之三生命教育基金會辦理）""]","[""財團法人三之三生命教育基金會""]","[""2008/01/24""]","[""4799786c-53b9-4c85-8bd9-7aab89eed5b9""]",True,True,1,1,90,[90],True,0,matched,short_name:1_candidate(s);entity:1;operator:1_matched_uuid(s);contract:covered;capacity:exact
N02_山北_112.json,N02_112,N02,山北,112,新北市山北非營利幼兒園,財團法人三之三生命教育基金會,112年8月1日至116年7月31日,"[""4799786c-53b9-4c85-8bd9-7aab89eed5b9""]","[""新北市山北非營利幼兒園（委託財團法人三之三生命教育基金會辦理）""]","[""財團法人三之三生命教育基金會""]","[""2008/01/24""]","[""4799786c-53b9-4c85-8bd9-7aab89eed5b9""]",True,True,1,1,90,[90],True,0,matched,short_name:1_candidate(s);entity:1;operator:1_matched_uuid(s);contract:covered;capacity:exact
N02_山北_113.json,N02_113,N02,山北,113,新北市山北非營利幼兒園,財團法人三之三生命教育基金會,112年8月1日至116年7月31日,"[""4799786c-53b9-4c85-8bd9-7aab89eed5b9""]","[""新北市山北非營利幼兒園（委託財團法人三之三生命教育基金會辦理）""]","[""財團法人三之三生命教育基金會""]","[""2008/01/24""]","[""4799786c-53b9-4c85-8bd9-7aab89eed5b9""]",True,True,1,1,86,[90],False,4,matched,short_name:1_candidate(s);entity:1;operator:1_matched_uuid(s);contract:covered;capacity:gap:4
N03_龍埔成長_110.json,N03_110,N03,龍埔成長,110,新北市龍埔成長非營利幼兒園,財團法人成長文教基金會,109年8月1日至113年7月31日,"[""2ba5208c-7438-4216-95eb-6e6b2ac29280""]","[""新北市龍埔成長非營利幼兒園(委託財團法人成長文教基金會辦理)""]","[""財團法人成長文教基金會""]","[""2012/08/01""]","[""2ba5208c-7438-4216-95eb-6e6b2ac29280""]",True,True,1,1,90,[90],True,0,matched,short_name:1_candidate(s);entity:1;operator:1_matched_uuid(s);contract:covered;capacity:exact
N03_龍埔成長_111.json,N03_111,N03,龍埔成長,111,新北市龍埔成長非營利幼兒園,財團法人成長文教基金會,109年8月1日至113年7月31日,"[""2ba5208c-7438-4216-95eb-6e6b2ac29280""]","[""新北市龍埔成長非營利幼兒園(委託財團法人成長文教基金會辦理)""]","[""財團法人成長文教基金會""]","[""2012/08/01""]","[""2ba5208c-7438-4216-95eb-6e6b2ac29280""]",True,True,1,1,90,[90],True,0,matched,short_name:1_candidate(s);entity:1;operator:1_matched_uuid(s);contract:covered;capacity:exact
N03_龍埔成長_112.json,N03_112,N03,龍埔成長,112,新北市龍埔成長非營利幼兒園,財團法人成長文教基金會,109年8月1日至113年7月31日,"[""2ba5208c-7438-4216-95eb-6e6b2ac29280""]","[""新北市龍埔成長非營利幼兒園(委託財團法人成長文教基金會辦理)""]","[""財團法人成長文教基金會""]","[""2012/08/01""]","[""2ba5208c-7438-4216-95eb-6e6b2ac29280""]",True,True,1,1,90,[90],True,0,matched,short_name:1_candidate(s);entity:1;operator:1_matched_uuid(s);contract:covered;capacity:exact
N03_龍埔成長_113.json,N03_113,N03,龍埔成長,113,新北市龍埔成長非營利幼兒園,財團法人成長文教基金會,113年8月1日至117年7月31日,"[""2ba5208c-7438-4216-95eb-6e6b2ac29280""]","[""新北市龍埔成長非營利幼兒園(委託財團法人成長文教基金會辦理)""]","[""財團法人成長文教基金會""]","[""2012/08/01""]","[""2ba5208c-7438-4216-95eb-6e6b2ac29280""]",True,True,1,1,72,[90],False,18,matched,short_name:1_candidate(s);entity:1;operator:1_matched_uuid(s);contract:covered;capacity:gap:18
N04_海工_110.json,N04_110,N04,海工,110,新北市海工非營利幼兒園,社團法人新北市幼兒成長協會,109年8月1日至113年7月31日,"[""58793408-a677-46c0-b5cf-d1951e8d84e9""]","[""新北市海工非營利幼兒園(委託社團法人新北市幼兒成長協會辦理)""]","[""社團法人新北市幼兒成長協會""]","[""2002/04/22""]","[""58793408-a677-46c0-b5cf-d1951e8d84e9""]",True,True,1,1,60,[60],True,0,matched,short_name:1_candidate(s);entity:1;operator:1_matched_uuid(s);contract:covered;capacity:exact
N04_海工_111.json,N04_111,N04,海工,111,新北市海工非營利幼兒園,社團法人新北市幼兒成長協會,109年8月1日至113年7月31日,"[""58793408-a677-46c0-b5cf-d1951e8d84e9""]","[""新北市海工非營利幼兒園(委託社團法人新北市幼兒成長協會辦理)""]","[""社團法人新北市幼兒成長協會""]","[""2002/04/22""]","[""58793408-a677-46c0-b5cf-d1951e8d84e9""]",True,True,1,1,60,[60],True,0,matched,short_name:1_candidate(s);entity:1;operator:1_matched_uuid(s);contract:covered;capacity:exact
N04_海工_112.json,N04_112,N04,海工,112,新北市海工非營利幼兒園,社團法人新北市幼兒成長協會,109年8月1日至113年7月31日,"[""58793408-a677-46c0-b5cf-d1951e8d84e9""]","[""新北市海工非營利幼兒園(委託社團法人新北市幼兒成長協會辦理)""]","[""社團法人新北市幼兒成長協會""]","[""2002/04/22""]","[""58793408-a677-46c0-b5cf-d1951e8d84e9""]",True,True,1,1,60,[60],True,0,matched,short_name:1_candidate(s);entity:1;operator:1_matched_uuid(s);contract:covered;capacity:exact
N04_海工_113.json,N04_113,N04,海工,113,新北市海工非營利幼兒園,社團法人新北市幼兒成長協會,113年8月1日至117年7月31日,"[""58793408-a677-46c0-b5cf-d1951e8d84e9""]","[""新北市海工非營利幼兒園(委託社團法人新北市幼兒成長協會辦理)""]","[""社團法人新北市幼兒成長協會""]","[""2002/04/22""]","[""58793408-a677-46c0-b5cf-d1951e8d84e9""]",True,True,1,1,48,[60],False,12,matched,short_name:1_candidate(s);entity:1;operator:1_matched_uuid(s);contract:covered;capacity:gap:12
N05_漢翔_110.json,N05_110,N05,漢翔,110,新北市漢翔非營利幼兒園,財團法人三之三生命教育基金會,109年8月1日至113年7月31日,"[""4515ce65-195a-42c3-87f6-128d59f9aade""]","[""新北市漢翔非營利幼兒園(委託財團法人三之三生命教育基金會辦理)""]","[""財團法人三之三生命教育基金會""]","[""2016/10/31""]","[""4515ce65-195a-42c3-87f6-128d59f9aade""]",True,True,1,1,76,[76],True,0,matched,short_name:1_candidate(s);entity:1;operator:1_matched_uuid(s);contract:covered;capacity:exact
N05_漢翔_111.json,N05_111,N05,漢翔,111,新北市漢翔非營利幼兒園,財團法人三之三生命教育基金會,109年8月1日至113年7月31日,"[""4515ce65-195a-42c3-87f6-128d59f9aade""]","[""新北市漢翔非營利幼兒園(委託財團法人三之三生命教育基金會辦理)""]","[""財團法人三之三生命教育基金會""]","[""2016/10/31""]","[""4515ce65-195a-42c3-87f6-128d59f9aade""]",True,True,1,1,76,[76],True,0,matched,short_name:1_candidate(s);entity:1;operator:1_matched_uuid(s);contract:covered;capacity:exact
N05_漢翔_112.json,N05_112,N05,漢翔,112,新北市漢翔非營利幼兒園,財團法人三之三生命教育基金會,109年8月1日至113年7月31日,"[""4515ce65-195a-42c3-87f6-128d59f9aade""]","[""新北市漢翔非營利幼兒園(委託財團法人三之三生命教育基金會辦理)""]","[""財團法人三之三生命教育基金會""]","[""2016/10/31""]","[""4515ce65-195a-42c3-87f6-128d59f9aade""]",True,True,1,1,76,[76],True,0,matched,short_name:1_candidate(s);entity:1;operator:1_matched_uuid(s);contract:covered;capacity:exact
N05_漢翔_113.json,N05_113,N05,漢翔,113,新北市漢翔非營利幼兒園,財團法人三之三生命教育基金會,113年8月1日至117年7月31日,"[""4515ce65-195a-42c3-87f6-128d59f9aade""]","[""新北市漢翔非營利幼兒園(委託財團法人三之三生命教育基金會辦理)""]","[""財團法人三之三生命教育基金會""]","[""2016/10/31""]","[""4515ce65-195a-42c3-87f6-128d59f9aade""]",True,True,1,1,72,[76],False,4,matched,short_name:1_candidate(s);entity:1;operator:1_matched_uuid(s);contract:covered;capacity:gap:4
N06_昌平_110.json,N06_110,N06,昌平,110,新北市昌平非營利幼兒園,財團法人三之三生命教育基金會,110年8月1日至114年7月31日,"[""a3ec15ec-696c-44e0-a3a7-5bd00f9367d0""]","[""新北市昌平非營利幼兒園（委託財團法人三之三生命教育基金會辦理）""]","[""財團法人三之三生命教育基金會""]","[""2017/07/13""]","[""a3ec15ec-696c-44e0-a3a7-5bd00f9367d0""]",True,True,1,1,120,[120],True,0,matched,short_name:1_candidate(s);entity:1;operator:1_matched_uuid(s);contract:covered;capacity:exact
N06_昌平_111.json,N06_111,N06,昌平,111,新北市昌平非營利幼兒園,財團法人三之三生命教育基金會,110年8月1日至114年7月31日,"[""a3ec15ec-696c-44e0-a3a7-5bd00f9367d0""]","[""新北市昌平非營利幼兒園（委託財團法人三之三生命教育基金會辦理）""]","[""財團法人三之三生命教育基金會""]","[""2017/07/13""]","[""a3ec15ec-696c-44e0-a3a7-5bd00f9367d0""]",True,True,1,1,120,[120],True,0,matched,short_name:1_candidate(s);entity:1;operator:1_matched_uuid(s);contract:covered;capacity:exact
N06_昌平_112.json,N06_112,N06,昌平,112,新北市昌平非營利幼兒園,財團法人三之三生命教育基金會,110年8月1日至114年7月31日,"[""a3ec15ec-696c-44e0-a3a7-5bd00f9367d0""]","[""新北市昌平非營利幼兒園（委託財團法人三之三生命教育基金會辦理）""]","[""財團法人三之三生命教育基金會""]","[""2017/07/13""]","[""a3ec15ec-696c-44e0-a3a7-5bd00f9367d0""]",True,True,1,1,120,[120],True,0,matched,short_name:1_candidate(s);entity:1;operator:1_matched_uuid(s);contract:covered;capacity:exact
N06_昌平_113.json,N06_113,N06,昌平,113,新北市昌平非營利幼兒園,財團法人三之三生命教育基金會,110年8月1日至114年7月31日,"[""a3ec15ec-696c-44e0-a3a7-5bd00f9367d0""]","[""新北市昌平非營利幼兒園（委託財團法人三之三生命教育基金會辦理）""]","[""財團法人三之三生命教育基金會""]","[""2017/07/13""]","[""a3ec15ec-696c-44e0-a3a7-5bd00f9367d0""]",True,True,1,1,112,[120],False,8,matched,short_name:1_candidate(s);entity:1;operator:1_matched_uuid(s);contract:covered;capacity:gap:8
N07_北大_110.json,N07_110,N07,北大,110,新北市北大非營利幼兒園,社團法人中華音樂舞蹈暨表演藝術教育協會,110年8月1日至114年7月31日,"[""1bccb4da-f81d-4c79-b1ca-45d120d2d0be"",""68858ac0-2407-4d98-953d-3ee4c9986042""]","[""新北市北大非營利幼兒園(委託明新學校財團法人明新科技大學辦理)"",""新北市北大非營利幼兒園(委託社團法人中華音樂舞蹈暨表演藝術教育協會辦理)""]","[""明新學校財團法人明新科技大學"",""社團法人中華音樂舞蹈暨表演藝術教育協會""]","[""2017/06/28"",""2017/06/28""]","[""68858ac0-2407-4d98-953d-3ee4c9986042""]",True,True,2,1,150,[182],False,32,matched,short_name:2_candidate(s);entity:1;operator:1_matched_uuid(s);contract:covered;capacity:gap:32
N07_北大_111.json,N07_111,N07,北大,111,新北市北大非營利幼兒園,社團法人中華音樂舞蹈暨表演藝術教育協會,110年8月1日至114年7月31日,"[""1bccb4da-f81d-4c79-b1ca-45d120d2d0be"",""68858ac0-2407-4d98-953d-3ee4c9986042""]","[""新北市北大非營利幼兒園(委託明新學校財團法人明新科技大學辦理)"",""新北市北大非營利幼兒園(委託社團法人中華音樂舞蹈暨表演藝術教育協會辦理)""]","[""明新學校財團法人明新科技大學"",""社團法人中華音樂舞蹈暨表演藝術教育協會""]","[""2017/06/28"",""2017/06/28""]","[""68858ac0-2407-4d98-953d-3ee4c9986042""]",True,True,2,1,182,[182],True,0,matched,short_name:2_candidate(s);entity:1;operator:1_matched_uuid(s);contract:covered;capacity:exact
N07_北大_112.json,N07_112,N07,北大,112,新北市北大非營利幼兒園,社團法人中華音樂舞蹈暨表演藝術教育協會,110年8月1日至114年7月31日,"[""1bccb4da-f81d-4c79-b1ca-45d120d2d0be"",""68858ac0-2407-4d98-953d-3ee4c9986042""]","[""新北市北大非營利幼兒園(委託明新學校財團法人明新科技大學辦理)"",""新北市北大非營利幼兒園(委託社團法人中華音樂舞蹈暨表演藝術教育協會辦理)""]","[""明新學校財團法人明新科技大學"",""社團法人中華音樂舞蹈暨表演藝術教育協會""]","[""2017/06/28"",""2017/06/28""]","[""68858ac0-2407-4d98-953d-3ee4c9986042""]",True,True,2,1,182,[182],True,0,matched,short_name:2_candidate(s);entity:1;operator:1_matched_uuid(s);contract:covered;capacity:exact
N07_北大_113.json,N07_113,N07,北大,113,新北市北大非營利幼兒園,社團法人中華音樂舞蹈暨表演藝術教育協會,110年8月1日至114年7月31日,"[""1bccb4da-f81d-4c79-b1ca-45d120d2d0be"",""68858ac0-2407-4d98-953d-3ee4c9986042""]","[""新北市北大非營利幼兒園(委託明新學校財團法人明新科技大學辦理)"",""新北市北大非營利幼兒園(委託社團法人中華音樂舞蹈暨表演藝術教育協會辦理)""]","[""明新學校財團法人明新科技大學"",""社團法人中華音樂舞蹈暨表演藝術教育協會""]","[""2017/06/28"",""2017/06/28""]","[""68858ac0-2407-4d98-953d-3ee4c9986042""]",True,True,2,1,162,[182],False,20,matched,short_name:2_candidate(s);entity:1;operator:1_matched_uuid(s);contract:covered;capacity:gap:20
N08_鷺江_110.json,N08_110,N08,鷺江,110,新北市鷺江非營利幼兒園,財團法人彭婉如文教基金會,中華民國110年8月1日至114年7月31日,"[""bc0ac35c-44a5-42f4-8c4e-b1f810ee4201""]","[""新北市鷺江非營利幼兒園(委託財團法人彭婉如文教基金會辦理)""]","[""財團法人彭婉如文教基金會""]","[""2017/07/06""]","[""bc0ac35c-44a5-42f4-8c4e-b1f810ee4201""]",True,True,1,1,106,[106],True,0,matched,short_name:1_candidate(s);entity:1;operator:1_matched_uuid(s);contract:covered;capacity:exact
N08_鷺江_111.json,N08_111,N08,鷺江,111,新北市鷺江非營利幼兒園,財團法人彭婉如文教基金會,中華民國110年8月1日至114年7月31日,"[""bc0ac35c-44a5-42f4-8c4e-b1f810ee4201""]","[""新北市鷺江非營利幼兒園(委託財團法人彭婉如文教基金會辦理)""]","[""財團法人彭婉如文教基金會""]","[""2017/07/06""]","[""bc0ac35c-44a5-42f4-8c4e-b1f810ee4201""]",True,True,1,1,106,[106],True,0,matched,short_name:1_candidate(s);entity:1;operator:1_matched_uuid(s);contract:covered;capacity:exact
N08_鷺江_112.json,N08_112,N08,鷺江,112,新北市鷺江非營利幼兒園,財團法人彭婉如文教基金會,中華民國110年8月1日至114年7月31日,"[""bc0ac35c-44a5-42f4-8c4e-b1f810ee4201""]","[""新北市鷺江非營利幼兒園(委託財團法人彭婉如文教基金會辦理)""]","[""財團法人彭婉如文教基金會""]","[""2017/07/06""]","[""bc0ac35c-44a5-42f4-8c4e-b1f810ee4201""]",True,True,1,1,106,[106],True,0,matched,short_name:1_candidate(s);entity:1;operator:1_matched_uuid(s);contract:covered;capacity:exact
N08_鷺江_113.json,N08_113,N08,鷺江,113,新北市鷺江非營利幼兒園,財團法人彭婉如文教基金會,中華民國110年8月1日至114年7月31日,"[""bc0ac35c-44a5-42f4-8c4e-b1f810ee4201""]","[""新北市鷺江非營利幼兒園(委託財團法人彭婉如文教基金會辦理)""]","[""財團法人彭婉如文教基金會""]","[""2017/07/06""]","[""bc0ac35c-44a5-42f4-8c4e-b1f810ee4201""]",True,True,1,1,100,[106],False,6,matched,short_name:1_candidate(s);entity:1;operator:1_matched_uuid(s);contract:covered;capacity:gap:6
N09_安興_110.json,N09_110,N09,安興,110,新北市安興非營利幼兒園,社團法人臺灣兒童教育發展協會,110年8月1日至114年7月31日,"[""0e702c3b-1483-4347-a88e-1b31274146b7"",""4364b579-747e-47d9-b6c2-6d8f630e33da""]","[""新北市安興非營利幼兒園(委託社團法人臺灣兒童教育發展協會辦理)"",""新北市安興非營利幼兒園(委託財團法人仁德醫護管理專科學校辦理)""]","[""社團法人臺灣兒童教育發展協會"",""財團法人仁德醫護管理專科學校""]","[""2018/07/05"",""2018/07/05""]","[""0e702c3b-1483-4347-a88e-1b31274146b7""]",True,True,2,1,60,[60],True,0,matched,short_name:2_candidate(s);entity:1;operator:1_matched_uuid(s);contract:covered;capacity:exact
N09_安興_111.json,N09_111,N09,安興,111,新北市安興非營利幼兒園,社團法人臺灣兒童教育發展協會,110年8月1日至114年7月31日,"[""0e702c3b-1483-4347-a88e-1b31274146b7"",""4364b579-747e-47d9-b6c2-6d8f630e33da""]","[""新北市安興非營利幼兒園(委託社團法人臺灣兒童教育發展協會辦理)"",""新北市安興非營利幼兒園(委託財團法人仁德醫護管理專科學校辦理)""]","[""社團法人臺灣兒童教育發展協會"",""財團法人仁德醫護管理專科學校""]","[""2018/07/05"",""2018/07/05""]","[""0e702c3b-1483-4347-a88e-1b31274146b7""]",True,True,2,1,60,[60],True,0,matched,short_name:2_candidate(s);entity:1;operator:1_matched_uuid(s);contract:covered;capacity:exact
N09_安興_112.json,N09_112,N09,安興,112,新北市安興非營利幼兒園,社團法人臺灣兒童教育發展協會,110年8月1日至114年7月31日,"[""0e702c3b-1483-4347-a88e-1b31274146b7"",""4364b579-747e-47d9-b6c2-6d8f630e33da""]","[""新北市安興非營利幼兒園(委託社團法人臺灣兒童教育發展協會辦理)"",""新北市安興非營利幼兒園(委託財團法人仁德醫護管理專科學校辦理)""]","[""社團法人臺灣兒童教育發展協會"",""財團法人仁德醫護管理專科學校""]","[""2018/07/05"",""2018/07/05""]","[""0e702c3b-1483-4347-a88e-1b31274146b7""]",True,True,2,1,60,[60],True,0,matched,short_name:2_candidate(s);entity:1;operator:1_matched_uuid(s);contract:covered;capacity:exact
N09_安興_113.json,N09_113,N09,安興,113,新北市安興非營利幼兒園,社團法人臺灣兒童教育發展協會,110年8月1日至114年7月31日,"[""0e702c3b-1483-4347-a88e-1b31274146b7"",""4364b579-747e-47d9-b6c2-6d8f630e33da""]","[""新北市安興非營利幼兒園(委託社團法人臺灣兒童教育發展協會辦理)"",""新北市安興非營利幼兒園(委託財團法人仁德醫護管理專科學校辦理)""]","[""社團法人臺灣兒童教育發展協會"",""財團法人仁德醫護管理專科學校""]","[""2018/07/05"",""2018/07/05""]","[""0e702c3b-1483-4347-a88e-1b31274146b7""]",True,True,2,1,52,[60],False,8,matched,short_name:2_candidate(s);entity:1;operator:1_matched_uuid(s);contract:covered;capacity:gap:8
N10_大觀_110.json,N10_110,N10,大觀,110,新北市大觀非營利幼兒園,社團法人新北市中華國際嬰幼兒發展學會,107年8月1日至111年7月31日,"[""f3f500d9-6da4-487a-bc60-c3c7547b87ec""]","[""新北市大觀非營利幼兒園(委託社團法人新北市中華國際嬰幼兒發展學會辦理)""]","[""社團法人新北市中華國際嬰幼兒發展學會""]","[""2018/07/05""]","[""f3f500d9-6da4-487a-bc60-c3c7547b87ec""]",True,True,1,1,106,[106],True,0,matched,short_name:1_candidate(s);entity:1;operator:1_matched_uuid(s);contract:covered;capacity:exact
N10_大觀_111.json,N10_111,N10,大觀,111,新北市大觀非營利幼兒園,社團法人新北市中華國際嬰幼兒發展學會,111年8月1日至115年7月31日,"[""f3f500d9-6da4-487a-bc60-c3c7547b87ec""]","[""新北市大觀非營利幼兒園(委託社團法人新北市中華國際嬰幼兒發展學會辦理)""]","[""社團法人新北市中華國際嬰幼兒發展學會""]","[""2018/07/05""]","[""f3f500d9-6da4-487a-bc60-c3c7547b87ec""]",True,True,1,1,106,[106],True,0,matched,short_name:1_candidate(s);entity:1;operator:1_matched_uuid(s);contract:covered;capacity:exact
N10_大觀_112.json,N10_112,N10,大觀,112,新北市大觀非營利幼兒園,社團法人新北市中華國際嬰幼兒發展學會,111年8月1日至115年7月31日,"[""f3f500d9-6da4-487a-bc60-c3c7547b87ec""]","[""新北市大觀非營利幼兒園(委託社團法人新北市中華國際嬰幼兒發展學會辦理)""]","[""社團法人新北市中華國際嬰幼兒發展學會""]","[""2018/07/05""]","[""f3f500d9-6da4-487a-bc60-c3c7547b87ec""]",True,True,1,1,106,[106],True,0,matched,short_name:1_candidate(s);entity:1;operator:1_matched_uuid(s);contract:covered;capacity:exact
N10_大觀_113.json,N10_113,N10,大觀,113,新北市大觀非營利幼兒園,社團法人新北市中華國際嬰幼兒發展學會,111年8月1日至115年7月31日,"[""f3f500d9-6da4-487a-bc60-c3c7547b87ec""]","[""新北市大觀非營利幼兒園(委託社團法人新北市中華國際嬰幼兒發展學會辦理)""]","[""社團法人新北市中華國際嬰幼兒發展學會""]","[""2018/07/05""]","[""f3f500d9-6da4-487a-bc60-c3c7547b87ec""]",True,True,1,1,100,[106],False,6,matched,short_name:1_candidate(s);entity:1;operator:1_matched_uuid(s);contract:covered;capacity:gap:6
N11_新林_110.json,N11_110,N11,新林,110,新北市新林非營利幼兒園,社團法人中華音樂舞蹈暨表演藝術教育協會,107年8月1日至111年7月31日,"[""35be58a7-e52b-48ab-81f4-7467716b43bd"",""c831268b-0e52-44ec-932e-3969c173862f""]","[""新北市新林非營利幼兒園(委託社團法人中華音樂舞蹈暨表演藝術教育協會辦理)"",""新北市新林非營利幼兒園(委託明新學校財團法人明新科技大學辦理)""]","[""社團法人中華音樂舞蹈暨表演藝術教育協會"",""明新學校財團法人明新科技大學""]","[""2018/07/05"",""2018/07/05""]","[""35be58a7-e52b-48ab-81f4-7467716b43bd""]",True,True,2,1,136,[136],True,0,matched,short_name:2_candidate(s);entity:1;operator:1_matched_uuid(s);contract:covered;capacity:exact
N11_新林_111.json,N11_111,N11,新林,111,新北市新林非營利幼兒園,社團法人中華音樂舞蹈暨表演藝術教育協會,111年8月1日至115年7月31日,"[""35be58a7-e52b-48ab-81f4-7467716b43bd"",""c831268b-0e52-44ec-932e-3969c173862f""]","[""新北市新林非營利幼兒園(委託社團法人中華音樂舞蹈暨表演藝術教育協會辦理)"",""新北市新林非營利幼兒園(委託明新學校財團法人明新科技大學辦理)""]","[""社團法人中華音樂舞蹈暨表演藝術教育協會"",""明新學校財團法人明新科技大學""]","[""2018/07/05"",""2018/07/05""]","[""35be58a7-e52b-48ab-81f4-7467716b43bd""]",True,True,2,1,136,[136],True,0,matched,short_name:2_candidate(s);entity:1;operator:1_matched_uuid(s);contract:covered;capacity:exact
N11_新林_112.json,N11_112,N11,新林,112,新北市新林非營利幼兒園,社團法人中華音樂舞蹈暨表演藝術教育協會,111年8月1日至115年7月31日,"[""35be58a7-e52b-48ab-81f4-7467716b43bd"",""c831268b-0e52-44ec-932e-3969c173862f""]","[""新北市新林非營利幼兒園(委託社團法人中華音樂舞蹈暨表演藝術教育協會辦理)"",""新北市新林非營利幼兒園(委託明新學校財團法人明新科技大學辦理)""]","[""社團法人中華音樂舞蹈暨表演藝術教育協會"",""明新學校財團法人明新科技大學""]","[""2018/07/05"",""2018/07/05""]","[""35be58a7-e52b-48ab-81f4-7467716b43bd""]",True,True,2,1,136,[136],True,0,matched,short_name:2_candidate(s);entity:1;operator:1_matched_uuid(s);contract:covered;capacity:exact
N11_新林_113.json,N11_113,N11,新林,113,新北市新林非營利幼兒園,社團法人中華音樂舞蹈暨表演藝術教育協會,111年8月1日至115年7月31日,"[""35be58a7-e52b-48ab-81f4-7467716b43bd"",""c831268b-0e52-44ec-932e-3969c173862f""]","[""新北市新林非營利幼兒園(委託社團法人中華音樂舞蹈暨表演藝術教育協會辦理)"",""新北市新林非營利幼兒園(委託明新學校財團法人明新科技大學辦理)""]","[""社團法人中華音樂舞蹈暨表演藝術教育協會"",""明新學校財團法人明新科技大學""]","[""2018/07/05"",""2018/07/05""]","[""35be58a7-e52b-48ab-81f4-7467716b43bd""]",True,True,2,1,128,[136],False,8,matched,short_name:2_candidate(s);entity:1;operator:1_matched_uuid(s);contract:covered;capacity:gap:8
N12_昌福_110.json,N12_110,N12,昌福,110,新北市昌福非營利幼兒園,中華民國文教產業發展暨補習服務品保協會,107年8月1日至111年7月31日,"[""347c8be8-1ab1-43ed-a4d0-cdba52c6a9b7"",""a5e0ee45-b08c-455e-85a0-090eadbbd883""]","[""新北市昌福非營利幼兒園（委託明新學校財團法人明新科技大學辦理）"",""新北市昌福非營利幼兒園(委託中華民國文教產業發展暨補習服務品保協會辦理)""]","[""明新學校財團法人明新科技大學"",""中華民國文教產業發展暨補習服務品保協會""]","[""2018/07/20"",""2018/07/20""]","[""a5e0ee45-b08c-455e-85a0-090eadbbd883""]",True,True,2,1,90,[90],True,0,matched,short_name:2_candidate(s);entity:1;operator:1_matched_uuid(s);contract:covered;capacity:exact
N12_昌福_111.json,N12_111,N12,昌福,111,新北市昌福非營利幼兒園,中華民國文教產業發展暨補習服務品保協會,111年8月1日至115年7月31日,"[""347c8be8-1ab1-43ed-a4d0-cdba52c6a9b7"",""a5e0ee45-b08c-455e-85a0-090eadbbd883""]","[""新北市昌福非營利幼兒園（委託明新學校財團法人明新科技大學辦理）"",""新北市昌福非營利幼兒園(委託中華民國文教產業發展暨補習服務品保協會辦理)""]","[""明新學校財團法人明新科技大學"",""中華民國文教產業發展暨補習服務品保協會""]","[""2018/07/20"",""2018/07/20""]","[""a5e0ee45-b08c-455e-85a0-090eadbbd883""]",True,True,2,1,90,[90],True,0,matched,short_name:2_candidate(s);entity:1;operator:1_matched_uuid(s);contract:covered;capacity:exact
N12_昌福_112.json,N12_112,N12,昌福,112,新北市昌福非營利幼兒園,中華民國文教產業發展暨補習服務品保協會,111年8月1日至115年7月31日,"[""347c8be8-1ab1-43ed-a4d0-cdba52c6a9b7"",""a5e0ee45-b08c-455e-85a0-090eadbbd883""]","[""新北市昌福非營利幼兒園（委託明新學校財團法人明新科技大學辦理）"",""新北市昌福非營利幼兒園(委託中華民國文教產業發展暨補習服務品保協會辦理)""]","[""明新學校財團法人明新科技大學"",""中華民國文教產業發展暨補習服務品保協會""]","[""2018/07/20"",""2018/07/20""]","[""a5e0ee45-b08c-455e-85a0-090eadbbd883""]",True,True,2,1,90,[90],True,0,matched,short_name:2_candidate(s);entity:1;operator:1_matched_uuid(s);contract:covered;capacity:exact
N12_昌福_113.json,N12_113,N12,昌福,113,新北市昌福非營利幼兒園,中華民國文教產業發展暨補習服務品保協會,111年8月1日至115年7月31日,"[""347c8be8-1ab1-43ed-a4d0-cdba52c6a9b7"",""a5e0ee45-b08c-455e-85a0-090eadbbd883""]","[""新北市昌福非營利幼兒園（委託明新學校財團法人明新科技大學辦理）"",""新北市昌福非營利幼兒園(委託中華民國文教產業發展暨補習服務品保協會辦理)""]","[""明新學校財團法人明新科技大學"",""中華民國文教產業發展暨補習服務品保協會""]","[""2018/07/20"",""2018/07/20""]","[""a5e0ee45-b08c-455e-85a0-090eadbbd883""]",True,True,2,1,78,[90],False,12,matched,short_name:2_candidate(s);entity:1;operator:1_matched_uuid(s);contract:covered;capacity:gap:12
N13_三多_110.json,N13_110,N13,三多,110,新北市三多非營利幼兒園,廣亞學校財團法人設立之廣亞學校財團法人育達科技大學,107年8月1日至111年7月31日,"[""9964b703-c847-4041-aa17-2066a070634c"",""cc3aa836-3d27-4842-9d9c-a8c091f52722""]","[""新北市三多非營利幼兒園(委託社團法人中華巧耕多元教育發展協會辦理)"",""新北市三多非營利幼兒園(委託廣亞學校財團法人設立之廣亞學校財團法人育達科技大學辦理)""]","[""社團法人中華巧耕多元教育發展協會"",""廣亞學校財團法人設立之廣亞學校財團法人育達科技大學""]","[""2018/07/20"",""2018/07/20""]","[""cc3aa836-3d27-4842-9d9c-a8c091f52722""]",True,True,2,1,90,[90],True,0,matched,short_name:2_candidate(s);entity:1;operator:1_matched_uuid(s);contract:covered;capacity:exact
N13_三多_111.json,N13_111,N13,三多,111,新北市三多非營利幼兒園,廣亞學校財團法人設立之廣亞學校財團法人育達科技大學,111年8月1日至115年7月31日,"[""9964b703-c847-4041-aa17-2066a070634c"",""cc3aa836-3d27-4842-9d9c-a8c091f52722""]","[""新北市三多非營利幼兒園(委託社團法人中華巧耕多元教育發展協會辦理)"",""新北市三多非營利幼兒園(委託廣亞學校財團法人設立之廣亞學校財團法人育達科技大學辦理)""]","[""社團法人中華巧耕多元教育發展協會"",""廣亞學校財團法人設立之廣亞學校財團法人育達科技大學""]","[""2018/07/20"",""2018/07/20""]","[""cc3aa836-3d27-4842-9d9c-a8c091f52722""]",True,True,2,1,90,[90],True,0,matched,short_name:2_candidate(s);entity:1;operator:1_matched_uuid(s);contract:covered;capacity:exact
N13_三多_112.json,N13_112,N13,三多,112,新北市三多非營利幼兒園,廣亞學校財團法人設立之廣亞學校財團法人育達科技大學,111年8月1日至115年7月31日,"[""9964b703-c847-4041-aa17-2066a070634c"",""cc3aa836-3d27-4842-9d9c-a8c091f52722""]","[""新北市三多非營利幼兒園(委託社團法人中華巧耕多元教育發展協會辦理)"",""新北市三多非營利幼兒園(委託廣亞學校財團法人設立之廣亞學校財團法人育達科技大學辦理)""]","[""社團法人中華巧耕多元教育發展協會"",""廣亞學校財團法人設立之廣亞學校財團法人育達科技大學""]","[""2018/07/20"",""2018/07/20""]","[""cc3aa836-3d27-4842-9d9c-a8c091f52722""]",True,True,2,1,90,[90],True,0,matched,short_name:2_candidate(s);entity:1;operator:1_matched_uuid(s);contract:covered;capacity:exact
N13_三多_113.json,N13_113,N13,三多,113,新北市三多非營利幼兒園,廣亞學校財團法人設立之廣亞學校財團法人育達科技大學,111年8月1日至115年7月31日,"[""9964b703-c847-4041-aa17-2066a070634c"",""cc3aa836-3d27-4842-9d9c-a8c091f52722""]","[""新北市三多非營利幼兒園(委託社團法人中華巧耕多元教育發展協會辦理)"",""新北市三多非營利幼兒園(委託廣亞學校財團法人設立之廣亞學校財團法人育達科技大學辦理)""]","[""社團法人中華巧耕多元教育發展協會"",""廣亞學校財團法人設立之廣亞學校財團法人育達科技大學""]","[""2018/07/20"",""2018/07/20""]","[""cc3aa836-3d27-4842-9d9c-a8c091f52722""]",True,True,2,1,84,[90],False,6,matched,short_name:2_candidate(s);entity:1;operator:1_matched_uuid(s);contract:covered;capacity:gap:6
N14_積穗_110.json,N14_110,N14,積穗,110,新北市積穗非營利幼兒園,財團法人三之三生命教育基金會,107年8月1日至111年7月31日,"[""ed0c991d-b61b-4a7c-8802-db5b087c6500""]","[""新北市積穗非營利幼兒園(委託財團法人三之三生命教育基金會辦理)""]","[""財團法人三之三生命教育基金會""]","[""2018/07/20""]","[""ed0c991d-b61b-4a7c-8802-db5b087c6500""]",True,True,1,1,106,[196],False,90,matched,short_name:1_candidate(s);entity:1;operator:1_matched_uuid(s);contract:covered;capacity:gap:90
N14_積穗_111.json,N14_111,N14,積穗,111,新北市積穗非營利幼兒園,財團法人三之三生命教育基金會,111年8月1日至115年7月31日,"[""ed0c991d-b61b-4a7c-8802-db5b087c6500""]","[""新北市積穗非營利幼兒園(委託財團法人三之三生命教育基金會辦理)""]","[""財團法人三之三生命教育基金會""]","[""2018/07/20""]","[""ed0c991d-b61b-4a7c-8802-db5b087c6500""]",True,True,1,1,106,[196],False,90,matched,short_name:1_candidate(s);entity:1;operator:1_matched_uuid(s);contract:covered;capacity:gap:90
N14_積穗_112.json,N14_112,N14,積穗,112,新北市積穗非營利幼兒園,財團法人三之三生命教育基金會,111年8月1日至115年7月31日,"[""ed0c991d-b61b-4a7c-8802-db5b087c6500""]","[""新北市積穗非營利幼兒園(委託財團法人三之三生命教育基金會辦理)""]","[""財團法人三之三生命教育基金會""]","[""2018/07/20""]","[""ed0c991d-b61b-4a7c-8802-db5b087c6500""]",True,True,1,1,106,[196],False,90,matched,short_name:1_candidate(s);entity:1;operator:1_matched_uuid(s);contract:covered;capacity:gap:90
N14_積穗_113.json,N14_113,N14,積穗,113,新北市積穗非營利幼兒園,財團法人三之三生命教育基金會,111年8月1日至115年7月31日,"[""ed0c991d-b61b-4a7c-8802-db5b087c6500""]","[""新北市積穗非營利幼兒園(委託財團法人三之三生命教育基金會辦理)""]","[""財團法人三之三生命教育基金會""]","[""2018/07/20""]","[""ed0c991d-b61b-4a7c-8802-db5b087c6500""]",True,True,1,1,172,[196],False,24,matched,short_name:1_candidate(s);entity:1;operator:1_matched_uuid(s);contract:covered;capacity:gap:24
N15_新月_110.json,N15_110,N15,新月,110,新北市新月非營利幼兒園,財團法人彭婉如文教基金會,107年8月1日至111年7月31日,"[""7d72d332-351e-4342-9050-09672d9f599d""]","[""新北市新月非營利幼兒園(委託財團法人彭婉如文教基金會辦理)""]","[""財團法人彭婉如文教基金會""]","[""2018/07/20""]","[""7d72d332-351e-4342-9050-09672d9f599d""]",True,True,1,1,182,[484],False,302,matched,short_name:1_candidate(s);entity:1;operator:1_matched_uuid(s);contract:covered;capacity:gap:302
N15_新月_111.json,N15_111,N15,新月,111,新北市新月非營利幼兒園,財團法人彭婉如文教基金會,111年8月1日至115年7月31日,"[""7d72d332-351e-4342-9050-09672d9f599d""]","[""新北市新月非營利幼兒園(委託財團法人彭婉如文教基金會辦理)""]","[""財團法人彭婉如文教基金會""]","[""2018/07/20""]","[""7d72d332-351e-4342-9050-09672d9f599d""]",True,True,1,1,182,[484],False,302,matched,short_name:1_candidate(s);entity:1;operator:1_matched_uuid(s);contract:covered;capacity:gap:302
N15_新月_112.json,N15_112,N15,新月,112,新北市新月非營利幼兒園,財團法人彭婉如文教基金會,111年8月1日至115年7月31日,"[""7d72d332-351e-4342-9050-09672d9f599d""]","[""新北市新月非營利幼兒園(委託財團法人彭婉如文教基金會辦理)""]","[""財團法人彭婉如文教基金會""]","[""2018/07/20""]","[""7d72d332-351e-4342-9050-09672d9f599d""]",True,True,1,1,176,[484],False,308,matched,short_name:1_candidate(s);entity:1;operator:1_matched_uuid(s);contract:covered;capacity:gap:308
N15_新月_113.json,N15_113,N15,新月,113,新北市新月非營利幼兒園,財團法人彭婉如文教基金會,111年8月1日至115年7月31日,"[""7d72d332-351e-4342-9050-09672d9f599d""]","[""新北市新月非營利幼兒園(委託財團法人彭婉如文教基金會辦理)""]","[""財團法人彭婉如文教基金會""]","[""2018/07/20""]","[""7d72d332-351e-4342-9050-09672d9f599d""]",True,True,1,1,176,[484],False,308,matched,short_name:1_candidate(s);entity:1;operator:1_matched_uuid(s);contract:covered;capacity:gap:308
N16_中平_110.json,N16_110,N16,中平,110,新北市中平非營利幼兒園,社團法人新北市中華國際嬰幼兒發展學會,107年9月1日至111年7月31日,"[""0afcfc9f-3765-4071-b651-5eebd2cd45c3""]","[""新北市中平非營利幼兒園(委託社團法人新北市中華國際嬰幼兒發展學會辦理)""]","[""社團法人新北市中華國際嬰幼兒發展學會""]","[""2018/07/05""]","[""0afcfc9f-3765-4071-b651-5eebd2cd45c3""]",True,True,1,1,120,[120],True,0,matched,short_name:1_candidate(s);entity:1;operator:1_matched_uuid(s);contract:covered;capacity:exact
N16_中平_111.json,N16_111,N16,中平,111,新北市中平非營利幼兒園,社團法人新北市中華國際嬰幼兒發展學會,111年8月1日至115年7月31日,"[""0afcfc9f-3765-4071-b651-5eebd2cd45c3""]","[""新北市中平非營利幼兒園(委託社團法人新北市中華國際嬰幼兒發展學會辦理)""]","[""社團法人新北市中華國際嬰幼兒發展學會""]","[""2018/07/05""]","[""0afcfc9f-3765-4071-b651-5eebd2cd45c3""]",True,True,1,1,120,[120],True,0,matched,short_name:1_candidate(s);entity:1;operator:1_matched_uuid(s);contract:covered;capacity:exact
N16_中平_112.json,N16_112,N16,中平,112,新北市中平非營利幼兒園,社團法人新北市中華國際嬰幼兒發展學會,111年8月1日至115年7月31日,"[""0afcfc9f-3765-4071-b651-5eebd2cd45c3""]","[""新北市中平非營利幼兒園(委託社團法人新北市中華國際嬰幼兒發展學會辦理)""]","[""社團法人新北市中華國際嬰幼兒發展學會""]","[""2018/07/05""]","[""0afcfc9f-3765-4071-b651-5eebd2cd45c3""]",True,True,1,1,120,[120],True,0,matched,short_name:1_candidate(s);entity:1;operator:1_matched_uuid(s);contract:covered;capacity:exact
N16_中平_113.json,N16_113,N16,中平,113,新北市中平非營利幼兒園,社團法人新北市中華國際嬰幼兒發展學會,111年8月1日至115年7月31日,"[""0afcfc9f-3765-4071-b651-5eebd2cd45c3""]","[""新北市中平非營利幼兒園(委託社團法人新北市中華國際嬰幼兒發展學會辦理)""]","[""社團法人新北市中華國際嬰幼兒發展學會""]","[""2018/07/05""]","[""0afcfc9f-3765-4071-b651-5eebd2cd45c3""]",True,True,1,1,112,[120],False,8,matched,short_name:1_candidate(s);entity:1;operator:1_matched_uuid(s);contract:covered;capacity:gap:8
N17_中正_110.json,N17_110,N17,中正,110,新北市中正非營利幼兒園,財團法人三之三生命教育基金會,108年2月1日至111年7月31日,"[""229662e6-3d38-44c4-9862-098b4bfae61b""]","[""新北市中正非營利幼兒園(委託財團法人三之三生命教育基金會辦理)""]","[""財團法人三之三生命教育基金會""]","[""2018/09/27""]","[""229662e6-3d38-44c4-9862-098b4bfae61b""]",True,True,1,1,60,[136],False,76,matched,short_name:1_candidate(s);entity:1;operator:1_matched_uuid(s);contract:covered;capacity:gap:76
N17_中正_111.json,N17_111,N17,中正,111,新北市中正非營利幼兒園,財團法人三之三生命教育基金會,111年8月1日至115年7月31日,"[""229662e6-3d38-44c4-9862-098b4bfae61b""]","[""新北市中正非營利幼兒園(委託財團法人三之三生命教育基金會辦理)""]","[""財團法人三之三生命教育基金會""]","[""2018/09/27""]","[""229662e6-3d38-44c4-9862-098b4bfae61b""]",True,True,1,1,136,[136],True,0,matched,short_name:1_candidate(s);entity:1;operator:1_matched_uuid(s);contract:covered;capacity:exact
N17_中正_112.json,N17_112,N17,中正,112,新北市中正非營利幼兒園,財團法人三之三生命教育基金會,111年8月1日至115年7月31日,"[""229662e6-3d38-44c4-9862-098b4bfae61b""]","[""新北市中正非營利幼兒園(委託財團法人三之三生命教育基金會辦理)""]","[""財團法人三之三生命教育基金會""]","[""2018/09/27""]","[""229662e6-3d38-44c4-9862-098b4bfae61b""]",True,True,1,1,136,[136],True,0,matched,short_name:1_candidate(s);entity:1;operator:1_matched_uuid(s);contract:covered;capacity:exact
N17_中正_113.json,N17_113,N17,中正,113,新北市中正非營利幼兒園,財團法人三之三生命教育基金會,111年8月1日至115年7月31日,"[""229662e6-3d38-44c4-9862-098b4bfae61b""]","[""新北市中正非營利幼兒園(委託財團法人三之三生命教育基金會辦理)""]","[""財團法人三之三生命教育基金會""]","[""2018/09/27""]","[""229662e6-3d38-44c4-9862-098b4bfae61b""]",True,True,1,1,120,[136],False,16,matched,short_name:1_candidate(s);entity:1;operator:1_matched_uuid(s);contract:covered;capacity:gap:16
N18_福營_110.json,N18_110,N18,福營,110,新北市福營非營利幼兒園,社團法人中華兆陽文教發展協會,108年2月1日至111年7月31日,"[""456bc54d-fcd4-4f67-a5dc-bf48a04721d4""]","[""新北市福營非營利幼兒園(委託社團法人中華兆陽文教發展協會辦理)""]","[""社團法人中華兆陽文教發展協會""]","[""2018/10/05""]","[""456bc54d-fcd4-4f67-a5dc-bf48a04721d4""]",True,True,1,1,90,[120],False,30,matched,short_name:1_candidate(s);entity:1;operator:1_matched_uuid(s);contract:covered;capacity:gap:30
N18_福營_111.json,N18_111,N18,福營,111,新北市福營非營利幼兒園,社團法人中華兆陽文教發展協會,111年8月1日至115年7月31日,"[""456bc54d-fcd4-4f67-a5dc-bf48a04721d4""]","[""新北市福營非營利幼兒園(委託社團法人中華兆陽文教發展協會辦理)""]","[""社團法人中華兆陽文教發展協會""]","[""2018/10/05""]","[""456bc54d-fcd4-4f67-a5dc-bf48a04721d4""]",True,True,1,1,120,[120],True,0,matched,short_name:1_candidate(s);entity:1;operator:1_matched_uuid(s);contract:covered;capacity:exact
N18_福營_112.json,N18_112,N18,福營,112,新北市福營非營利幼兒園,社團法人中華兆陽文教發展協會,111年8月1日至115年7月31日,"[""456bc54d-fcd4-4f67-a5dc-bf48a04721d4""]","[""新北市福營非營利幼兒園(委託社團法人中華兆陽文教發展協會辦理)""]","[""社團法人中華兆陽文教發展協會""]","[""2018/10/05""]","[""456bc54d-fcd4-4f67-a5dc-bf48a04721d4""]",True,True,1,1,120,[120],True,0,matched,short_name:1_candidate(s);entity:1;operator:1_matched_uuid(s);contract:covered;capacity:exact
N18_福營_113.json,N18_113,N18,福營,113,新北市福營非營利幼兒園,社團法人中華兆陽文教發展協會,111年8月1日至115年7月31日,"[""456bc54d-fcd4-4f67-a5dc-bf48a04721d4""]","[""新北市福營非營利幼兒園(委託社團法人中華兆陽文教發展協會辦理)""]","[""社團法人中華兆陽文教發展協會""]","[""2018/10/05""]","[""456bc54d-fcd4-4f67-a5dc-bf48a04721d4""]",True,True,1,1,112,[120],False,8,matched,short_name:1_candidate(s);entity:1;operator:1_matched_uuid(s);contract:covered;capacity:gap:8
N19_中園_110.json,N19_110,N19,中園,110,新北市中園非營利幼兒園,財團法人成長文教基金會,108年8月1日至112年7月31日,"[""e130c7b5-0ce6-4bba-9755-aee40d27e305""]","[""新北市中園非營利幼兒園(委託財團法人成長文教基金會辦理)""]","[""財團法人成長文教基金會""]","[""2019/07/30""]","[""e130c7b5-0ce6-4bba-9755-aee40d27e305""]",True,True,1,1,136,[136],True,0,matched,short_name:1_candidate(s);entity:1;operator:1_matched_uuid(s);contract:covered;capacity:exact
N19_中園_111.json,N19_111,N19,中園,111,新北市中園非營利幼兒園,財團法人成長文教基金會,108年8月1日至112年7月31日,"[""e130c7b5-0ce6-4bba-9755-aee40d27e305""]","[""新北市中園非營利幼兒園(委託財團法人成長文教基金會辦理)""]","[""財團法人成長文教基金會""]","[""2019/07/30""]","[""e130c7b5-0ce6-4bba-9755-aee40d27e305""]",True,True,1,1,136,[136],True,0,matched,short_name:1_candidate(s);entity:1;operator:1_matched_uuid(s);contract:covered;capacity:exact
N19_中園_112.json,N19_112,N19,中園,112,新北市中園非營利幼兒園,財團法人成長文教基金會,112年8月1日至116年7月31日,"[""e130c7b5-0ce6-4bba-9755-aee40d27e305""]","[""新北市中園非營利幼兒園(委託財團法人成長文教基金會辦理)""]","[""財團法人成長文教基金會""]","[""2019/07/30""]","[""e130c7b5-0ce6-4bba-9755-aee40d27e305""]",True,True,1,1,136,[136],True,0,matched,short_name:1_candidate(s);entity:1;operator:1_matched_uuid(s);contract:covered;capacity:exact
N19_中園_113.json,N19_113,N19,中園,113,新北市中園非營利幼兒園,財團法人成長文教基金會,112年8月1日至116年7月31日,"[""e130c7b5-0ce6-4bba-9755-aee40d27e305""]","[""新北市中園非營利幼兒園(委託財團法人成長文教基金會辦理)""]","[""財團法人成長文教基金會""]","[""2019/07/30""]","[""e130c7b5-0ce6-4bba-9755-aee40d27e305""]",True,True,1,1,128,[136],False,8,matched,short_name:1_candidate(s);entity:1;operator:1_matched_uuid(s);contract:covered;capacity:gap:8
N20_柏翠_110.json,N20_110,N20,柏翠,110,新北市柏翠非營利幼兒園,財團法人心路社會福利基金會,108年8月1日至112年7月31日（109年2月1日開園）,"[""4787abd9-937a-49fe-b11a-0cac6f97e748""]","[""新北市柏翠非營利幼兒園(委託財團法人心路社會福利基金會辦理)""]","[""財團法人心路社會福利基金會""]","[""2019/10/07""]","[""4787abd9-937a-49fe-b11a-0cac6f97e748""]",True,True,1,1,166,[166],True,0,matched,short_name:1_candidate(s);entity:1;operator:1_matched_uuid(s);contract:covered;capacity:exact
N20_柏翠_111.json,N20_111,N20,柏翠,111,新北市柏翠非營利幼兒園,財團法人心路社會福利基金會,108年8月1日至112年7月31日（109年2月1日開園）,"[""4787abd9-937a-49fe-b11a-0cac6f97e748""]","[""新北市柏翠非營利幼兒園(委託財團法人心路社會福利基金會辦理)""]","[""財團法人心路社會福利基金會""]","[""2019/10/07""]","[""4787abd9-937a-49fe-b11a-0cac6f97e748""]",True,True,1,1,166,[166],True,0,matched,short_name:1_candidate(s);entity:1;operator:1_matched_uuid(s);contract:covered;capacity:exact
N20_柏翠_112.json,N20_112,N20,柏翠,112,新北市柏翠非營利幼兒園,財團法人心路社會福利基金會,112年8月1日至116年7月31日,"[""4787abd9-937a-49fe-b11a-0cac6f97e748""]","[""新北市柏翠非營利幼兒園(委託財團法人心路社會福利基金會辦理)""]","[""財團法人心路社會福利基金會""]","[""2019/10/07""]","[""4787abd9-937a-49fe-b11a-0cac6f97e748""]",True,True,1,1,166,[166],True,0,matched,short_name:1_candidate(s);entity:1;operator:1_matched_uuid(s);contract:covered;capacity:exact
N20_柏翠_113.json,N20_113,N20,柏翠,113,新北市柏翠非營利幼兒園,財團法人心路社會福利基金會,112年8月1日至116年7月31日,"[""4787abd9-937a-49fe-b11a-0cac6f97e748""]","[""新北市柏翠非營利幼兒園(委託財團法人心路社會福利基金會辦理)""]","[""財團法人心路社會福利基金會""]","[""2019/10/07""]","[""4787abd9-937a-49fe-b11a-0cac6f97e748""]",True,True,1,1,156,[166],False,10,matched,short_name:1_candidate(s);entity:1;operator:1_matched_uuid(s);contract:covered;capacity:gap:10
N21_文創_110.json,N21_110,N21,文創,110,新北市文創非營利幼兒園,財團法人三之三生命教育基金會,109年2月1日至112年7月31日,"[""22de9110-5265-4c1a-aa32-6198fc901fbc""]","[""新北市文創非營利幼兒園(委託財團法人三之三生命教育基金會辦理)""]","[""財團法人三之三生命教育基金會""]","[""2020/01/22""]","[""22de9110-5265-4c1a-aa32-6198fc901fbc""]",True,True,1,1,90,[90],True,0,matched,short_name:1_candidate(s);entity:1;operator:1_matched_uuid(s);contract:covered;capacity:exact
N21_文創_111.json,N21_111,N21,文創,111,新北市文創非營利幼兒園,財團法人三之三生命教育基金會,109年2月1日至112年7月31日,"[""22de9110-5265-4c1a-aa32-6198fc901fbc""]","[""新北市文創非營利幼兒園(委託財團法人三之三生命教育基金會辦理)""]","[""財團法人三之三生命教育基金會""]","[""2020/01/22""]","[""22de9110-5265-4c1a-aa32-6198fc901fbc""]",True,True,1,1,90,[90],True,0,matched,short_name:1_candidate(s);entity:1;operator:1_matched_uuid(s);contract:covered;capacity:exact
N21_文創_112.json,N21_112,N21,文創,112,新北市文創非營利幼兒園,財團法人三之三生命教育基金會,112年8月1日至116年7月31日,"[""22de9110-5265-4c1a-aa32-6198fc901fbc""]","[""新北市文創非營利幼兒園(委託財團法人三之三生命教育基金會辦理)""]","[""財團法人三之三生命教育基金會""]","[""2020/01/22""]","[""22de9110-5265-4c1a-aa32-6198fc901fbc""]",True,True,1,1,90,[90],True,0,matched,short_name:1_candidate(s);entity:1;operator:1_matched_uuid(s);contract:covered;capacity:exact
N21_文創_113.json,N21_113,N21,文創,113,新北市文創非營利幼兒園,財團法人三之三生命教育基金會,112年8月1日至116年7月31日,"[""22de9110-5265-4c1a-aa32-6198fc901fbc""]","[""新北市文創非營利幼兒園(委託財團法人三之三生命教育基金會辦理)""]","[""財團法人三之三生命教育基金會""]","[""2020/01/22""]","[""22de9110-5265-4c1a-aa32-6198fc901fbc""]",True,True,1,1,78,[90],False,12,matched,short_name:1_candidate(s);entity:1;operator:1_matched_uuid(s);contract:covered;capacity:gap:12
N22_文仁_110.json,N22_110,N22,文仁,110,新北市文仁非營利幼兒園,社團法人臺灣兒童教育發展協會,109年2月1日至112年7月31日,"[""9307748c-3174-41b4-a581-926ae1dc1a5a""]","[""新北市文仁非營利幼兒園(委託社團法人臺灣兒童教育發展協會辦理)""]","[""社團法人臺灣兒童教育發展協會""]","[""2020/01/22""]","[""9307748c-3174-41b4-a581-926ae1dc1a5a""]",True,True,1,1,90,[90],True,0,matched,short_name:1_candidate(s);entity:1;operator:1_matched_uuid(s);contract:covered;capacity:exact
N22_文仁_111.json,N22_111,N22,文仁,111,新北市文仁非營利幼兒園,社團法人臺灣兒童教育發展協會,109年2月1日至112年7月31日,"[""9307748c-3174-41b4-a581-926ae1dc1a5a""]","[""新北市文仁非營利幼兒園(委託社團法人臺灣兒童教育發展協會辦理)""]","[""社團法人臺灣兒童教育發展協會""]","[""2020/01/22""]","[""9307748c-3174-41b4-a581-926ae1dc1a5a""]",True,True,1,1,90,[90],True,0,matched,short_name:1_candidate(s);entity:1;operator:1_matched_uuid(s);contract:covered;capacity:exact
N22_文仁_112.json,N22_112,N22,文仁,112,新北市文仁非營利幼兒園,社團法人臺灣兒童教育發展協會,112年8月1日至116年7月31日,"[""9307748c-3174-41b4-a581-926ae1dc1a5a""]","[""新北市文仁非營利幼兒園(委託社團法人臺灣兒童教育發展協會辦理)""]","[""社團法人臺灣兒童教育發展協會""]","[""2020/01/22""]","[""9307748c-3174-41b4-a581-926ae1dc1a5a""]",True,True,1,1,90,[90],True,0,matched,short_name:1_candidate(s);entity:1;operator:1_matched_uuid(s);contract:covered;capacity:exact
N22_文仁_113.json,N22_113,N22,文仁,113,新北市文仁非營利幼兒園,社團法人臺灣兒童教育發展協會,112年8月1日至116年7月31日,"[""9307748c-3174-41b4-a581-926ae1dc1a5a""]","[""新北市文仁非營利幼兒園(委託社團法人臺灣兒童教育發展協會辦理)""]","[""社團法人臺灣兒童教育發展協會""]","[""2020/01/22""]","[""9307748c-3174-41b4-a581-926ae1dc1a5a""]",True,True,1,1,84,[90],False,6,matched,short_name:1_candidate(s);entity:1;operator:1_matched_uuid(s);contract:covered;capacity:gap:6
N23_菁湖_110.json,N23_110,N23,菁湖,110,新北市菁湖非營利幼兒園,財團法人三之三生命教育基金會,109年8月1日至113年7月31日（110年2月1日開園）,"[""3749105d-59be-4352-8235-99e388ec1d4c""]","[""新北市菁湖非營利幼兒園(委託財團法人三之三生命教育基金會辦理)""]","[""財團法人三之三生命教育基金會""]","[""2020/10/14""]","[""3749105d-59be-4352-8235-99e388ec1d4c""]",True,True,1,1,106,[106],True,0,matched,short_name:1_candidate(s);entity:1;operator:1_matched_uuid(s);contract:covered;capacity:exact
N23_菁湖_111.json,N23_111,N23,菁湖,111,新北市菁湖非營利幼兒園,財團法人三之三生命教育基金會,109年8月1日至113年7月31日(110年2月1日開園),"[""3749105d-59be-4352-8235-99e388ec1d4c""]","[""新北市菁湖非營利幼兒園(委託財團法人三之三生命教育基金會辦理)""]","[""財團法人三之三生命教育基金會""]","[""2020/10/14""]","[""3749105d-59be-4352-8235-99e388ec1d4c""]",True,True,1,1,106,[106],True,0,matched,short_name:1_candidate(s);entity:1;operator:1_matched_uuid(s);contract:covered;capacity:exact
N23_菁湖_112.json,N23_112,N23,菁湖,112,新北市菁湖非營利幼兒園,財團法人三之三生命教育基金會,109年8月1日至113年7月31日（110年2月1日開園）,"[""3749105d-59be-4352-8235-99e388ec1d4c""]","[""新北市菁湖非營利幼兒園(委託財團法人三之三生命教育基金會辦理)""]","[""財團法人三之三生命教育基金會""]","[""2020/10/14""]","[""3749105d-59be-4352-8235-99e388ec1d4c""]",True,True,1,1,106,[106],True,0,matched,short_name:1_candidate(s);entity:1;operator:1_matched_uuid(s);contract:covered;capacity:exact
N23_菁湖_113.json,N23_113,N23,菁湖,113,新北市菁湖非營利幼兒園,財團法人三之三生命教育基金會,113年8月1日至117年7月31日,"[""3749105d-59be-4352-8235-99e388ec1d4c""]","[""新北市菁湖非營利幼兒園(委託財團法人三之三生命教育基金會辦理)""]","[""財團法人三之三生命教育基金會""]","[""2020/10/14""]","[""3749105d-59be-4352-8235-99e388ec1d4c""]",True,True,1,1,100,[106],False,6,matched,short_name:1_candidate(s);entity:1;operator:1_matched_uuid(s);contract:covered;capacity:gap:6
N24_佳林_110.json,N24_110,N24,佳林,110,新北市佳林非營利幼兒園,社團法人臺灣兒童教育發展協會,110年8月1日至114年7月31日,"[""f3f2154d-e82c-42c4-ae79-dbda89186ea8""]","[""新北市佳林非營利幼兒園(委託社團法人臺灣兒童教育發展協會辦理)""]","[""社團法人臺灣兒童教育發展協會""]","[""2021/07/29""]","[""f3f2154d-e82c-42c4-ae79-dbda89186ea8""]",True,True,1,1,90,[90],True,0,matched,short_name:1_candidate(s);entity:1;operator:1_matched_uuid(s);contract:covered;capacity:exact
N24_佳林_111.json,N24_111,N24,佳林,111,新北市佳林非營利幼兒園,社團法人臺灣兒童教育發展協會,110年8月1日至114年7月31日,"[""f3f2154d-e82c-42c4-ae79-dbda89186ea8""]","[""新北市佳林非營利幼兒園(委託社團法人臺灣兒童教育發展協會辦理)""]","[""社團法人臺灣兒童教育發展協會""]","[""2021/07/29""]","[""f3f2154d-e82c-42c4-ae79-dbda89186ea8""]",True,True,1,1,90,[90],True,0,matched,short_name:1_candidate(s);entity:1;operator:1_matched_uuid(s);contract:covered;capacity:exact
N24_佳林_112.json,N24_112,N24,佳林,112,新北市佳林非營利幼兒園,社團法人臺灣兒童教育發展協會,110年8月1日至114年7月31日,"[""f3f2154d-e82c-42c4-ae79-dbda89186ea8""]","[""新北市佳林非營利幼兒園(委託社團法人臺灣兒童教育發展協會辦理)""]","[""社團法人臺灣兒童教育發展協會""]","[""2021/07/29""]","[""f3f2154d-e82c-42c4-ae79-dbda89186ea8""]",True,True,1,1,90,[90],True,0,matched,short_name:1_candidate(s);entity:1;operator:1_matched_uuid(s);contract:covered;capacity:exact
N24_佳林_113.json,N24_113,N24,佳林,113,新北市佳林非營利幼兒園,社團法人臺灣兒童教育發展協會,110年8月1日至114年7月31日,"[""f3f2154d-e82c-42c4-ae79-dbda89186ea8""]","[""新北市佳林非營利幼兒園(委託社團法人臺灣兒童教育發展協會辦理)""]","[""社團法人臺灣兒童教育發展協會""]","[""2021/07/29""]","[""f3f2154d-e82c-42c4-ae79-dbda89186ea8""]",True,True,1,1,78,[90],False,12,matched,short_name:1_candidate(s);entity:1;operator:1_matched_uuid(s);contract:covered;capacity:gap:12
N25_碧城_110.json,N25_110,N25,碧城,110,新北市碧城非營利幼兒園,社團法人中華音樂舞蹈暨表演藝術教育協會,110年8月1日至114年7月31日,"[""6222faa7-3ddc-4b56-b34f-579311f363d2"",""dfe33fb7-a85f-49e0-97e2-458db82b2df7""]","[""新北市碧城非營利幼兒園(委託財團法人仁德醫護管理專科學校辦理)"",""新北市碧城非營利幼兒園(委託社團法人中華音樂舞蹈暨表演藝術教育協會辦理)""]","[""財團法人仁德醫護管理專科學校"",""社團法人中華音樂舞蹈暨表演藝術教育協會""]","[""2021/07/30"",""2021/07/30""]","[""dfe33fb7-a85f-49e0-97e2-458db82b2df7""]",True,True,2,1,120,[120],True,0,matched,short_name:2_candidate(s);entity:1;operator:1_matched_uuid(s);contract:covered;capacity:exact
N25_碧城_111.json,N25_111,N25,碧城,111,新北市碧城非營利幼兒園,社團法人中華音樂舞蹈暨表演藝術教育協會,110年8月1日至114年7月31日,"[""6222faa7-3ddc-4b56-b34f-579311f363d2"",""dfe33fb7-a85f-49e0-97e2-458db82b2df7""]","[""新北市碧城非營利幼兒園(委託財團法人仁德醫護管理專科學校辦理)"",""新北市碧城非營利幼兒園(委託社團法人中華音樂舞蹈暨表演藝術教育協會辦理)""]","[""財團法人仁德醫護管理專科學校"",""社團法人中華音樂舞蹈暨表演藝術教育協會""]","[""2021/07/30"",""2021/07/30""]","[""dfe33fb7-a85f-49e0-97e2-458db82b2df7""]",True,True,2,1,120,[120],True,0,matched,short_name:2_candidate(s);entity:1;operator:1_matched_uuid(s);contract:covered;capacity:exact
N25_碧城_112.json,N25_112,N25,碧城,112,新北市碧城非營利幼兒園,社團法人中華音樂舞蹈暨表演藝術教育協會,110年8月1日至114年7月31日,"[""6222faa7-3ddc-4b56-b34f-579311f363d2"",""dfe33fb7-a85f-49e0-97e2-458db82b2df7""]","[""新北市碧城非營利幼兒園(委託財團法人仁德醫護管理專科學校辦理)"",""新北市碧城非營利幼兒園(委託社團法人中華音樂舞蹈暨表演藝術教育協會辦理)""]","[""財團法人仁德醫護管理專科學校"",""社團法人中華音樂舞蹈暨表演藝術教育協會""]","[""2021/07/30"",""2021/07/30""]","[""dfe33fb7-a85f-49e0-97e2-458db82b2df7""]",True,True,2,1,120,[120],True,0,matched,short_name:2_candidate(s);entity:1;operator:1_matched_uuid(s);contract:covered;capacity:exact
N25_碧城_113.json,N25_113,N25,碧城,113,新北市碧城非營利幼兒園,社團法人中華音樂舞蹈暨表演藝術教育協會,110年8月1日至114年7月31日,"[""6222faa7-3ddc-4b56-b34f-579311f363d2"",""dfe33fb7-a85f-49e0-97e2-458db82b2df7""]","[""新北市碧城非營利幼兒園(委託財團法人仁德醫護管理專科學校辦理)"",""新北市碧城非營利幼兒園(委託社團法人中華音樂舞蹈暨表演藝術教育協會辦理)""]","[""財團法人仁德醫護管理專科學校"",""社團法人中華音樂舞蹈暨表演藝術教育協會""]","[""2021/07/30"",""2021/07/30""]","[""dfe33fb7-a85f-49e0-97e2-458db82b2df7""]",True,True,2,1,112,[120],False,8,matched,short_name:2_candidate(s);entity:1;operator:1_matched_uuid(s);contract:covered;capacity:gap:8
N26_新店及人_110.json,N26_110,N26,新店及人,110,新北市新店及人非營利幼兒園,財團法人新北市私立及人高級中學,110年8月1日至114年7月31日,"[""4e18251f-f8cb-4da6-9686-15cdec2af7b0""]","[""新北市新店及人非營利幼兒園(財團法人新北市私立及人高級中學申請辦理)""]","[""財團法人新北市私立及人高級中學""]","[""2021/07/30""]","[""4e18251f-f8cb-4da6-9686-15cdec2af7b0""]",True,True,1,1,120,[120],True,0,matched,short_name:1_candidate(s);entity:1;operator:1_matched_uuid(s);contract:covered;capacity:exact
N26_新店及人_111.json,N26_111,N26,新店及人,111,新北市新店及人非營利幼兒園,財團法人新北市私立及人高級中學,110年8月1日至114年7月31日,"[""4e18251f-f8cb-4da6-9686-15cdec2af7b0""]","[""新北市新店及人非營利幼兒園(財團法人新北市私立及人高級中學申請辦理)""]","[""財團法人新北市私立及人高級中學""]","[""2021/07/30""]","[""4e18251f-f8cb-4da6-9686-15cdec2af7b0""]",True,True,1,1,120,[120],True,0,matched,short_name:1_candidate(s);entity:1;operator:1_matched_uuid(s);contract:covered;capacity:exact
N26_新店及人_112.json,N26_112,N26,新店及人,112,新北市新店及人非營利幼兒園,財團法人新北市私立及人高級中學,110年8月1日至114年7月31日,"[""4e18251f-f8cb-4da6-9686-15cdec2af7b0""]","[""新北市新店及人非營利幼兒園(財團法人新北市私立及人高級中學申請辦理)""]","[""財團法人新北市私立及人高級中學""]","[""2021/07/30""]","[""4e18251f-f8cb-4da6-9686-15cdec2af7b0""]",True,True,1,1,120,[120],True,0,matched,short_name:1_candidate(s);entity:1;operator:1_matched_uuid(s);contract:covered;capacity:exact
N26_新店及人_113.json,N26_113,N26,新店及人,113,新北市新店及人非營利幼兒園,財團法人新北市私立及人高級中學,110年8月1日至114年7月31日,"[""4e18251f-f8cb-4da6-9686-15cdec2af7b0""]","[""新北市新店及人非營利幼兒園(財團法人新北市私立及人高級中學申請辦理)""]","[""財團法人新北市私立及人高級中學""]","[""2021/07/30""]","[""4e18251f-f8cb-4da6-9686-15cdec2af7b0""]",True,True,1,1,104,[120],False,16,matched,short_name:1_candidate(s);entity:1;operator:1_matched_uuid(s);contract:covered;capacity:gap:16
N27_育平_110.json,N27_110,N27,育平,110,新北市育平非營利幼兒園,財團法人彭婉如文教基金會,110年8月1日至114年7月31日,"[""9fc7e4ca-96c3-4a6b-8827-1a733573cc4e""]","[""新北市育平非營利幼兒園（委託財團法人彭婉如文教基金會辦理）""]","[""財團法人彭婉如文教基金會""]","[""2021/07/30""]","[""9fc7e4ca-96c3-4a6b-8827-1a733573cc4e""]",True,True,1,1,106,[106],True,0,matched,short_name:1_candidate(s);entity:1;operator:1_matched_uuid(s);contract:covered;capacity:exact
N27_育平_111.json,N27_111,N27,育平,111,新北市育平非營利幼兒園,財團法人彭婉如文教基金會,110年8月1日至114年7月31日,"[""9fc7e4ca-96c3-4a6b-8827-1a733573cc4e""]","[""新北市育平非營利幼兒園（委託財團法人彭婉如文教基金會辦理）""]","[""財團法人彭婉如文教基金會""]","[""2021/07/30""]","[""9fc7e4ca-96c3-4a6b-8827-1a733573cc4e""]",True,True,1,1,106,[106],True,0,matched,short_name:1_candidate(s);entity:1;operator:1_matched_uuid(s);contract:covered;capacity:exact
N27_育平_112.json,N27_112,N27,育平,112,新北市育平非營利幼兒園,財團法人彭婉如文教基金會,110年8月1日至114年7月31日,"[""9fc7e4ca-96c3-4a6b-8827-1a733573cc4e""]","[""新北市育平非營利幼兒園（委託財團法人彭婉如文教基金會辦理）""]","[""財團法人彭婉如文教基金會""]","[""2021/07/30""]","[""9fc7e4ca-96c3-4a6b-8827-1a733573cc4e""]",True,True,1,1,106,[106],True,0,matched,short_name:1_candidate(s);entity:1;operator:1_matched_uuid(s);contract:covered;capacity:exact
N27_育平_113.json,N27_113,N27,育平,113,新北市育平非營利幼兒園,財團法人彭婉如文教基金會,110年8月1日至114年7月31日,"[""9fc7e4ca-96c3-4a6b-8827-1a733573cc4e""]","[""新北市育平非營利幼兒園（委託財團法人彭婉如文教基金會辦理）""]","[""財團法人彭婉如文教基金會""]","[""2021/07/30""]","[""9fc7e4ca-96c3-4a6b-8827-1a733573cc4e""]",True,True,1,1,100,[106],False,6,matched,short_name:1_candidate(s);entity:1;operator:1_matched_uuid(s);contract:covered;capacity:gap:6
N28_新樂_110.json,N28_110,N28,新樂,110,新北市新樂非營利幼兒園,財團法人三之三生命教育基金會,111年2月1日至115年7月31日,"[""98dd921a-95e8-45dd-b69b-64361caa7599""]","[""新北市新樂非營利幼兒園(委託財團法人三之三生命教育基金會辦理)""]","[""財團法人三之三生命教育基金會""]","[""2022/01/13""]","[""98dd921a-95e8-45dd-b69b-64361caa7599""]",True,True,1,1,212,[212],True,0,matched,short_name:1_candidate(s);entity:1;operator:1_matched_uuid(s);contract:covered;capacity:exact
N28_新樂_111.json,N28_111,N28,新樂,111,新北市新樂非營利幼兒園,財團法人三之三生命教育基金會,111年2月1日至115年7月31日,"[""98dd921a-95e8-45dd-b69b-64361caa7599""]","[""新北市新樂非營利幼兒園(委託財團法人三之三生命教育基金會辦理)""]","[""財團法人三之三生命教育基金會""]","[""2022/01/13""]","[""98dd921a-95e8-45dd-b69b-64361caa7599""]",True,True,1,1,212,[212],True,0,matched,short_name:1_candidate(s);entity:1;operator:1_matched_uuid(s);contract:covered;capacity:exact
N28_新樂_112.json,N28_112,N28,新樂,112,新北市新樂非營利幼兒園,財團法人三之三生命教育基金會,111年2月1日至115年7月31日,"[""98dd921a-95e8-45dd-b69b-64361caa7599""]","[""新北市新樂非營利幼兒園(委託財團法人三之三生命教育基金會辦理)""]","[""財團法人三之三生命教育基金會""]","[""2022/01/13""]","[""98dd921a-95e8-45dd-b69b-64361caa7599""]",True,True,1,1,212,[212],True,0,matched,short_name:1_candidate(s);entity:1;operator:1_matched_uuid(s);contract:covered;capacity:exact
N28_新樂_113.json,N28_113,N28,新樂,113,新北市新樂非營利幼兒園,財團法人三之三生命教育基金會,111年2月1日至115年7月31日,"[""98dd921a-95e8-45dd-b69b-64361caa7599""]","[""新北市新樂非營利幼兒園(委託財團法人三之三生命教育基金會辦理)""]","[""財團法人三之三生命教育基金會""]","[""2022/01/13""]","[""98dd921a-95e8-45dd-b69b-64361caa7599""]",True,True,1,1,200,[212],False,12,matched,short_name:1_candidate(s);entity:1;operator:1_matched_uuid(s);contract:covered;capacity:gap:12
N29_東湖_111.json,N29_111,N29,東湖,111,新北市東湖非營利幼兒園,社團法人新北市巧湖溫馨關懷發展協會,111年8月1日至115年7月31日(111年8月30日開園),"[""4bf18dc4-942a-4828-9148-cfa150085748""]","[""新北市東湖非營利幼兒園(委託社團法人新北市巧湖溫馨關懷發展協會辦理)""]","[""社團法人新北市巧湖溫馨關懷發展協會""]","[""2022/08/30""]","[""4bf18dc4-942a-4828-9148-cfa150085748""]",True,True,1,1,242,[242],True,0,matched,short_name:1_candidate(s);entity:1;operator:1_matched_uuid(s);contract:covered;capacity:exact
N29_東湖_112.json,N29_112,N29,東湖,112,新北市東湖非營利幼兒園,社團法人新北市巧湖溫馨關懷發展協會,111年8月1日至115年7月31日（111年8月30日開園）,"[""4bf18dc4-942a-4828-9148-cfa150085748""]","[""新北市東湖非營利幼兒園(委託社團法人新北市巧湖溫馨關懷發展協會辦理)""]","[""社團法人新北市巧湖溫馨關懷發展協會""]","[""2022/08/30""]","[""4bf18dc4-942a-4828-9148-cfa150085748""]",True,True,1,1,242,[242],True,0,matched,short_name:1_candidate(s);entity:1;operator:1_matched_uuid(s);contract:covered;capacity:exact
N29_東湖_113.json,N29_113,N29,東湖,113,新北市東湖非營利幼兒園,社團法人新北市巧湖溫馨關懷發展協會,111年8月1日至115年7月31日（111年8月30日開園）,"[""4bf18dc4-942a-4828-9148-cfa150085748""]","[""新北市東湖非營利幼兒園(委託社團法人新北市巧湖溫馨關懷發展協會辦理)""]","[""社團法人新北市巧湖溫馨關懷發展協會""]","[""2022/08/30""]","[""4bf18dc4-942a-4828-9148-cfa150085748""]",True,True,1,1,228,[242],False,14,matched,short_name:1_candidate(s);entity:1;operator:1_matched_uuid(s);contract:covered;capacity:gap:14
N30_文中_111.json,N30_111,N30,文中,111,新北市文中非營利幼兒園,財團法人三之三生命教育基金會,111年8月1日至115年7月31日（111年9月30日開園）,"[""80f53df3-89c9-4966-b901-4678f91b35fe"",""f7abc125-4419-446b-91bd-cfc594b79a67""]","[""新北市文中非營利幼兒園(委託財團法人三之三生命教育基金會辦理)"",""新北市文中非營利幼兒園（委託社團法人臺灣澄芽全人文教發展協會辦理）""]","[""財團法人三之三生命教育基金會"",""社團法人臺灣澄芽全人文教發展協會""]","[""2022/09/16"",""2022/09/16""]","[""80f53df3-89c9-4966-b901-4678f91b35fe""]",True,True,2,1,106,[106],True,0,matched,short_name:2_candidate(s);entity:1;operator:1_matched_uuid(s);contract:covered;capacity:exact
N30_文中_112.json,N30_112,N30,文中,112,新北市文中非營利幼兒園,財團法人三之三生命教育基金會,111年8月1日至115年7月31日（111年9月30日開園）,"[""80f53df3-89c9-4966-b901-4678f91b35fe"",""f7abc125-4419-446b-91bd-cfc594b79a67""]","[""新北市文中非營利幼兒園(委託財團法人三之三生命教育基金會辦理)"",""新北市文中非營利幼兒園（委託社團法人臺灣澄芽全人文教發展協會辦理）""]","[""財團法人三之三生命教育基金會"",""社團法人臺灣澄芽全人文教發展協會""]","[""2022/09/16"",""2022/09/16""]","[""80f53df3-89c9-4966-b901-4678f91b35fe""]",True,True,2,1,106,[106],True,0,matched,short_name:2_candidate(s);entity:1;operator:1_matched_uuid(s);contract:covered;capacity:exact
N30_文中_113.json,N30_113,N30,文中,113,新北市文中非營利幼兒園,財團法人三之三生命教育基金會,111年8月1日至115年7月31日（111年9月30日開園）,"[""80f53df3-89c9-4966-b901-4678f91b35fe"",""f7abc125-4419-446b-91bd-cfc594b79a67""]","[""新北市文中非營利幼兒園(委託財團法人三之三生命教育基金會辦理)"",""新北市文中非營利幼兒園（委託社團法人臺灣澄芽全人文教發展協會辦理）""]","[""財團法人三之三生命教育基金會"",""社團法人臺灣澄芽全人文教發展協會""]","[""2022/09/16"",""2022/09/16""]","[""80f53df3-89c9-4966-b901-4678f91b35fe""]",True,True,2,1,100,[106],False,6,matched,short_name:2_candidate(s);entity:1;operator:1_matched_uuid(s);contract:covered;capacity:gap:6
N31_翠中_111.json,N31_111,N31,翠中,111,新北市翠中非營利幼兒園,財團法人三之三生命教育基金會,111年8月1日至115年7月31日（111年9月30日開園）,"[""ba7d7e03-b5cb-417b-93d5-2b3606bdd93f""]","[""新北市翠中非營利幼兒園(委託財團法人三之三生命教育基金會辦理)""]","[""財團法人三之三生命教育基金會""]","[""2022/08/31""]","[""ba7d7e03-b5cb-417b-93d5-2b3606bdd93f""]",True,True,1,1,90,[90],True,0,matched,short_name:1_candidate(s);entity:1;operator:1_matched_uuid(s);contract:covered;capacity:exact
N31_翠中_112.json,N31_112,N31,翠中,112,新北市翠中非營利幼兒園,財團法人三之三生命教育基金會,111年8月1日至115年7月31日（111年9月30日開園）,"[""ba7d7e03-b5cb-417b-93d5-2b3606bdd93f""]","[""新北市翠中非營利幼兒園(委託財團法人三之三生命教育基金會辦理)""]","[""財團法人三之三生命教育基金會""]","[""2022/08/31""]","[""ba7d7e03-b5cb-417b-93d5-2b3606bdd93f""]",True,True,1,1,90,[90],True,0,matched,short_name:1_candidate(s);entity:1;operator:1_matched_uuid(s);contract:covered;capacity:exact
N31_翠中_113.json,N31_113,N31,翠中,113,新北市翠中非營利幼兒園,財團法人三之三生命教育基金會,111年8月1日至115年7月31日（111年9月30日開園）,"[""ba7d7e03-b5cb-417b-93d5-2b3606bdd93f""]","[""新北市翠中非營利幼兒園(委託財團法人三之三生命教育基金會辦理)""]","[""財團法人三之三生命教育基金會""]","[""2022/08/31""]","[""ba7d7e03-b5cb-417b-93d5-2b3606bdd93f""]",True,True,1,1,84,[90],False,6,matched,short_name:1_candidate(s);entity:1;operator:1_matched_uuid(s);contract:covered;capacity:gap:6
N32_板橋員工子女_111.json,N32_111,N32,板橋員工子女,111,新北市政府板橋員工子女非營利幼兒園,財團法人台北基督教女青年會,111年8月1日至115年7月31日,"[""08e74596-075e-4961-ab2d-50301e2f186f""]","[""新北市政府板橋員工子女非營利幼兒園（委託財團法人台北基督教女青年會辦理）""]","[""財團法人台北基督教女青年會""]","[""2003/06/10""]","[""08e74596-075e-4961-ab2d-50301e2f186f""]",True,True,1,1,166,[166],True,0,matched,short_name:1_candidate(s);entity:1;operator:1_matched_uuid(s);contract:covered;capacity:exact
N32_板橋員工子女_112.json,N32_112,N32,板橋員工子女,112,新北市政府板橋員工子女非營利幼兒園,財團法人台北基督教女青年會,111年8月1日至115年7月31日,"[""08e74596-075e-4961-ab2d-50301e2f186f""]","[""新北市政府板橋員工子女非營利幼兒園（委託財團法人台北基督教女青年會辦理）""]","[""財團法人台北基督教女青年會""]","[""2003/06/10""]","[""08e74596-075e-4961-ab2d-50301e2f186f""]",True,True,1,1,166,[166],True,0,matched,short_name:1_candidate(s);entity:1;operator:1_matched_uuid(s);contract:covered;capacity:exact
N32_板橋員工子女_113.json,N32_113,N32,板橋員工子女,113,新北市政府板橋員工子女非營利幼兒園,財團法人台北基督教女青年會,111年8月1日至115年7月31日,"[""08e74596-075e-4961-ab2d-50301e2f186f""]","[""新北市政府板橋員工子女非營利幼兒園（委託財團法人台北基督教女青年會辦理）""]","[""財團法人台北基督教女青年會""]","[""2003/06/10""]","[""08e74596-075e-4961-ab2d-50301e2f186f""]",True,True,1,1,136,[166],False,30,matched,short_name:1_candidate(s);entity:1;operator:1_matched_uuid(s);contract:covered;capacity:gap:30
N33_淡海_112.json,N33_112,N33,淡海,112,新北市淡海非營利幼兒園,財團法人三之三生命教育基金會,112年8月1日至116年7月31日（112年9月28日開園）,"[""311fd89e-984f-4532-8b68-1e5ced7a7a34""]","[""新北市淡海非營利幼兒園(委託財團法人三之三生命教育基金會辦理)""]","[""財團法人三之三生命教育基金會""]","[""2023/09/26""]","[""311fd89e-984f-4532-8b68-1e5ced7a7a34""]",True,True,1,1,182,[182],True,0,matched,short_name:1_candidate(s);entity:1;operator:1_matched_uuid(s);contract:covered;capacity:exact
N33_淡海_113.json,N33_113,N33,淡海,113,新北市淡海非營利幼兒園,財團法人三之三生命教育基金會,112年8月1日至116年7月31日（112年9月28日開園）,"[""311fd89e-984f-4532-8b68-1e5ced7a7a34""]","[""新北市淡海非營利幼兒園(委託財團法人三之三生命教育基金會辦理)""]","[""財團法人三之三生命教育基金會""]","[""2023/09/26""]","[""311fd89e-984f-4532-8b68-1e5ced7a7a34""]",True,True,1,1,152,[182],False,30,matched,short_name:1_candidate(s);entity:1;operator:1_matched_uuid(s);contract:covered;capacity:gap:30
N34_佳和_112.json,N34_112,N34,佳和,112,新北市佳和非營利幼兒園,康寧學校財團法人康寧大學,112年8月1日至116年7月31日（112年9月28日開園）,"[""da28d522-a405-4117-a59a-c4999d79befb""]","[""新北市佳和非營利幼兒園(委託康寧學校財團法人康寧大學辦理)""]","[""康寧學校財團法人康寧大學""]","[""2023/09/26""]","[""da28d522-a405-4117-a59a-c4999d79befb""]",True,True,1,1,106,[106],True,0,matched,short_name:1_candidate(s);entity:1;operator:1_matched_uuid(s);contract:covered;capacity:exact
N34_佳和_113.json,N34_113,N34,佳和,113,新北市佳和非營利幼兒園,康寧學校財團法人康寧大學,112年8月1日至116年7月31日（112年9月28日開園）,"[""da28d522-a405-4117-a59a-c4999d79befb""]","[""新北市佳和非營利幼兒園(委託康寧學校財團法人康寧大學辦理)""]","[""康寧學校財團法人康寧大學""]","[""2023/09/26""]","[""da28d522-a405-4117-a59a-c4999d79befb""]",True,True,1,1,100,[106],False,6,matched,short_name:1_candidate(s);entity:1;operator:1_matched_uuid(s);contract:covered;capacity:gap:6
N35_桃子腳_113.json,N35_113,N35,桃子腳,113,新北市桃子腳非營利幼兒園,財團法人三之三生命教育基金會,113年8月1日至117年7月31日（113年8月30日開園）,"[""4ee41785-7456-4294-9166-45b5152e3314""]","[""新北市桃子腳非營利幼兒園(委託財團法人三之三生命教育基金會辦理)""]","[""財團法人三之三生命教育基金會""]","[""2024/08/26""]","[""4ee41785-7456-4294-9166-45b5152e3314""]",True,True,1,1,200,[242],False,42,matched,short_name:1_candidate(s);entity:1;operator:1_matched_uuid(s);contract:covered;capacity:gap:42
N36_明德_113.json,N36_113,N36,明德,113,新北市明德非營利幼兒園,社團法人中華幼兒創造思考教育學會,113年8月1日至117年7月31日（113年9月27日開園）,"[""97521d7f-b4cc-4e19-967e-3220c1efecb7""]","[""新北市明德非營利幼兒園（委託社團法人中華幼兒創造思考教育學會辦理）""]","[""社團法人中華幼兒創造思考教育學會""]","[""2024/09/23""]","[""97521d7f-b4cc-4e19-967e-3220c1efecb7""]",True,True,1,1,88,[106],False,18,matched,short_name:1_candidate(s);entity:1;operator:1_matched_uuid(s);contract:covered;capacity:gap:18
N37_清水高中_113.json,N37_113,N37,清水高中,113,新北市清水高中非營利幼兒園,財團法人台北市中華基督教青年會,113年8月1日至117年7月31日（113年9月27日開園）,"[""1e5ca79c-2cac-44b8-9474-346a7555064d""]","[""新北市清水高中非營利幼兒園(委託財團法人台北市中華基督教青年會辦理)""]","[""財團法人台北市中華基督教青年會""]","[""2024/09/05""]","[""1e5ca79c-2cac-44b8-9474-346a7555064d""]",True,True,1,1,72,[90],False,18,matched,short_name:1_candidate(s);entity:1;operator:1_matched_uuid(s);contract:covered;capacity:gap:18
N38_崁頂_113.json,N38_113,N38,崁頂,113,新北市崁頂非營利幼兒園,財團法人三之三生命教育基金會,113年8月1日至117年7月31日（113年9月27日開園）,"[""e5c732cf-e5da-4c08-8bf7-b4a9b8c36140""]","[""新北市崁頂非營利幼兒園(委託財團法人三之三生命教育基金會辦理)""]","[""財團法人三之三生命教育基金會""]","[""2024/09/24""]","[""e5c732cf-e5da-4c08-8bf7-b4a9b8c36140""]",True,True,1,1,224,[272],False,48,matched,short_name:1_candidate(s);entity:1;operator:1_matched_uuid(s);contract:covered;capacity:gap:48
